[
  {
    "name": "Anatomy: Human Neuroanatomy",
    "level": "Introductory",
    "desciption": "Learn about the different parts of the central nervous system and how they work together with the entire body.",
    "catagory": "Biology & Life Sciences",
    "subCatagory": "Anatomy",
    "time": "Estimated 8 weeks",
    "provider": "MichiganX",
    "source": "edx",
    "Audit": "Free",
    "certificate": "Optional upgrade available",
    "courseLink": "https://www.edx.org/course/anatomy-human-neuroanatomy",
    "enrolled": "57,757 already enrolled! After a course session ends, it will be",
    "rating": 4.1,
    "image": "https://prod-discovery.edx-cdn.org/media/course/image/b7b5144a-cb9e-40e1-927b-c4843f7d9436-216a82156284.small.jpg"
  },
  {
    "name": "Anatomy: Cardiovascular, Urinary, and Respiratory Systems",
    "level": "Introductory",
    "desciption": "Learn the multifaceted structures and functions of the cardiovascular, urinary, and respiratory systems.",
    "catagory": "Biology & Life Sciences",
    "subCatagory": "Anatomy",
    "time": "Estimated 4 weeks",
    "provider": "MichiganX",
    "source": "edx",
    "Audit": "Free",
    "certificate": "Optional upgrade available",
    "courseLink": "https://www.edx.org/course/anatomy-cardiovascular-urinary-and-respiratory-sys",
    "enrolled": "43,298 already enrolled! After a course session ends, it will be",
    "rating": 4.7,
    "image": "https://prod-discovery.edx-cdn.org/media/course/image/fa46eedb-ca0b-414c-abd6-fcad5a652c59-ba488b2999b5.small.jpg"
  },
  {
    "name": "Evaluating Animal Breeding Programmes",
    "level": "Intermediate",
    "desciption": "Learn how to evaluate an ongoing breeding programme in terms of both genetic progress and genetic diversity, and how to translate that genetic progress from the breeding programme to the farmer’s work.",
    "catagory": "Biology & Life Sciences",
    "subCatagory": "Animal Breeding and Genetics",
    "time": "Estimated 6 weeks",
    "provider": "WageningenX",
    "source": "edx",
    "Audit": "Free",
    "certificate": "Optional upgrade available",
    "courseLink": "https://www.edx.org/course/evaluating-animal-breeding-programmes-2",
    "enrolled": "After a course session ends, it will be",
    "rating": 4,
    "image": "https://prod-discovery.edx-cdn.org/media/course/image/2ca676d1-faae-4290-9334-99d6fcb768f1-01aa4cba73e8.small.png"
  },
  {
    "name": "Genetic Models for Animal Breeding",
    "level": "Intermediate",
    "desciption": "Understand the genetic and statistic principles that enable responsible animal breeding. Learn how to set up a breeding programme and apply genetic models and tools to predict the breeding value. Subscribe to this online course now.",
    "catagory": "Biology & Life Sciences",
    "subCatagory": "Animal Breeding and Genetics",
    "time": "Estimated 6 weeks",
    "provider": "WageningenX",
    "source": "edx",
    "Audit": "Free",
    "certificate": "Optional upgrade available",
    "courseLink": "https://www.edx.org/course/genetic-models-for-animal-breeding-2",
    "enrolled": "13,996 already enrolled! After a course session ends, it will be",
    "rating": 5,
    "image": "https://prod-discovery.edx-cdn.org/media/course/image/83fe6f4d-2509-4d94-a10a-649882b582d5-6a21af3ef4d4.small.jpg"
  },
  {
    "name": "Sustainable Food Security: The value of systems thinking",
    "level": "Introductory",
    "desciption": "Learn how to solve the 'Rubik's cube' of systems thinking and how it's applied to improve the environmental sustainability of food production systems!",
    "catagory": "Biology & Life Sciences",
    "subCatagory": "Food Security and Sustainability",
    "time": "Estimated 6 weeks",
    "provider": "WageningenX",
    "source": "edx",
    "Audit": "Free",
    "certificate": "Optional upgrade available",
    "courseLink": "https://www.edx.org/course/sustainable-food-security-the-value-of-systems-thi",
    "enrolled": "29,343 already enrolled! After a course session ends, it will be",
    "rating": 4.1,
    "image": "https://prod-discovery.edx-cdn.org/media/course/image/9f8562eb-f99b-45c7-b437-799fd0c15b6a-cb60dc2b38c2.small.jpg"
  },
  {
    "name": "Nutrition and Health: Micronutrients and Malnutrition",
    "level": "Intermediate",
    "desciption": "Learn from the top professors of Wageningen University & Research about malnutrition and micronutrients and how they impact your health. This online course is offered as a MOOC, and is part of the Professional Certificate Pogramme: Nutrition and Health.",
    "catagory": "Biology & Life Sciences",
    "subCatagory": "Food, Nutrition and Health",
    "time": "Estimated 7 weeks",
    "provider": "WageningenX",
    "source": "edx",
    "Audit": "Free",
    "certificate": "Optional upgrade available",
    "courseLink": "https://www.edx.org/course/nutrition-and-health-micronutrients-and-malnutriti",
    "enrolled": "86,140 already enrolled! After a course session ends, it will be",
    "rating": 5,
    "image": "https://prod-discovery.edx-cdn.org/media/course/image/93300fc7-2aaf-4efd-ba14-a9628b799daf-52c3e3a337f7.small.jpg"
  },
  {
    "name": "Nutrition and Health: Macronutrients and Overnutrition",
    "level": "Introductory",
    "desciption": "Learn from the top professors of Wageningen University & Research about macronutrients and overnutrition and how they impact humans. This online course is offered as a MOOC, and is part of the Professional Certificate Pogramme: Nutrition and Health.",
    "catagory": "Biology & Life Sciences",
    "subCatagory": "Food, Nutrition and Health",
    "time": "Estimated 9 weeks",
    "provider": "WageningenX",
    "source": "edx",
    "Audit": "Free",
    "certificate": "Optional upgrade available",
    "courseLink": "https://www.edx.org/course/nutrition-and-health-macronutrients-and-overnutrit",
    "enrolled": "222,680 already enrolled! After a course session ends, it will be",
    "rating": 4,
    "image": "https://prod-discovery.edx-cdn.org/media/course/image/c2f0c9cd-6577-4f38-8a31-56c8dd1cf2a4-23151fffb19b.small.jpg"
  },
  {
    "name": "Fundamentals of Neuroscience, Part 3: The Brain",
    "level": "Introductory",
    "desciption": "Discover what makes your brain tick in this third course in our introductory series in neuroscience.",
    "catagory": "Biology & Life Sciences",
    "subCatagory": "Fundamentals of Neuroscience",
    "time": "Estimated 8 weeks",
    "provider": "HarvardX",
    "source": "edx",
    "Audit": "Free",
    "certificate": "Optional upgrade available",
    "courseLink": "https://www.edx.org/course/fundamentals-of-neuroscience-part-3-the-brain",
    "enrolled": "100,618 already enrolled! After a course session ends, it will be",
    "rating": 4.6,
    "image": "https://prod-discovery.edx-cdn.org/media/course/image/70f0c8ed-1644-4c67-a5d9-7111368b4f5f-86416fcb1207.small.png"
  },
  {
    "name": "Fundamentals of Neuroscience, Part 2: Neurons and Networks",
    "level": "Introductory",
    "desciption": "Discover how neurons work together to create complex networks inside the brain.",
    "catagory": "Biology & Life Sciences",
    "subCatagory": "Fundamentals of Neuroscience",
    "time": "Estimated 6 weeks",
    "provider": "HarvardX",
    "source": "edx",
    "Audit": "Free",
    "certificate": "Optional upgrade available",
    "courseLink": "https://www.edx.org/course/fundamentals-of-neuroscience-part-2-neurons-and-ne",
    "enrolled": "97,673 already enrolled! After a course session ends, it will be",
    "rating": 4.8,
    "image": "https://prod-discovery.edx-cdn.org/media/course/image/f3ec0b52-25b8-4f44-a960-e553167fd200-e4782c1966e0.small.png"
  },
  {
    "name": "Fundamentals of Neuroscience, Part 1: The Electrical Properties of the Neuron",
    "level": "Introductory",
    "desciption": "Learn how electricity makes the neurons in your brain tick.",
    "catagory": "Biology & Life Sciences",
    "subCatagory": "Fundamentals of Neuroscience",
    "time": "Estimated 5 weeks",
    "provider": "HarvardX",
    "source": "edx",
    "Audit": "Free",
    "certificate": "Optional upgrade available",
    "courseLink": "https://www.edx.org/course/fundamentals-of-neuroscience-part-1-the-electrical",
    "enrolled": "460,022 already enrolled! After a course session ends, it will be",
    "rating": 4.1,
    "image": "https://prod-discovery.edx-cdn.org/media/course/image/f8042b37-6a21-4afa-b9e2-6f51dcd694db-11fbc288a095.small.png"
  },
  {
    "name": "Human Reproduction",
    "level": "Intermediate",
    "desciption": "Let’s talk about all things relating to human reproduction - from puberty to menopause, to fertility and contraception.",
    "catagory": "Biology & Life Sciences",
    "subCatagory": "Others",
    "time": "Estimated 6 weeks",
    "provider": "AdelaideX",
    "source": "edx",
    "Audit": "Free",
    "certificate": "Optional upgrade available",
    "courseLink": "https://www.edx.org/course/human-reproduction",
    "enrolled": "7,073 already enrolled! After a course session ends, it will be",
    "rating": 4.5,
    "image": "https://prod-discovery.edx-cdn.org/media/course/image/e77ad9c2-8921-4857-9535-3ad16c759832-51cde667b658.small.jpg"
  },
  {
    "name": "Introduction to Lifestyle Medicine",
    "level": "Introductory",
    "desciption": "Gain a basic understanding of the main components of lifestyle medicine as well as the importance of using the coach approach when counseling patients about behavior change.",
    "catagory": "Biology & Life Sciences",
    "subCatagory": "Others",
    "time": "Estimated 8 weeks",
    "provider": "DoaneX",
    "source": "edx",
    "Audit": "Free",
    "certificate": "Optional upgrade available",
    "courseLink": "https://www.edx.org/course/introduction-to-lifestyle-medicine",
    "enrolled": "10,337 already enrolled! After a course session ends, it will be",
    "rating": 4.7,
    "image": "https://prod-discovery.edx-cdn.org/media/course/image/43e3d02c-ec4f-413e-be22-be2fc646afcc-a0ed5d315a04.small.jpg"
  },
  {
    "name": "BioStatistics",
    "level": "Introductory",
    "desciption": "This college-level,credit-eligibleBiostatistics course will teach you the skills required for success in future analytical studies in biology.",
    "catagory": "Biology & Life Sciences",
    "subCatagory": "Others",
    "time": "Estimated 8 weeks",
    "provider": "DoaneX",
    "source": "edx",
    "Audit": "Free",
    "certificate": "Optional upgrade available",
    "courseLink": "https://www.edx.org/course/biostatistics-2",
    "enrolled": "19,522 already enrolled! After a course session ends, it will be",
    "rating": 4.6,
    "image": "https://prod-discovery.edx-cdn.org/media/course/image/b10453db-1fdb-45e1-95ea-69cb84152b98-adde3ee84eb8.small.jpg"
  },
  {
    "name": "Medical Terminology",
    "level": "Introductory",
    "desciption": "Medical terminology is the study of the rules of medical word building. Receive a thorough grounding in basic medical terminology through a study of root words, prefixes and suffixes.",
    "catagory": "Biology & Life Sciences",
    "subCatagory": "Others",
    "time": "Estimated 8 weeks",
    "provider": "DoaneX",
    "source": "edx",
    "Audit": "Free",
    "certificate": "Optional upgrade available",
    "courseLink": "https://www.edx.org/course/medical-terminology",
    "enrolled": "47,198 already enrolled! After a course session ends, it will be",
    "rating": 4,
    "image": "https://prod-discovery.edx-cdn.org/media/course/image/efff5748-4be0-46e0-8762-58c281354435-1a6e7039a56b.small.jpg"
  },
  {
    "name": "Simulation Neuroscience",
    "level": "Advanced",
    "desciption": "Learn how to digitally reconstruct a single neuron to better study the biological mechanisms of brain function, behaviour and disease.",
    "catagory": "Biology & Life Sciences",
    "subCatagory": "Others",
    "time": "Estimated 6 weeks",
    "provider": "EPFLx",
    "source": "edx",
    "Audit": "Free",
    "certificate": "Optional upgrade available",
    "courseLink": "https://www.edx.org/course/simulation-neuroscience",
    "enrolled": "13,058 already enrolled! After a course session ends, it will be",
    "rating": 4.8,
    "image": "https://prod-discovery.edx-cdn.org/media/course/image/bfa161bb-f1da-43a7-988a-38274f5b60c3-8a7faf449a1a.small.jpg"
  },
  {
    "name": "Computational Neuroscience: Neuronal Dynamics of Cognition",
    "level": "Advanced",
    "desciption": "This course explains the mathematical and computational models that are used in the field of theoretical neuroscience to analyze the collective dynamics of thousands of interacting neurons.",
    "catagory": "Biology & Life Sciences",
    "subCatagory": "Others",
    "time": "Estimated 6 weeks",
    "provider": "EPFLx",
    "source": "edx",
    "Audit": "Free",
    "certificate": "Optional upgrade available",
    "courseLink": "https://www.edx.org/course/computational-neuroscience-neuronal-dynamics-of-co",
    "enrolled": "13,238 already enrolled! After a course session ends, it will be",
    "rating": 4.4,
    "image": "https://prod-discovery.edx-cdn.org/media/course/image/d9db31e0-a833-427b-b2f3-77b5b926cf13-5717a658111a.small.jpg"
  },
  {
    "name": "The Multi-scale brain",
    "level": "Advanced",
    "desciption": "This course explores the latest data, models,and techniques for investigating the different levels of the brain. Find new insights and derive new theories.",
    "catagory": "Biology & Life Sciences",
    "subCatagory": "Others",
    "time": "Estimated 7 weeks",
    "provider": "EPFLx",
    "source": "edx",
    "Audit": "Free",
    "certificate": "Optional upgrade available",
    "courseLink": "https://www.edx.org/course/the-multi-scale-brain",
    "enrolled": "After a course session ends, it will be",
    "rating": 4.5,
    "image": "https://prod-discovery.edx-cdn.org/media/course/image/eb4c7c07-45c0-47da-a335-1e8faed928ec-2aba8827000f.small.jpg"
  },
  {
    "name": "MalariaX: Defeating Malaria from the Genes to the Globe",
    "level": "Intermediate",
    "desciption": "How can we eradicate malaria? Explore cutting-edge science and technology, and examine policies needed to control and eliminate malaria.",
    "catagory": "Biology & Life Sciences",
    "subCatagory": "Others",
    "time": "Estimated 8 weeks",
    "provider": "HarvardX",
    "source": "edx",
    "Audit": "Free",
    "certificate": "Optional upgrade available",
    "courseLink": "https://www.edx.org/course/malariax-defeating-malaria-from-the-genes-to-the-g",
    "enrolled": "10,834 already enrolled! After a course session ends, it will be",
    "rating": 4.1,
    "image": "https://prod-discovery.edx-cdn.org/media/course/image/609e7b4b-a642-4f97-ab17-c5643c905666-8e6d8db419e8.small.jpg"
  },
  {
    "name": "Cell Biology: Mitochondria",
    "level": "Introductory",
    "desciption": "A human-centered approach to the fundamentals of cell biology with a focus on the power plants of the cell - mitochondria.",
    "catagory": "Biology & Life Sciences",
    "subCatagory": "Others",
    "time": "Estimated 4 weeks",
    "provider": "HarvardX",
    "source": "edx",
    "Audit": "Free",
    "certificate": "Optional upgrade available",
    "courseLink": "https://www.edx.org/course/cell-biology-mitochondria",
    "enrolled": "83,803 already enrolled! After a course session ends, it will be",
    "rating": 5,
    "image": "https://prod-discovery.edx-cdn.org/media/course/image/9fd3a74d-cf0c-4d0b-b458-6536aeae9f00-03a664dae192.small.jpg"
  },
  {
    "name": "How We See the World: Visual Function and Eye Health",
    "level": "Introductory",
    "desciption": "Develop your understanding of vision and discover how visual functions relate to your daily life. Learn and apply techniques to help you take better care of your eyes.",
    "catagory": "Biology & Life Sciences",
    "subCatagory": "Others",
    "time": "Estimated 6 weeks",
    "provider": "HKPolyUx",
    "source": "edx",
    "Audit": "Free",
    "certificate": "Optional upgrade available",
    "courseLink": "https://www.edx.org/course/how-we-see-the-world-visual-function-and-eye-health",
    "enrolled": "After a course session ends, it will be",
    "rating": 5,
    "image": "https://prod-discovery.edx-cdn.org/media/course/image/863ad8e2-fb3f-47d6-b93e-21f8ce7b8dc2-493a42957c92.small.jpeg"
  },
  {
    "name": "Dinosaur Ecosystems | 恐龙的生态系统 | Los Ecosistemas de los Dinosaurios",
    "level": "Introductory",
    "desciption": "A global adventure to learn how palaeontologists use animal and plant fossils as well as living forms to reconstruct dinosaur ecosystems. 一个环球的探索，了解古生物学家如何运用动植物化石以及现存生物来重建远古恐龙的生态系统。Una aventura global para aprender cómo los paleontólogos utilizan fósiles de animales y plantas, así como organismos vivientes, para reconstruir los ecosistemas en donde vivían los dinosaurios。",
    "catagory": "Biology & Life Sciences",
    "subCatagory": "Others",
    "time": "Estimated 6 weeks",
    "provider": "HKUx",
    "source": "edx",
    "Audit": "Free",
    "certificate": "Optional upgrade available",
    "courseLink": "https://www.edx.org/course/dinosaur-ecosystems",
    "enrolled": "20,007 already enrolled! After a course session ends, it will be",
    "rating": 4.5,
    "image": "https://prod-discovery.edx-cdn.org/media/course/image/30138fc7-3d0b-4344-979a-895d2544c403-d263a3fc111e.small.jpg"
  },
  {
    "name": "Sex from molecules to elephants",
    "level": "Introductory",
    "desciption": "Sex is, intriguingly, the universal mode of animal and plant reproduction. This unique course, filmed entirely on location, contrasts the richness of sex with its evolutionary conserved foundations, exploring the African savanna, Yellowstone national park, coral reefs, museums, and labs.",
    "catagory": "Biology & Life Sciences",
    "subCatagory": "Others",
    "time": "Estimated 12 weeks",
    "provider": "IsraelX",
    "source": "edx",
    "Audit": "Free",
    "certificate": "Optional upgrade available",
    "courseLink": "https://www.edx.org/course/sex-from-molecules-to-elephants",
    "enrolled": "After a course session ends, it will be",
    "rating": 5,
    "image": "https://prod-discovery.edx-cdn.org/media/course/image/64db388c-f483-4351-a85d-8da8f3de8ce0-d9eaddf94fef.small.jpeg"
  },
  {
    "name": "How to analyze a microbiome",
    "level": "Intermediate",
    "desciption": "Learn common analysis techniques to make sense of microbial sequencing data.",
    "catagory": "Biology & Life Sciences",
    "subCatagory": "Others",
    "time": "Estimated 7 weeks",
    "provider": "KULeuvenX",
    "source": "edx",
    "Audit": "Free",
    "certificate": "Optional upgrade available",
    "courseLink": "https://www.edx.org/course/how-to-analyze-a-microbiome",
    "enrolled": "After a course session ends, it will be",
    "rating": 4.5,
    "image": "https://prod-discovery.edx-cdn.org/media/course/image/11d76826-cc8a-4ae6-8681-7ec0f6f2690c-e93766238e15.small.jpeg"
  },
  {
    "name": "The Chemistry of Life",
    "level": "Introductory",
    "desciption": "Learn how to generate ideas at the interface between chemistry and biology.",
    "catagory": "Biology & Life Sciences",
    "subCatagory": "Others",
    "time": "Estimated 13 weeks",
    "provider": "KyotoUx",
    "source": "edx",
    "Audit": "Free",
    "certificate": "Optional upgrade available",
    "courseLink": "https://www.edx.org/course/the-chemistry-of-life",
    "enrolled": "82,013 already enrolled! After a course session ends, it will be",
    "rating": 4.4,
    "image": "https://prod-discovery.edx-cdn.org/media/course/image/0f1d712c-db22-4ae5-9d85-72109b0a5e3e-87cc52911021.small.jpg"
  },
  {
    "name": "The Extremes of Life: Microbes and Their Diversity",
    "level": "Intermediate",
    "desciption": "Microbes are everywhere! Find out how diverse microbial life is, and what their genome sequences tell us.",
    "catagory": "Biology & Life Sciences",
    "subCatagory": "Others",
    "time": "Estimated 4 weeks",
    "provider": "KyotoUx",
    "source": "edx",
    "Audit": "Free",
    "certificate": "Optional upgrade available",
    "courseLink": "https://www.edx.org/course/the-extremes-of-life-microbes-and-their-diversity",
    "enrolled": "12,429 already enrolled! After a course session ends, it will be",
    "rating": 4.4,
    "image": "https://prod-discovery.edx-cdn.org/media/course/image/c2859456-eae0-4e56-a9fa-cafdc4aeb3fd-2e692ba307c0.small.jpg"
  },
  {
    "name": "Making a Cell Therapy: Principles and Practice of Manufacturing",
    "level": "Intermediate",
    "desciption": "Cell therapies, such as CAR-T and stem cell therapies, are an exciting new class of therapeutics with the potential to revolutionize medicine. Learn the biology, engineering, and analytical chemistry behind how these amazing new products are manufactured.",
    "catagory": "Biology & Life Sciences",
    "subCatagory": "Others",
    "time": "Estimated 9 weeks",
    "provider": "MITx",
    "source": "edx",
    "Audit": "Free",
    "certificate": "Optional upgrade available",
    "courseLink": "https://www.edx.org/course/fundamentals-of-cell-therapies-and-their-production",
    "enrolled": "After a course session ends, it will be",
    "rating": 4.5,
    "image": "https://prod-discovery.edx-cdn.org/media/course/image/1ee8e1c7-85c7-4182-a08d-e2a48e3946f8-058048167a7d.small.jpeg"
  },
  {
    "name": "Quantitative Biology Workshop",
    "level": "Intermediate",
    "desciption": "A workshop-style introduction to tools used in biological research. Discover how to analyze data using computational methods.",
    "catagory": "Biology & Life Sciences",
    "subCatagory": "Others",
    "time": "Estimated 9 weeks",
    "provider": "MITx",
    "source": "edx",
    "Audit": "Free",
    "certificate": "Optional upgrade available",
    "courseLink": "https://www.edx.org/course/quantitative-biology-workshop-3",
    "enrolled": "20,601 already enrolled! After a course session ends, it will be",
    "rating": 4.7,
    "image": "https://prod-discovery.edx-cdn.org/media/course/image/37041f86-a1df-4023-8dc8-6f0b2463dbaf-fd4f0c1d71f1.small.jpg"
  },
  {
    "name": "Introduction to Biology - The Secret of Life",
    "level": "Introductory",
    "desciption": "Explore the secret of life through the basics of biochemistry, genetics, molecular biology, recombinant DNA, genomics and rational medicine.",
    "catagory": "Biology & Life Sciences",
    "subCatagory": "Others",
    "time": "Estimated 16 weeks",
    "provider": "MITx",
    "source": "edx",
    "Audit": "Free",
    "certificate": "Optional upgrade available",
    "courseLink": "https://www.edx.org/course/introduction-to-biology-the-secret-of-life-3",
    "enrolled": "176,195 already enrolled! After a course session ends, it will be",
    "rating": 4.3,
    "image": "https://prod-discovery.edx-cdn.org/media/course/image/389d5e5e-7679-467e-b5bb-b21c9c86ca1f-31a7731a68f2.small.jpg"
  },
  {
    "name": "Biochemistry: Biomolecules, Methods, and Mechanisms",
    "level": "Intermediate",
    "desciption": "Enhance your scientific thinking and data analysis skills with this in-depth adventure through biochemistry.",
    "catagory": "Biology & Life Sciences",
    "subCatagory": "Others",
    "time": "Estimated 11 weeks",
    "provider": "MITx",
    "source": "edx",
    "Audit": "Free",
    "certificate": "Optional upgrade available",
    "courseLink": "https://www.edx.org/course/biochemistry-biomolecules-methods-and-mechanisms",
    "enrolled": "25,173 already enrolled! After a course session ends, it will be",
    "rating": 4.8,
    "image": "https://prod-discovery.edx-cdn.org/media/course/image/a1199821-4cc5-4c84-a738-b6aff1450e0b-8f0eafb5f67e.small.jpg"
  },
  {
    "name": "Molecular Biology - Part 1: DNA Replication and Repair",
    "level": "Advanced",
    "desciption": "An in-depth adventure through DNA replication and repair to strengthen your scientific thinking and experimental design skills.",
    "catagory": "Biology & Life Sciences",
    "subCatagory": "Others",
    "time": "Estimated 8 weeks",
    "provider": "MITx",
    "source": "edx",
    "Audit": "Free",
    "certificate": "Optional upgrade available",
    "courseLink": "https://www.edx.org/course/molecular-biology-part-1-dna-replication-and-repair",
    "enrolled": "54,506 already enrolled! After a course session ends, it will be",
    "rating": 4.1,
    "image": "https://prod-discovery.edx-cdn.org/media/course/image/a4d6f55d-1a06-4736-a297-88e964f35e98-a7ab133a0195.small.jpg"
  },
  {
    "name": "Proteins: Biology's Workforce",
    "level": "Intermediate",
    "desciption": "Learn how the protein you eat keeps you alive and healthy by powering key functions from metabolism to DNA replication.",
    "catagory": "Biology & Life Sciences",
    "subCatagory": "Others",
    "time": "Estimated 5 weeks",
    "provider": "RICEx",
    "source": "edx",
    "Audit": "Free",
    "certificate": "Optional upgrade available",
    "courseLink": "https://www.edx.org/course/proteins-biologys-workforce",
    "enrolled": "27,642 already enrolled! After a course session ends, it will be",
    "rating": 4,
    "image": "https://prod-discovery.edx-cdn.org/media/course/image/504095e8-3c00-44f3-bd9d-2a557121265b-e79e8a233ef3.small.jpg"
  },
  {
    "name": "DNA: Biology’s Genetic Code",
    "level": "Intermediate",
    "desciption": "DNA carries the defining data for life in a simple genetic code that comes with its own “back-up” system. Explore DNA structure with us!",
    "catagory": "Biology & Life Sciences",
    "subCatagory": "Others",
    "time": "Estimated 6 weeks",
    "provider": "RICEx",
    "source": "edx",
    "Audit": "Free",
    "certificate": "Optional upgrade available",
    "courseLink": "https://www.edx.org/course/dna-biologys-genetic-code",
    "enrolled": "38,735 already enrolled! After a course session ends, it will be",
    "rating": 4.7,
    "image": "https://prod-discovery.edx-cdn.org/media/course/image/f7b3a875-ac4b-499b-8a58-49826453cfc3-32f8df8b1f77.small.jpg"
  },
  {
    "name": "Autophagy: Research Behind the 2016 Nobel Prize in Physiology or Medicine",
    "level": "Introductory",
    "desciption": "Learn the fundamentals/applications of autophagy through the inspirational story of Yoshinori Ohsumi’s research, for which he was awarded the 2016 Nobel Prize in Physiology or Medicine and an array of other prizes.",
    "catagory": "Biology & Life Sciences",
    "subCatagory": "Others",
    "time": "Estimated 3 weeks",
    "provider": "TokyoTechX",
    "source": "edx",
    "Audit": "Free",
    "certificate": "Optional upgrade available",
    "courseLink": "https://www.edx.org/course/autophagy-research-behind-the-2016-nobel-prize-in",
    "enrolled": "7,589 already enrolled! After a course session ends, it will be",
    "rating": 4.7,
    "image": "https://prod-discovery.edx-cdn.org/media/course/image/6ec9ee63-370d-4159-a074-3c95e621ca21-47cafd3ff4bc.small.jpg"
  },
  {
    "name": "Biospecimen Research Methods",
    "level": "Advanced",
    "desciption": "Improve the quality of your research by learning and applying best practices to collect, store and use biospecimens in your laboratory.",
    "catagory": "Biology & Life Sciences",
    "subCatagory": "Others",
    "time": "Estimated 6 weeks",
    "provider": "UBCx",
    "source": "edx",
    "Audit": "Free",
    "certificate": "Optional upgrade available",
    "courseLink": "https://www.edx.org/course/biospecimen-research-methods-6",
    "enrolled": "After a course session ends, it will be",
    "rating": 4.1,
    "image": "https://prod-discovery.edx-cdn.org/media/course/image/a59e562d-5387-4e00-a4b0-25414edf9da6-75011a61844b.small.png"
  },
  {
    "name": "Tropical coastal ecosystems",
    "level": "Introductory",
    "desciption": "Take the challenge and understand problems and solutions to managing tropical coastal ecosystems.",
    "catagory": "Biology & Life Sciences",
    "subCatagory": "Others",
    "time": "Estimated 9 weeks",
    "provider": "UQx",
    "source": "edx",
    "Audit": "Free",
    "certificate": "Optional upgrade available",
    "courseLink": "https://www.edx.org/course/tropical-coastal-ecosystems",
    "enrolled": "24,881 already enrolled! After a course session ends, it will be",
    "rating": 4.2,
    "image": "https://prod-discovery.edx-cdn.org/media/course/image/16747879-5956-408a-8add-8d9d3b23b373-e5d1bedaec7f.small.jpg"
  },
  {
    "name": "Introduction to Animal Behaviour",
    "level": "Introductory",
    "desciption": "Explore the amazing range and complexity of wild animal behaviour. Discover how animals learn, communicate, find food, avoid predators, and interact socially.",
    "catagory": "Biology & Life Sciences",
    "subCatagory": "Others",
    "time": "Estimated 6 weeks",
    "provider": "WageningenX",
    "source": "edx",
    "Audit": "Free",
    "certificate": "Optional upgrade available",
    "courseLink": "https://www.edx.org/course/introduction-to-animal-behaviour",
    "enrolled": "48,836 already enrolled! After a course session ends, it will be",
    "rating": 5,
    "image": "https://prod-discovery.edx-cdn.org/media/course/image/46fba349-4a28-4a4d-ac9e-2e451b50e00c-a703e051d80d.small.jpg"
  },
  {
    "name": "Aquaponics – the circular food production system",
    "level": "Intermediate",
    "desciption": "Aquaponics is polyculture which combines aquaculture and hydroponics cultivation, i.e. fish farming and soil-independent food production, in a circulatory system with the aim of recycling nutrients from fish farming wastewater. In this MOOC course of the ZHAW you will learn the most important points about aquaponics and how to plan and design such a sustainable production system.",
    "catagory": "Biology & Life Sciences",
    "subCatagory": "Others",
    "time": "Estimated 6 weeks",
    "provider": "ZHAWx",
    "source": "edx",
    "Audit": "Free",
    "certificate": "Optional upgrade available",
    "courseLink": "https://www.edx.org/course/aquaponics-the-circular-food-production-system",
    "enrolled": "After a course session ends, it will be",
    "rating": 4,
    "image": "https://prod-discovery.edx-cdn.org/media/course/image/f295a889-a794-4746-a43e-4ac77162be57-d71ae68ce3fd.small.jpeg"
  },
  {
    "name": "Food Fermentation: The Science of Cooking with Microbes",
    "level": "Introductory",
    "desciption": "In Food Fermentation: The Science of Cooking with Microbes, explore the roles that microbes play in the production, preservation, and enhancement of diverse foods in a variety of culinary traditions, and learn about the history of food fermentations.",
    "catagory": "Biology & Life Sciences",
    "subCatagory": "The Science of Cooking",
    "time": "Estimated 14 weeks",
    "provider": "HarvardX",
    "source": "edx",
    "Audit": "Free",
    "certificate": "Optional upgrade available",
    "courseLink": "https://www.edx.org/course/fermentation-cooking-with-microbes",
    "enrolled": "21,087 already enrolled! After a course session ends, it will be",
    "rating": 4.2,
    "image": "https://prod-discovery.edx-cdn.org/media/course/image/faa68eb2-102a-443c-8dd9-115902208684-a909119c41db.small.jpeg"
  }
]