[
  {
    "name": "Catalytic Conversions for Biobased Chemicals and Products",
    "level": "Advanced",
    "desciption": "Design new (bio)catalytic conversion routes that allow you to use biobased feedstocks to their highest potential as building blocks for chemicals, materials and fuels.",
    "catagory": "Chemistry",
    "subCatagory": "Chemistry and Technology for Sustainability",
    "time": "Estimated 5 weeks",
    "provider": "WageningenX",
    "source": "edx",
    "Audit": "Free",
    "certificate": "Optional upgrade available",
    "courseLink": "https://www.edx.org/course/catalytic-conversions-for-biobased-chemicals-and-p",
    "enrolled": "6,090 already enrolled! After a course session ends, it will be",
    "rating": 4.6,
    "image": "https://prod-discovery.edx-cdn.org/media/course/image/307bc2ac-cbea-4f98-975e-52e81974e59f-d28640a37e3b.small.jpg"
  },
  {
    "name": "Biorefinery: From Biomass to Building Blocks of Biobased Products",
    "level": "Advanced",
    "desciption": "Learn how to design an effective biorefinery to obtain valuable components from various biobased feedstocks such as plants, organisms and waste streams.",
    "catagory": "Chemistry",
    "subCatagory": "Chemistry and Technology for Sustainability",
    "time": "Estimated 7 weeks",
    "provider": "WageningenX",
    "source": "edx",
    "Audit": "Free",
    "certificate": "Optional upgrade available",
    "courseLink": "https://www.edx.org/course/biorefinery-from-biomass-to-building-blocks-of-bio",
    "enrolled": "8,500 already enrolled! After a course session ends, it will be",
    "rating": 4.5,
    "image": "https://prod-discovery.edx-cdn.org/media/course/image/517c325f-4291-4397-bc3e-9e5ce027f4fc-7ec407ca8553.small.jpg"
  },
  {
    "name": "Capstone Chemistry and Technology for Sustainability",
    "level": "Advanced",
    "desciption": "This Capstone project is the final part of the MicroMasters Program in Chemistry and Technology for Sustainability. Design a sustainable biobased process and evaluate the technological, societal and economic impact to finish the MicroMasters Program.",
    "catagory": "Chemistry",
    "subCatagory": "Chemistry and Technology for Sustainability",
    "time": "Estimated 8 weeks",
    "provider": "WageningenX",
    "source": "edx",
    "Audit": "Free",
    "certificate": "Optional upgrade available",
    "courseLink": "https://www.edx.org/course/capstone-chemistry-and-technology-for-sustainabili",
    "enrolled": "After a course session ends, it will be",
    "rating": 4.4,
    "image": "https://prod-discovery.edx-cdn.org/media/course/image/7c54b714-41ef-4d1e-8dce-9da88e727998-d10473ed11ba.small.jpeg"
  },
  {
    "name": "Basic Steps in Magnetic Resonance",
    "level": "Intermediate",
    "desciption": "A MOOC to discover basic concepts and a wide range of intriguing applications of magnetic resonance to physics, chemistry, and biology",
    "catagory": "Chemistry",
    "subCatagory": "Others",
    "time": "Estimated 7 weeks",
    "provider": "EPFLx",
    "source": "edx",
    "Audit": "Free",
    "certificate": "Access to course at no cost",
    "courseLink": "https://www.edx.org/course/basic-steps-in-magnetic-resonance",
    "enrolled": "10,500 already enrolled! After a course session ends, it will be",
    "rating": 5,
    "image": "https://prod-discovery.edx-cdn.org/media/course/image/fbc2e5a3-7b61-4b9c-bb2a-ba188a94b78c-c73f0996b238.small.jpg"
  },
  {
    "name": "Introduction to Geochemistry",
    "level": "Intermediate",
    "desciption": "The goal of the course is to apply chemical principles to understand the natural (non-living) world around us and appreciate its complexity.",
    "catagory": "Chemistry",
    "subCatagory": "Others",
    "time": "Estimated 7 weeks",
    "provider": "KyotoUx",
    "source": "edx",
    "Audit": "Free",
    "certificate": "Optional upgrade available",
    "courseLink": "https://www.edx.org/course/introduction-to-geochemistry",
    "enrolled": "After a course session ends, it will be",
    "rating": 5,
    "image": "https://prod-discovery.edx-cdn.org/media/course/image/36e712f1-a859-4d15-b4a2-3a622ba5c063-3e68754cd615.small.jpg"
  },
  {
    "name": "General Chemistry II: Chemical Equilibrium, Kinetics, and Transition Metals",
    "level": "Intermediate",
    "desciption": "Experience the world at the molecular-level! Learn about spontaneity, equilibrium, and mechanisms and rates of reactions. Applications include the energy problem, acid/base chemistry, electrochemistry and batteries, climate science, catalysis, and more.",
    "catagory": "Chemistry",
    "subCatagory": "Others",
    "time": "Estimated 14 weeks",
    "provider": "MITx",
    "source": "edx",
    "Audit": "Free",
    "certificate": "Optional upgrade available",
    "courseLink": "https://www.edx.org/course/chemical-equilibrium-and-kinetics",
    "enrolled": "After a course session ends, it will be",
    "rating": 5,
    "image": "https://prod-discovery.edx-cdn.org/media/course/image/33779baf-a086-4ede-a479-7f408c271ee3-8c8be36e7853.small.png"
  },
  {
    "name": "Introduction to Solid State Chemistry",
    "level": "Introductory",
    "desciption": "Learn chemical principles by examining materials with examples from energy generation and storage to emerging technologies.",
    "catagory": "Chemistry",
    "subCatagory": "Others",
    "time": "Estimated 15 weeks",
    "provider": "MITx",
    "source": "edx",
    "Audit": "Free",
    "certificate": "Optional upgrade available",
    "courseLink": "https://www.edx.org/course/introduction-to-solid-state-chemistry",
    "enrolled": "63,538 already enrolled! After a course session ends, it will be",
    "rating": 4,
    "image": "https://prod-discovery.edx-cdn.org/media/course/image/f93eb1c8-0d99-4fbf-b702-d0027307774c-6ed8733890fa.small.jpg"
  },
  {
    "name": "Basic Analytical Chemistry",
    "level": "Introductory",
    "desciption": "Gain a physical understanding of the principles of analytical chemistry andtheir application in scientific research.",
    "catagory": "Chemistry",
    "subCatagory": "Others",
    "time": "Estimated 6 weeks",
    "provider": "UTokyoX",
    "source": "edx",
    "Audit": "Free",
    "certificate": "Optional upgrade available",
    "courseLink": "https://www.edx.org/course/basic-analytical-chemistry",
    "enrolled": "24,553 already enrolled! After a course session ends, it will be",
    "rating": 4,
    "image": "https://prod-discovery.edx-cdn.org/media/course/image/e002d162-5d2b-43c6-9605-1fac854c4d97-b161799bef8f.small.png"
  },
  {
    "name": "Science & Cooking: From Haute Cuisine to Soft Matter Science (chemistry)",
    "level": "Introductory",
    "desciption": "Top chefs and Harvard researchers explore how everyday cooking and haute cuisine can illuminate basic principles in chemistry, physics, and engineering. Learn about food molecules and how chemical reactions can affect food texture and flavor.",
    "catagory": "Chemistry",
    "subCatagory": "The Science of Cooking",
    "time": "Estimated 16 weeks",
    "provider": "HarvardX",
    "source": "edx",
    "Audit": "Free",
    "certificate": "Optional upgrade available",
    "courseLink": "https://www.edx.org/course/science-cooking-from-haute-cuisine-to-soft-matter",
    "enrolled": "173,763 already enrolled! After a course session ends, it will be",
    "rating": 4.4,
    "image": "https://prod-discovery.edx-cdn.org/media/course/image/d37884e7-363e-471b-ad1b-1250b1fdae23-049d56aeefd9.small.jpg"
  }
]