[
  {
    "name": "Basic Spanish 1: Getting Started",
    "level": "Introductory",
    "desciption": "Learn Spanish and explore Spanish culture in this introductory language course, designed for English speakers.",
    "catagory": "Communication",
    "subCatagory": "Basic Spanish",
    "time": "Estimated 7 weeks",
    "provider": "UPValenciaX",
    "source": "edx",
    "Audit": "Free",
    "certificate": "Optional upgrade available",
    "courseLink": "https://www.edx.org/course/basic-spanish-1-getting-started",
    "enrolled": "485,182 already enrolled! After a course session ends, it will be",
    "rating": 4.9,
    "image": "https://prod-discovery.edx-cdn.org/media/course/image/b05291d7-fbff-4520-8371-7ffdcda326c4-29e3b788d03a.small.jpg"
  },
  {
    "name": "Business Communications - The Basics",
    "level": "Introductory",
    "desciption": "In this course, learners will engage with the fundamentals of business communication. Learners will discover different communication styles and how to address them in a business setting. Learners will also assess their listening styles and emotional intelligence, and both can affect their communication skills.",
    "catagory": "Communication",
    "subCatagory": "Business and Professional Communication for Success",
    "time": "Estimated 4 weeks",
    "provider": "DoaneX",
    "source": "edx",
    "Audit": "Free",
    "certificate": "Optional upgrade available",
    "courseLink": "https://www.edx.org/course/business-communications-the-basics",
    "enrolled": "After a course session ends, it will be",
    "rating": 4.3,
    "image": "https://prod-discovery.edx-cdn.org/media/course/image/28053d3b-64cc-4a7f-bcb6-247c4152bd6d-ee421a12f68e.small.jpeg"
  },
  {
    "name": "Business Writing Techniques",
    "level": "Introductory",
    "desciption": "Learners will examine how to use the 6 C's to enhance their business messages. Learners will also discuss the proper etiquette of business writing and examine the use of emoji in business communications.",
    "catagory": "Communication",
    "subCatagory": "Business and Professional Communication for Success",
    "time": "Estimated 4 weeks",
    "provider": "DoaneX",
    "source": "edx",
    "Audit": "Free",
    "certificate": "Optional upgrade available",
    "courseLink": "https://www.edx.org/course/business-writing-techniques",
    "enrolled": "After a course session ends, it will be",
    "rating": 4.1,
    "image": "https://prod-discovery.edx-cdn.org/media/course/image/9d815fc9-480d-417d-95c6-3d7a5193c77a-119ede776caa.small.jpeg"
  },
  {
    "name": "Professional Business Presentations",
    "level": "Introductory",
    "desciption": "This course discusses how to effectively create presentations with quality formatting, the proper design elements and organization. The learner will identify the proper presentation format and software for their audience. Learners will have the opportunity to utilize the skills gained to create an engaging PowerPoint presentation. Learners will also utilize their skills to create a professional handout and record a video presentation, which will be graded by staff, as part of their final project in the course.",
    "catagory": "Communication",
    "subCatagory": "Business and Professional Communication for Success",
    "time": "Estimated 5 weeks",
    "provider": "DoaneX",
    "source": "edx",
    "Audit": "Free",
    "certificate": "Optional upgrade available",
    "courseLink": "https://www.edx.org/course/professional-business-presentations",
    "enrolled": "6,838 already enrolled! After a course session ends, it will be",
    "rating": 4,
    "image": "https://prod-discovery.edx-cdn.org/media/course/image/fa60b7a5-3ef7-4266-b2e3-8fe922dddbbe-0af659e18e96.small.jpeg"
  },
  {
    "name": "Leading in a Complex Environment",
    "level": "Intermediate",
    "desciption": "Learn how to lead your organization through challenging, modern-day, global issues.",
    "catagory": "Communication",
    "subCatagory": "Business Leadership",
    "time": "Estimated 10 weeks",
    "provider": "UQx",
    "source": "edx",
    "Audit": "Free",
    "certificate": "Optional upgrade available",
    "courseLink": "https://www.edx.org/course/leading-in-a-complex-environment",
    "enrolled": "8,219 already enrolled! After a course session ends, it will be",
    "rating": 4.1,
    "image": "https://prod-discovery.edx-cdn.org/media/course/image/0ac35fde-ac77-47f3-83fc-69bc47e4ee80-81cdf21aa3c8.small.jpg"
  },
  {
    "name": "Leading High-Performing Teams",
    "level": "Intermediate",
    "desciption": "Learn how to motivate, engage and empower people to build effective and high performing teams.",
    "catagory": "Communication",
    "subCatagory": "Business Leadership",
    "time": "Estimated 10 weeks",
    "provider": "UQx",
    "source": "edx",
    "Audit": "Free",
    "certificate": "Optional upgrade available",
    "courseLink": "https://www.edx.org/course/leading-high-performing-teams",
    "enrolled": "40,638 already enrolled! After a course session ends, it will be",
    "rating": 5,
    "image": "https://prod-discovery.edx-cdn.org/media/course/image/605e56d5-08f3-4e90-b4be-2c303def0cd5-fd8bbdd06e0e.small.jpg"
  },
  {
    "name": "Becoming an Effective Leader",
    "level": "Intermediate",
    "desciption": "Develop your leadership skills as you learn the importance of self-efficacy, social capital, and leadership style.",
    "catagory": "Communication",
    "subCatagory": "Business Leadership",
    "time": "Estimated 10 weeks",
    "provider": "UQx",
    "source": "edx",
    "Audit": "Free",
    "certificate": "Optional upgrade available",
    "courseLink": "https://www.edx.org/course/becoming-an-effective-leader",
    "enrolled": "72,031 already enrolled! After a course session ends, it will be",
    "rating": 4.1,
    "image": "https://prod-discovery.edx-cdn.org/media/course/image/9a0c24fa-6758-464d-9a01-fd5c7b18a96b-133d1c3bd2cd.small.jpg"
  },
  {
    "name": "Visual Presentation",
    "level": "Introductory",
    "desciption": "Learn how impactful images can enhance your presentation, communication and messaging to impress your audience.",
    "catagory": "Communication",
    "subCatagory": "Communication Skills",
    "time": "Estimated 3 weeks",
    "provider": "RITx",
    "source": "edx",
    "Audit": "Free",
    "certificate": "Optional upgrade available",
    "courseLink": "https://www.edx.org/course/visual-presentation-3",
    "enrolled": "6,305 already enrolled! After a course session ends, it will be",
    "rating": 5,
    "image": "https://prod-discovery.edx-cdn.org/media/course/image/a744042d-b4c9-4ef1-8b87-7c0701717b32-d12fbd86f1cb.small.jpeg"
  },
  {
    "name": "Public Speaking",
    "level": "Introductory",
    "desciption": "Build confidence as a speaker by learning how to use simple tools and skills to prepare and deliver memorable presentations.",
    "catagory": "Communication",
    "subCatagory": "Communication Skills",
    "time": "Estimated 3 weeks",
    "provider": "RITx",
    "source": "edx",
    "Audit": "Free",
    "certificate": "Optional upgrade available",
    "courseLink": "https://www.edx.org/course/public-speaking-2",
    "enrolled": "25,541 already enrolled! After a course session ends, it will be",
    "rating": 5,
    "image": "https://prod-discovery.edx-cdn.org/media/course/image/be4b8ec7-9777-4eda-8f3e-97bae5d907e7-4eb0281574a8.small.jpeg"
  },
  {
    "name": "Storytelling in the Workplace",
    "level": "Introductory",
    "desciption": "Learn how to craft messages and narratives that will resonate with your target audience to create your desired outcome.",
    "catagory": "Communication",
    "subCatagory": "Communication Skills",
    "time": "Estimated 3 weeks",
    "provider": "RITx",
    "source": "edx",
    "Audit": "Free",
    "certificate": "Optional upgrade available",
    "courseLink": "https://www.edx.org/course/storytelling-in-the-workplace-3",
    "enrolled": "12,038 already enrolled! After a course session ends, it will be",
    "rating": 4.4,
    "image": "https://prod-discovery.edx-cdn.org/media/course/image/c5e876c0-0a8e-4191-ba43-6c4e6d7a5d35-09dcecf754e5.small.jpeg"
  },
  {
    "name": "Conversational English Skills | 生活英语听说",
    "level": "Introductory",
    "desciption": "Learn how to effectively communicate in English and improve your conversational language skills. 你想与native speaker无障碍交流吗？让中外老师和50多位美国、英国、爱尔兰、加拿大、澳大利亚、哥伦比亚的朋友，带你领略一次不一样的英语学习之旅吧。",
    "catagory": "Communication",
    "subCatagory": "English Communication Skills",
    "time": "Estimated 10 weeks",
    "provider": "TsinghuaX",
    "source": "edx",
    "Audit": "Free",
    "certificate": "Optional upgrade available",
    "courseLink": "https://www.edx.org/course/conversational-english-skills",
    "enrolled": "331,934 already enrolled! After a course session ends, it will be",
    "rating": 4,
    "image": "https://prod-discovery.edx-cdn.org/media/course/image/5efe7b5c-18f6-400c-9564-5ff7b520b2a8-a05b06b3aa6c.small.jpg"
  },
  {
    "name": "Social Media: How Media Got Social",
    "level": "Introductory",
    "desciption": "Discover where social media came from, how it became integral to our everyday lives, and how that has changed the way we communicate.",
    "catagory": "Communication",
    "subCatagory": "From Digital Technologies to Social Media",
    "time": "Estimated 4 weeks",
    "provider": "CurtinX",
    "source": "edx",
    "Audit": "Free",
    "certificate": "Optional upgrade available",
    "courseLink": "https://www.edx.org/course/social-media-how-media-got-social",
    "enrolled": "15,488 already enrolled! After a course session ends, it will be",
    "rating": 4.6,
    "image": "https://prod-discovery.edx-cdn.org/media/course/image/3dc13ec0-1749-4dc5-9c5a-f63bc8fa3379-78404ecd7086.small.png"
  },
  {
    "name": "Communicating with Robots and Bots",
    "level": "Introductory",
    "desciption": "Robots and bots are being developed to populate our homes, workplaces and social spaces, as well as the online spaces we frequent. How do people communicate with robots and bots? What does the future hold for human-robot communication and collaboration",
    "catagory": "Communication",
    "subCatagory": "From Digital Technologies to Social Media",
    "time": "Estimated 4 weeks",
    "provider": "CurtinX",
    "source": "edx",
    "Audit": "Free",
    "certificate": "Optional upgrade available",
    "courseLink": "https://www.edx.org/course/communicating-with-robots-and-bots",
    "enrolled": "After a course session ends, it will be",
    "rating": 4.2,
    "image": "https://prod-discovery.edx-cdn.org/media/course/image/bf9f18e0-2bab-4600-ae3e-64d0743d9482-321df2b18306.small.png"
  },
  {
    "name": "Becoming a Successful Leader (Inclusive Leadership Training)",
    "level": "Introductory",
    "desciption": "Become a successful leader by learning 21st-century leadership skills and applying concepts to the real world.",
    "catagory": "Communication",
    "subCatagory": "Inclusive Leadership",
    "time": "Estimated 4 weeks",
    "provider": "CatalystX",
    "source": "edx",
    "Audit": "Free",
    "certificate": "Optional upgrade available",
    "courseLink": "https://www.edx.org/course/becoming-a-successful-leader-inclusive-leadershi-2",
    "enrolled": "224,373 already enrolled! After a course session ends, it will be",
    "rating": 4.3,
    "image": "https://prod-discovery.edx-cdn.org/media/course/image/279fc0f3-fba6-4a13-b538-d05844370430-43f11d79ac47.small.jpg"
  },
  {
    "name": "Leading With Effective Communication (Inclusive Leadership Training)",
    "level": "Introductory",
    "desciption": "Develop communication skills that bring out the best in you — and in others.",
    "catagory": "Communication",
    "subCatagory": "Inclusive Leadership",
    "time": "Estimated 4 weeks",
    "provider": "CatalystX",
    "source": "edx",
    "Audit": "Free",
    "certificate": "Optional upgrade available",
    "courseLink": "https://www.edx.org/course/leading-with-effective-communication-inclusive-lea",
    "enrolled": "120,334 already enrolled! After a course session ends, it will be",
    "rating": 4.3,
    "image": "https://prod-discovery.edx-cdn.org/media/course/image/2aaffce0-fa32-416c-a1f6-85ca4835ce65-8f1df4cae197.small.jpg"
  },
  {
    "name": "Critical Thinking & Problem Solving",
    "level": "Introductory",
    "desciption": "The most successful professionals are able to assess the environment, analyze a situation, design a solution, and ultimately win in a competitive scenario.",
    "catagory": "Communication",
    "subCatagory": "Leadership Essentials",
    "time": "Estimated 3 weeks",
    "provider": "RITx",
    "source": "edx",
    "Audit": "Free",
    "certificate": "Optional upgrade available",
    "courseLink": "https://www.edx.org/course/critical-thinking-problem-solving-3",
    "enrolled": "20,024 already enrolled! After a course session ends, it will be",
    "rating": 4.9,
    "image": "https://prod-discovery.edx-cdn.org/media/course/image/772eb266-036a-4248-ac03-c3c0bac56c70-fdbb956edc7f.small.jpeg"
  },
  {
    "name": "Teamwork & Collaboration",
    "level": "Introductory",
    "desciption": "Learn essential teamwork and collaboration skills to lead, build and motivate teams in the workplace.",
    "catagory": "Communication",
    "subCatagory": "Leadership Essentials",
    "time": "Estimated 3 weeks",
    "provider": "RITx",
    "source": "edx",
    "Audit": "Free",
    "certificate": "Optional upgrade available",
    "courseLink": "https://www.edx.org/course/teamwork-collaboration-3",
    "enrolled": "5,904 already enrolled! After a course session ends, it will be",
    "rating": 4.8,
    "image": "https://prod-discovery.edx-cdn.org/media/course/image/ec15bd20-bfcd-4e88-8c2b-fbf770e8a38c-74dc2ae2acd1.small.jpeg"
  },
  {
    "name": "Business Communication",
    "level": "Introductory",
    "desciption": "Learn how to effectively communicate and build professional relationships through face-to-face, written, and non-verbal communication.",
    "catagory": "Communication",
    "subCatagory": "Leadership Essentials",
    "time": "Estimated 3 weeks",
    "provider": "RITx",
    "source": "edx",
    "Audit": "Free",
    "certificate": "Optional upgrade available",
    "courseLink": "https://www.edx.org/course/business-communication-3",
    "enrolled": "9,998 already enrolled! After a course session ends, it will be",
    "rating": 4.1,
    "image": "https://prod-discovery.edx-cdn.org/media/course/image/ecca6ceb-d524-4897-9f0b-dae99b5c4257-075e4ab3f04a.small.jpeg"
  },
  {
    "name": "Strategic Brand Management",
    "level": "Advanced",
    "desciption": "Examine product/brand management decisions and investigate the strategies and tactics to build, measure and manage brand equity.",
    "catagory": "Communication",
    "subCatagory": "Marketing in a Digital World",
    "time": "Estimated 12 weeks",
    "provider": "CurtinX",
    "source": "edx",
    "Audit": "Free",
    "certificate": "Optional upgrade available",
    "courseLink": "https://www.edx.org/course/strategic-brand-management",
    "enrolled": "30,970 already enrolled! After a course session ends, it will be",
    "rating": 4.9,
    "image": "https://prod-discovery.edx-cdn.org/media/course/image/12213317-dfd0-4bdc-b381-0797a0eeffc2-7ee20e807dbb.small.jpg"
  },
  {
    "name": "Digital Branding and Engagement",
    "level": "Intermediate",
    "desciption": "Learn how to increase brand engagement through the creation and distribution of content using an owned digital channel approach.",
    "catagory": "Communication",
    "subCatagory": "Marketing in a Digital World",
    "time": "Estimated 4 weeks",
    "provider": "CurtinX",
    "source": "edx",
    "Audit": "Free",
    "certificate": "Optional upgrade available",
    "courseLink": "https://www.edx.org/course/digital-branding-and-engagement",
    "enrolled": "132,705 already enrolled! After a course session ends, it will be",
    "rating": 4.9,
    "image": "https://prod-discovery.edx-cdn.org/media/course/image/44f86b4c-7f48-46d1-a1e3-ac22fba6454a-3d57c3ce6ef5.small.jpg"
  },
  {
    "name": "Buyer Behaviour and Analysis",
    "level": "Advanced",
    "desciption": "Learn how to analyse and apply consumer and buyer behaviour fundamentals to develop an effective marketing campaign.",
    "catagory": "Communication",
    "subCatagory": "Marketing in a Digital World",
    "time": "Estimated 12 weeks",
    "provider": "CurtinX",
    "source": "edx",
    "Audit": "Free",
    "certificate": "Optional upgrade available",
    "courseLink": "https://www.edx.org/course/buyer-behaviour-and-analysis",
    "enrolled": "22,174 already enrolled! After a course session ends, it will be",
    "rating": 5,
    "image": "https://prod-discovery.edx-cdn.org/media/course/image/a8363784-5415-477c-a9b8-6f1acbb8519b-2f101fd111fc.small.jpg"
  },
  {
    "name": "Online Marketing Strategies",
    "level": "Advanced",
    "desciption": "Learn about online marketing opportunities and how to use the Internet, social media, and digital analytics to successfully market your business.",
    "catagory": "Communication",
    "subCatagory": "Marketing in a Digital World",
    "time": "Estimated 12 weeks",
    "provider": "CurtinX",
    "source": "edx",
    "Audit": "Free",
    "certificate": "Optional upgrade available",
    "courseLink": "https://www.edx.org/course/online-marketing-strategies",
    "enrolled": "66,416 already enrolled! After a course session ends, it will be",
    "rating": 4.6,
    "image": "https://prod-discovery.edx-cdn.org/media/course/image/add90f6e-a710-400d-998d-42ca68fb80e3-379446ceaa42.small.jpg"
  },
  {
    "name": "Reputation Management in a Digital World",
    "level": "Intermediate",
    "desciption": "Learn how to develop, manage and protect an organisation’s online reputation through social media including Facebook and Twitter.",
    "catagory": "Communication",
    "subCatagory": "Marketing in a Digital World",
    "time": "Estimated 6 weeks",
    "provider": "CurtinX",
    "source": "edx",
    "Audit": "Free",
    "certificate": "Optional upgrade available",
    "courseLink": "https://www.edx.org/course/reputation-management-in-a-digital-world",
    "enrolled": "41,954 already enrolled! After a course session ends, it will be",
    "rating": 4.3,
    "image": "https://prod-discovery.edx-cdn.org/media/course/image/ed232beb-24a4-4bc5-87ba-8630f0401b91-d9acb176b31c.small.jpg"
  },
  {
    "name": "Language Revival: Securing the Future of Endangered Languages",
    "level": "Introductory",
    "desciption": "Learn how the world’s endangered languages are revived and why this process is critical to preserving cultural identity.",
    "catagory": "Communication",
    "subCatagory": "Others",
    "time": "Estimated 5 weeks",
    "provider": "AdelaideX",
    "source": "edx",
    "Audit": "Free",
    "certificate": "Optional upgrade available",
    "courseLink": "https://www.edx.org/course/language-revival-securing-the-future-of-endangered",
    "enrolled": "11,912 already enrolled! After a course session ends, it will be",
    "rating": 5,
    "image": "https://prod-discovery.edx-cdn.org/media/course/image/0feaaf94-c73a-4884-9ca7-29f271ab3304-ee30517d294c.small.jpg"
  },
  {
    "name": "English for Journalists, Part 2",
    "level": "Intermediate",
    "desciption": "Improve your English grammar, vocabulary and writing skills through topics in journalism including free speech, sports, humor and broadcast writing.",
    "catagory": "Communication",
    "subCatagory": "Others",
    "time": "Estimated 5 weeks",
    "provider": "BerkeleyX",
    "source": "edx",
    "Audit": "Free",
    "certificate": "Optional upgrade available",
    "courseLink": "https://www.edx.org/course/english-for-journalists-part-2-2",
    "enrolled": "26,068 already enrolled! After a course session ends, it will be",
    "rating": 4.7,
    "image": "https://prod-discovery.edx-cdn.org/media/course/image/1ec72c9e-7dd7-4ad3-8ed1-99f5a5a524ba-320aff7f9edb.small.jpg"
  },
  {
    "name": "Video for Content Creators",
    "level": "Introductory",
    "desciption": "Become a visual storyteller. Learn all the skills necessary for shooting quality video on your iPhone or Android device. Gain best practices and technical skills in composition, light, movement, editing and more—all on your smartphone.",
    "catagory": "Communication",
    "subCatagory": "Others",
    "time": "Estimated 3 weeks",
    "provider": "BerkeleyX",
    "source": "edx",
    "Audit": "Cost to Enroll",
    "certificate": "$199 USD",
    "courseLink": "https://www.edx.org/course/video_for_content_creators",
    "enrolled": "After a course session ends, it will be",
    "rating": 4,
    "image": "https://prod-discovery.edx-cdn.org/media/course/image/27788d38-ceb9-40ca-b6de-c450a74c897f-016ebeba9b63.small.png"
  },
  {
    "name": "English for Journalists, Part 1",
    "level": "Intermediate",
    "desciption": "Improve your English grammar, vocabulary and writing skills through exciting topics in journalism and world news.",
    "catagory": "Communication",
    "subCatagory": "Others",
    "time": "Estimated 5 weeks",
    "provider": "BerkeleyX",
    "source": "edx",
    "Audit": "Free",
    "certificate": "Optional upgrade available",
    "courseLink": "https://www.edx.org/course/english-for-journalists-part-1-2",
    "enrolled": "67,259 already enrolled! After a course session ends, it will be",
    "rating": 4.7,
    "image": "https://prod-discovery.edx-cdn.org/media/course/image/cdc1f3db-0242-403f-b338-50805cb8a03d-e27f9c6f94c0.small.jpg"
  },
  {
    "name": "Academic and Business Writing",
    "level": "Introductory",
    "desciption": "An introduction to academic and business writing for English Language Learners, focusing on grammar, vocabulary, structure, editing, and publication.",
    "catagory": "Communication",
    "subCatagory": "Others",
    "time": "Estimated 6 weeks",
    "provider": "BerkeleyX",
    "source": "edx",
    "Audit": "Free",
    "certificate": "Optional upgrade available",
    "courseLink": "https://www.edx.org/course/academic-and-business-writing",
    "enrolled": "373,933 already enrolled! After a course session ends, it will be",
    "rating": 5,
    "image": "https://prod-discovery.edx-cdn.org/media/course/image/ed682cf1-7c11-4417-ac78-e940843cfccc-bb93707c5457.small.jpg"
  },
  {
    "name": "Advancing Equity and Inclusion Through Gender Partnership",
    "level": "Introductory",
    "desciption": "Understand and harness the power of gender partnership to foster greater inclusion both inside and outside your workplace.",
    "catagory": "Communication",
    "subCatagory": "Others",
    "time": "Estimated 1 weeks",
    "provider": "CatalystX",
    "source": "edx",
    "Audit": "Free",
    "certificate": "Optional upgrade available",
    "courseLink": "https://www.edx.org/course/gender-partnership",
    "enrolled": "After a course session ends, it will be",
    "rating": 4,
    "image": "https://prod-discovery.edx-cdn.org/media/course/image/1a3329bc-02c2-462a-96d3-08711d829cff-423dec0517bf.small.png"
  },
  {
    "name": "TOEFL® Test Preparation: The Insider’s Guide",
    "level": "Introductory",
    "desciption": "Prepare for the",
    "catagory": "Communication",
    "subCatagory": "Others",
    "time": "Estimated 6 weeks",
    "provider": "ETSx",
    "source": "edx",
    "Audit": "Free",
    "certificate": "Optional upgrade available",
    "courseLink": "https://www.edx.org/course/toefl-test-preparation-the-insiders-guide",
    "enrolled": "1,262,279 already enrolled! After a course session ends, it will be",
    "rating": 4.9,
    "image": "https://prod-discovery.edx-cdn.org/media/course/image/ee4f4f12-e6ec-45ac-94df-b90b4b022903-aaf6257f767b.small.jpeg"
  },
  {
    "name": "Leaders of Learning",
    "level": "Introductory",
    "desciption": "Explore and understand your own theories of learning and leadership. Gain the tools to imagine and build the future of learning.",
    "catagory": "Communication",
    "subCatagory": "Others",
    "time": "Estimated 10 weeks",
    "provider": "HarvardX",
    "source": "edx",
    "Audit": "Free",
    "certificate": "Optional upgrade available",
    "courseLink": "https://www.edx.org/course/leaders-of-learning",
    "enrolled": "274,795 already enrolled! After a course session ends, it will be",
    "rating": 4.6,
    "image": "https://prod-discovery.edx-cdn.org/media/course/image/9174e129-e6f3-4bc8-8a12-ea286d670e71-23e286087155.small.jpg"
  },
  {
    "name": "Managing Innovation",
    "level": "Introductory",
    "desciption": "Learn how to go from an ad-hoc or jugaad way to a more systematic approach to building innovation capacity in your team or organization.",
    "catagory": "Communication",
    "subCatagory": "Others",
    "time": "Estimated 6 weeks",
    "provider": "IIMBx",
    "source": "edx",
    "Audit": "Free",
    "certificate": "Optional upgrade available",
    "courseLink": "https://www.edx.org/course/managing-innovation",
    "enrolled": "After a course session ends, it will be",
    "rating": 4.7,
    "image": "https://prod-discovery.edx-cdn.org/media/course/image/218a94b5-c220-41f0-9f74-890d6d9aa451-5591135e2f1f.small.jpg"
  },
  {
    "name": "Chasing your Dream: How to End Procrastination and Get a Job You Love",
    "level": "Introductory",
    "desciption": "According to the old saying, \"Choose a job you love, and you will never have to work a day in your life.\" This courseis geared toward helping you find real purpose in your work and becoming the best version of yourself.",
    "catagory": "Communication",
    "subCatagory": "Others",
    "time": "Estimated 5 weeks",
    "provider": "MEPhIx",
    "source": "edx",
    "Audit": "Free",
    "certificate": "Optional upgrade available",
    "courseLink": "https://www.edx.org/course/chasing-your-dream-how-to-end-procrastination-and",
    "enrolled": "52,974 already enrolled! After a course session ends, it will be",
    "rating": 4.7,
    "image": "https://prod-discovery.edx-cdn.org/media/course/image/f692cd0b-a77a-4fdf-87db-a309677633e6-c2b887ae0c99.small.png"
  },
  {
    "name": "Storytelling for Social Change",
    "level": "Introductory",
    "desciption": "Use stories to deliver messages that affect people. Learn how to craft a story that develops empathy and delivers impact.",
    "catagory": "Communication",
    "subCatagory": "Others",
    "time": "Estimated 5 weeks",
    "provider": "MichiganX",
    "source": "edx",
    "Audit": "Free",
    "certificate": "Optional upgrade available",
    "courseLink": "https://www.edx.org/course/storytelling-for-social-change",
    "enrolled": "38,966 already enrolled! After a course session ends, it will be",
    "rating": 4.3,
    "image": "https://prod-discovery.edx-cdn.org/media/course/image/bb8d8107-29c6-4004-9a9d-088ca28a7dda-5165a747d5c6.small.png"
  },
  {
    "name": "Tools for Academic Engagement in Public Policy",
    "level": "Introductory",
    "desciption": "Many scientists and engineers seek to engage with policymakers and there is a clear need for them to do so. However, very few receive the training necessary to effectively impact public policy. This online module will provide an introduction to the policymaking process and practical tips for engaging with the policy community.",
    "catagory": "Communication",
    "subCatagory": "Others",
    "time": "Estimated 3 weeks",
    "provider": "MITx",
    "source": "edx",
    "Audit": "Free",
    "certificate": "Optional upgrade available",
    "courseLink": "https://www.edx.org/course/tools-for-academic-engagement-in-public-policy",
    "enrolled": "6,965 already enrolled! After a course session ends, it will be",
    "rating": 4.9,
    "image": "https://prod-discovery.edx-cdn.org/media/course/image/47ea7da2-8a7b-4c95-b450-aee8efc93755-a975797fd012.small.jpg"
  },
  {
    "name": "Intercultural Communication at Work – Land the job and do it well",
    "level": "Intermediate",
    "desciption": "Leveraging a holistic understanding of",
    "catagory": "Communication",
    "subCatagory": "Others",
    "time": "Estimated 6 weeks",
    "provider": "NUS",
    "source": "edx",
    "Audit": "Free",
    "certificate": "Optional upgrade available",
    "courseLink": "https://www.edx.org/course/intercultural-communication-at-work-land-the-job-and-do-it-well",
    "enrolled": "After a course session ends, it will be",
    "rating": 4.8,
    "image": "https://prod-discovery.edx-cdn.org/media/course/image/ef87f574-3c2d-406b-9c76-b5865e7220a0-a72c40795f74.small.jpeg"
  },
  {
    "name": "Hollywood: History, Industry, Art",
    "level": "Introductory",
    "desciption": "Explore the history of Hollywood, from Edison and the birth of film to the rise of the internet.",
    "catagory": "Communication",
    "subCatagory": "Others",
    "time": "Estimated 4 weeks",
    "provider": "PennX",
    "source": "edx",
    "Audit": "Free",
    "certificate": "Optional upgrade available",
    "courseLink": "https://www.edx.org/course/hollywood-history-industry-art",
    "enrolled": "59,314 already enrolled! After a course session ends, it will be",
    "rating": 4.5,
    "image": "https://prod-discovery.edx-cdn.org/media/course/image/f1a02084-6bf9-4242-bfdf-d6be7dc81501-4876b86f11b9.small.jpg"
  },
  {
    "name": "Tech for Good: The Role of ICT in Achieving the SDGs",
    "level": "Intermediate",
    "desciption": "What opportunities and challenges do digital technologies present for the development of our society?",
    "catagory": "Communication",
    "subCatagory": "Others",
    "time": "Estimated 10 weeks",
    "provider": "SDGAcademyX",
    "source": "edx",
    "Audit": "Free",
    "certificate": "Optional upgrade available",
    "courseLink": "https://www.edx.org/course/tech-for-good-the-role-of-ict-in-achieving-the-sdg",
    "enrolled": "7,009 already enrolled! After a course session ends, it will be",
    "rating": 4.2,
    "image": "https://prod-discovery.edx-cdn.org/media/course/image/efc25613-f0ea-4423-bfcd-4d94c317f085-5dd84e82e22b.small.png"
  },
  {
    "name": "Professionalism, Grooming and Etiquette",
    "level": "Introductory",
    "desciption": "Professionalism, Grooming and Etiquette",
    "catagory": "Communication",
    "subCatagory": "Others",
    "time": "Estimated 4 weeks",
    "provider": "State-Bank-of-India",
    "source": "edx",
    "Audit": "Free",
    "certificate": "Optional upgrade available",
    "courseLink": "https://www.edx.org/course/professionalism-grooming-and-etiquette",
    "enrolled": "After a course session ends, it will be",
    "rating": 4.9,
    "image": "https://prod-discovery.edx-cdn.org/media/course/image/0fc224ec-df2b-478e-87ef-c2b02c35fffd-ff0adf8d082d.small.jpeg"
  },
  {
    "name": "Conflict Resolution",
    "level": "Introductory",
    "desciption": "It is no secret that conflict is a part of life and definitely a part of day-to-day business. Conflicts arise due to differences in personality or values.",
    "catagory": "Communication",
    "subCatagory": "Others",
    "time": "Estimated 5 weeks",
    "provider": "State-Bank-of-India",
    "source": "edx",
    "Audit": "Free",
    "certificate": "Optional upgrade available",
    "courseLink": "https://www.edx.org/course/conflict-resolution",
    "enrolled": "After a course session ends, it will be",
    "rating": 4.2,
    "image": "https://prod-discovery.edx-cdn.org/media/course/image/49c8447e-e3ef-452b-baba-59462dbb886e-40013341a54f.small.jpeg"
  },
  {
    "name": "The Language of Leaders: Learn to Speak with Confidence",
    "level": "Introductory",
    "desciption": "To be successful in the competitive environment of the 21st century, you need to be a powerful communicator. Assess your own potential, expand your communication capabilities, and close your gaps. Learn to express yourself like a leader and speak with authority and confidence.",
    "catagory": "Communication",
    "subCatagory": "Others",
    "time": "Estimated 4 weeks",
    "provider": "State-Bank-of-India",
    "source": "edx",
    "Audit": "Free",
    "certificate": "Optional upgrade available",
    "courseLink": "https://www.edx.org/course/the-language-of-leaders-learn-to-speak-with-confidence",
    "enrolled": "After a course session ends, it will be",
    "rating": 4.4,
    "image": "https://prod-discovery.edx-cdn.org/media/course/image/8005ebc0-9a68-4dd8-a01e-fefeb0c4d30a-98777baa6abc.small.jpeg"
  },
  {
    "name": "The Language of Leaders: Learn to Write with Confidence",
    "level": "Introductory",
    "desciption": "****",
    "catagory": "Communication",
    "subCatagory": "Others",
    "time": "Estimated 4 weeks",
    "provider": "State-Bank-of-India",
    "source": "edx",
    "Audit": "Free",
    "certificate": "Optional upgrade available",
    "courseLink": "https://www.edx.org/course/the-language-of-leaders-learn-to-write-with-confidence",
    "enrolled": "After a course session ends, it will be",
    "rating": 4.9,
    "image": "https://prod-discovery.edx-cdn.org/media/course/image/9e1a0f82-a5cb-4d2b-9d23-d8821e0142a8-7d0159885dfb.small.png"
  },
  {
    "name": "Writing, Presenting and Submitting Scientific Papers in English | 英文科技论文写作与学术报告",
    "level": "Intermediate",
    "desciption": "Learn how to properly write a scientific paper, based on international standards, and effectively make a presentation to submit proposals for funding. 表达与交流是拔尖创新科技人才最重要的综合能力。培养英文科技论文写作与学术报告的能力，帮助你打开世界科坛大门，与国际同行平等交流。",
    "catagory": "Communication",
    "subCatagory": "Others",
    "time": "Estimated 5 weeks",
    "provider": "TsinghuaX",
    "source": "edx",
    "Audit": "Free",
    "certificate": "Optional upgrade available",
    "courseLink": "https://www.edx.org/course/writing-presenting-and-submitting-scientific-paper",
    "enrolled": "39,267 already enrolled! After a course session ends, it will be",
    "rating": 4.5,
    "image": "https://prod-discovery.edx-cdn.org/media/course/image/e6345540-804a-4fe8-84c9-edb1fe854afe-63c3d9d66596.small.jpg"
  },
  {
    "name": "Friendship machine: forming a new type of human connections",
    "level": "Introductory",
    "desciption": "Did you know that there are now 2.6 billion gamers in the world? By 2021, that number is expected to rise by 125 million. In terms of revenue, the video game industry has become bigger than the movie and music industries put together. Video games are sweeping the globe, quickly becoming a primary shaper of culture.",
    "catagory": "Communication",
    "subCatagory": "Others",
    "time": "Estimated 5 weeks",
    "provider": "UIcelandX",
    "source": "edx",
    "Audit": "Free",
    "certificate": "Optional upgrade available",
    "courseLink": "https://www.edx.org/course/friendship-machine-forming-a-new-type-of-human-connections",
    "enrolled": "After a course session ends, it will be",
    "rating": 4.1,
    "image": "https://prod-discovery.edx-cdn.org/media/course/image/006b8e21-9091-4891-8758-757c6146e6d8-4f7d7d5bba61.small.jpeg"
  },
  {
    "name": "Making Sense of Climate Science Denial",
    "level": "Introductory",
    "desciption": "Climate change is real, so why the controversy and debate? Learn to make sense of the science and to respond to climate change denial.",
    "catagory": "Communication",
    "subCatagory": "Others",
    "time": "Estimated 7 weeks",
    "provider": "UQx",
    "source": "edx",
    "Audit": "Free",
    "certificate": "Optional upgrade available",
    "courseLink": "https://www.edx.org/course/making-sense-of-climate-science-denial",
    "enrolled": "41,615 already enrolled! After a course session ends, it will be",
    "rating": 4.6,
    "image": "https://prod-discovery.edx-cdn.org/media/course/image/058c7421-a532-437d-a617-a47c7949d618-290c5a746490.small.jpg"
  },
  {
    "name": "Academic English",
    "level": "Introductory",
    "desciption": "A practical and introductory course to build your skills in academic writing.",
    "catagory": "Communication",
    "subCatagory": "Others",
    "time": "Estimated 10 weeks",
    "provider": "UQx",
    "source": "edx",
    "Audit": "Free",
    "certificate": "Optional upgrade available",
    "courseLink": "https://www.edx.org/course/academic-english",
    "enrolled": "10,031 already enrolled! After a course session ends, it will be",
    "rating": 5,
    "image": "https://prod-discovery.edx-cdn.org/media/course/image/94460a36-8f6c-4e50-82cd-47aab6996952-258273a5d881.small.jpeg"
  },
  {
    "name": "IELTS Academic Test Preparation",
    "level": "Introductory",
    "desciption": "Prepare for the IELTS Academic tests in this comprehensive, self-paced course covering listening, speaking, reading and writing.",
    "catagory": "Communication",
    "subCatagory": "Others",
    "time": "Estimated 8 weeks",
    "provider": "UQx",
    "source": "edx",
    "Audit": "Free",
    "certificate": "Optional upgrade available",
    "courseLink": "https://www.edx.org/course/ielts-academic-test-preparation",
    "enrolled": "1,288,661 already enrolled! After a course session ends, it will be",
    "rating": 4.2,
    "image": "https://prod-discovery.edx-cdn.org/media/course/image/d61d7a1f-3333-4169-a786-92e2bf690c6f-fa8a6909baec.small.jpg"
  },
  {
    "name": "Strengthening Geospatial Information Management: Using the Integrated Geospatial Information Framework (Virtual Knowledge Exchange)",
    "level": "Introductory",
    "desciption": "This course is based on the World Bank’s “Strengthening Geospatial Information Management: Using the Integrated Geospatial Information Framework (IGIF)”. This course builds on work to e-package global learning and innovation for leveraging sustainable development and contribute to socio-economic improvements. It will include the efforts of governments, the private sector and academia to address: Governance, Technology, People and Benefits.",
    "catagory": "Communication",
    "subCatagory": "Others",
    "time": "Estimated 4 weeks",
    "provider": "WBGx",
    "source": "edx",
    "Audit": "Free",
    "certificate": "Optional upgrade available",
    "courseLink": "https://www.edx.org/course/strengthening-geospatial-information-management-using-the-integrated-geospatial-information-framework-igif",
    "enrolled": "After a course session ends, it will be",
    "rating": 4.1,
    "image": "https://prod-discovery.edx-cdn.org/media/course/image/30d92064-85eb-4f5a-8840-fceda52cb050-b38d3c5bdfe7.small.jpeg"
  },
  {
    "name": "Innovative Business Models for Expanding Broadband and Closing the Access Gaps",
    "level": "Introductory",
    "desciption": "This course is based on the World Bank’s Innovative Business Models for Expanding Broadband and Closing the Access Gaps. This course is intended to provide informative examples and discussion regarding innovative business models and approaches to the deployment of high-speed broadband networks. The information presented and examples highlighted are intended to help policymakers and regulators better consider how they can assess broadband project options and adopt decisions tailored to their country’s circumstances and needs.",
    "catagory": "Communication",
    "subCatagory": "Others",
    "time": "Estimated 2 weeks",
    "provider": "WBGx",
    "source": "edx",
    "Audit": "Free",
    "certificate": "Optional upgrade available",
    "courseLink": "https://www.edx.org/course/innovative-business-models-for-expanding-broadband-and-closing-the-access-gaps",
    "enrolled": "After a course session ends, it will be",
    "rating": 4.1,
    "image": "https://prod-discovery.edx-cdn.org/media/course/image/4f789bf2-bda7-4c80-85b9-4f43c2ddac33-59d3528a7591.small.jpeg"
  },
  {
    "name": "Strengthening Geospatial Information Management: Using the Integrated Geospatial Information Framework",
    "level": "Introductory",
    "desciption": "This course is based on the World Bank’s “Strengthening Geospatial Information Management: Using the Integrated Geospatial Information Framework”. This course introduces the Integrated Geospatial Information Framework (IGIF), which guides countries to strengthen their arrangements in geospatial information management.",
    "catagory": "Communication",
    "subCatagory": "Others",
    "time": "Estimated 4 weeks",
    "provider": "WBGx",
    "source": "edx",
    "Audit": "Free",
    "certificate": "Optional upgrade available",
    "courseLink": "https://www.edx.org/course/strengthening-geospatial-information-management-using-the-integrated-geospatial-information-framework",
    "enrolled": "After a course session ends, it will be",
    "rating": 4.2,
    "image": "https://prod-discovery.edx-cdn.org/media/course/image/7f13940e-9f71-4c06-9d6c-0974fb0b04f8-0c0c30f2bdfe.small.jpeg"
  },
  {
    "name": "Understanding Gender Equity",
    "level": "Introductory",
    "desciption": "Understand what gender equity is, the difference between gender equity and gender equality, why it matters, and how to recognize and address gender inequity in the workplace.",
    "catagory": "Communication",
    "subCatagory": "Race, Gender and Workplace Equity",
    "time": "Estimated 1 weeks",
    "provider": "CatalystX",
    "source": "edx",
    "Audit": "Free",
    "certificate": "Optional upgrade available",
    "courseLink": "https://www.edx.org/course/understanding-gender-equity",
    "enrolled": "After a course session ends, it will be",
    "rating": 4.7,
    "image": "https://prod-discovery.edx-cdn.org/media/course/image/5acac8a6-f5a0-4c7d-b1ea-2b4a6daa6f74-0479355b1d86.small.jpeg"
  },
  {
    "name": "Facing Racism and Emotional Tax in the Workplace",
    "level": "Introductory",
    "desciption": "As part of our CatalystX series on Race, Gender and Workplace Equity, this course is designed to help you understand the impact of racism and some strategies to address it. This introductory course will help you advance your individual learning by focusing on key concepts and behaviors, and skills you can develop to live anti-racist values.",
    "catagory": "Communication",
    "subCatagory": "Race, Gender and Workplace Equity",
    "time": "Estimated 1 weeks",
    "provider": "CatalystX",
    "source": "edx",
    "Audit": "Free",
    "certificate": "Optional upgrade available",
    "courseLink": "https://www.edx.org/course/facing-racism-and-emotional-tax-in-the-workplace",
    "enrolled": "After a course session ends, it will be",
    "rating": 5,
    "image": "https://prod-discovery.edx-cdn.org/media/course/image/75efd223-f54d-4ab4-923a-3a080c834d26-944414cb3a16.small.jpeg"
  },
  {
    "name": "Unconscious Bias: From Awareness to Action",
    "level": "Introductory",
    "desciption": "Learn in-demand leadership skills necessary to manage unconscious bias in your workplace.",
    "catagory": "Communication",
    "subCatagory": "Race, Gender and Workplace Equity",
    "time": "Estimated 3 weeks",
    "provider": "CatalystX",
    "source": "edx",
    "Audit": "Free",
    "certificate": "Optional upgrade available",
    "courseLink": "https://www.edx.org/course/unconscious-bias-from-awareness-to-action-2",
    "enrolled": "32,562 already enrolled! After a course session ends, it will be",
    "rating": 5,
    "image": "https://prod-discovery.edx-cdn.org/media/course/image/c8705ae8-850c-4350-aef6-b1dd71f88682-a6ec39783be9.small.png"
  },
  {
    "name": "Communication Skills for Dialoguing Across Difference",
    "level": "Introductory",
    "desciption": "Develop practical communication skills to mend divides and build a more tolerant and inclusive world.",
    "catagory": "Communication",
    "subCatagory": "Race, Gender and Workplace Equity",
    "time": "Estimated 1 weeks",
    "provider": "CatalystX",
    "source": "edx",
    "Audit": "Free",
    "certificate": "Optional upgrade available",
    "courseLink": "https://www.edx.org/course/communication-skills-for-dialoguing-across-difference",
    "enrolled": "65,127 already enrolled! After a course session ends, it will be",
    "rating": 4,
    "image": "https://prod-discovery.edx-cdn.org/media/course/image/ef500aad-8918-4ed4-83a2-b6c08188f01e-62f53e9151b2.small.png"
  },
  {
    "name": "Finding your voice as a playwright",
    "level": "Intermediate",
    "desciption": "Learn to deepen your creative practice as a playwright, as well as develop professionally transferable writing skills and communication expertise. This course will broaden your understanding of how to start a career successfully as a professional dramatist, as well as offer you insights in how to maximise and enjoy the processes of your personal creativity.",
    "catagory": "Communication",
    "subCatagory": "Writing for Performance and the Entertainment Industries",
    "time": "Estimated 4 weeks",
    "provider": "UniversityofCambridge",
    "source": "edx",
    "Audit": "Free",
    "certificate": "Optional upgrade available",
    "courseLink": "https://www.edx.org/course/finding-your-voice-as-a-playwright",
    "enrolled": "5,118 already enrolled! After a course session ends, it will be",
    "rating": 4.1,
    "image": "https://prod-discovery.edx-cdn.org/media/course/image/0848399d-acca-4695-b272-bfcacaa8ee18-f771f91ca0ce.small.jpeg"
  },
  {
    "name": "Capstone: Bringing it all together",
    "level": "Intermediate",
    "desciption": "The course webinar will focus on the assignments and information regarding referencing, best practice and case studies will be provided throughout the course.",
    "catagory": "Communication",
    "subCatagory": "Writing for Performance and the Entertainment Industries",
    "time": "Estimated 6 weeks",
    "provider": "UniversityofCambridge",
    "source": "edx",
    "Audit": "Cost to Enroll",
    "certificate": "$199 USD",
    "courseLink": "https://www.edx.org/course/capstone-bringing-it-all-together-",
    "enrolled": "After a course session ends, it will be",
    "rating": 4.8,
    "image": "https://prod-discovery.edx-cdn.org/media/course/image/3e9cff63-22d9-4d76-b123-9cd96d7f24ce-fce9b43155dd.small.jpeg"
  },
  {
    "name": "Writing successfully for the Stage",
    "level": "Intermediate",
    "desciption": "Learn to structure your dramatic writing to a professional standard, as well as develop professionally transferable communication skills. This course will broaden your understanding of how to write engaging and interesting stories in order to attract producers and directors to your work. You will understand how to write effective dialogue, and how to edit your work.",
    "catagory": "Communication",
    "subCatagory": "Writing for Performance and the Entertainment Industries",
    "time": "Estimated 4 weeks",
    "provider": "UniversityofCambridge",
    "source": "edx",
    "Audit": "Free",
    "certificate": "Optional upgrade available",
    "courseLink": "https://www.edx.org/course/writing-successfully-for-the-stage",
    "enrolled": "9,025 already enrolled! After a course session ends, it will be",
    "rating": 4.5,
    "image": "https://prod-discovery.edx-cdn.org/media/course/image/5a4fb01d-464b-4be4-a208-bca419195280-f15f3acbd530.small.jpeg"
  },
  {
    "name": "Stand Up!; Comedy Writing and Performance Poetry",
    "level": "Intermediate",
    "desciption": "Prepare to perform your comic writing and/or poetry to a live audience, as well as develop transferable writing skills and communication expertise that will be relevant in any profession. This course will broaden your understanding how to structure a stand-up comedy set, as well as allow you to understand how to use narrative form in your performance poetry texts. You will also reflect on the ways in which you might enhance the quality of your writing practice by being a performer yourself.",
    "catagory": "Communication",
    "subCatagory": "Writing for Performance and the Entertainment Industries",
    "time": "Estimated 4 weeks",
    "provider": "UniversityofCambridge",
    "source": "edx",
    "Audit": "Free",
    "certificate": "Optional upgrade available",
    "courseLink": "https://www.edx.org/course/stand-up-comedy-writing-and-performance-poetry",
    "enrolled": "After a course session ends, it will be",
    "rating": 4.4,
    "image": "https://prod-discovery.edx-cdn.org/media/course/image/767aa8e7-1d42-4292-85f1-ddcb6827e6d7-e80c86004f49.small.jpeg"
  },
  {
    "name": "Reconceiving Space: Installation and Performance Art",
    "level": "Intermediate",
    "desciption": "Learn to deepen your dramaturgical practice in the experimental world of installation and performance art, as well as continue to develop professionally transferable writing skills and communication expertise. This course will broaden your understanding of how to engage in creating innovative art work with a performative basis.",
    "catagory": "Communication",
    "subCatagory": "Writing for Performance and the Entertainment Industries",
    "time": "Estimated 4 weeks",
    "provider": "UniversityofCambridge",
    "source": "edx",
    "Audit": "Free",
    "certificate": "Optional upgrade available",
    "courseLink": "https://www.edx.org/course/re-conceiving-space-installation-and-performance-art",
    "enrolled": "After a course session ends, it will be",
    "rating": 4.6,
    "image": "https://prod-discovery.edx-cdn.org/media/course/image/76d88bcc-8581-4b5a-9057-158877d279d6-74d9ca896771.small.jpeg"
  },
  {
    "name": "Digital Platforms in Performance",
    "level": "Intermediate",
    "desciption": "Advance your digital story-telling prowess and learn how to create interactive gameplay scripts for video games, radio drama scripts for radio and/or podcasting, as well as content for your YouTube channel. Learn to transfer your skill as a dramatist into these innovative mediums.",
    "catagory": "Communication",
    "subCatagory": "Writing for Performance and the Entertainment Industries",
    "time": "Estimated 4 weeks",
    "provider": "UniversityofCambridge",
    "source": "edx",
    "Audit": "Free",
    "certificate": "Optional upgrade available",
    "courseLink": "https://www.edx.org/course/digital-platforms-in-performance",
    "enrolled": "After a course session ends, it will be",
    "rating": 4.8,
    "image": "https://prod-discovery.edx-cdn.org/media/course/image/b42ba0d8-08b2-48a4-904e-851a800f0c0e-9d260507a74e.small.jpeg"
  },
  {
    "name": "Video Game Writing Essentials",
    "level": "Introductory",
    "desciption": "Learn the essentials of writing for video games, from how games are developed and what game writers do, to the ways game stories differ from other kinds of stories.",
    "catagory": "Communication",
    "subCatagory": "Writing for Video Games",
    "time": "Estimated 5 weeks",
    "provider": "UBCx",
    "source": "edx",
    "Audit": "Free",
    "certificate": "Optional upgrade available",
    "courseLink": "https://www.edx.org/course/video-game-writing-and-development-essentials",
    "enrolled": "After a course session ends, it will be",
    "rating": 4.3,
    "image": "https://prod-discovery.edx-cdn.org/media/course/image/2588551d-4523-4fd7-94d5-0ad1b3b9e8b5-34c6fa3f4d65.small.png"
  },
  {
    "name": "Interactive Narrative",
    "level": "Introductory",
    "desciption": "Learn how to use player choice and interactivity to create compelling game experiences",
    "catagory": "Communication",
    "subCatagory": "Writing for Video Games",
    "time": "Estimated 5 weeks",
    "provider": "UBCx",
    "source": "edx",
    "Audit": "Free",
    "certificate": "Optional upgrade available",
    "courseLink": "https://www.edx.org/course/interactive-narrative",
    "enrolled": "After a course session ends, it will be",
    "rating": 4.7,
    "image": "https://prod-discovery.edx-cdn.org/media/course/image/7077f87f-b89a-4a27-9e44-2fa8bcce2e53-337494ae787c.small.jpeg"
  },
  {
    "name": "Writing Video Game Scenes and Dialogue",
    "level": "Introductory",
    "desciption": "Learn the fundamentals of writing cinematics, cutscenes, and in-game dialogue.",
    "catagory": "Communication",
    "subCatagory": "Writing for Video Games",
    "time": "Estimated 5 weeks",
    "provider": "UBCx",
    "source": "edx",
    "Audit": "Free",
    "certificate": "Optional upgrade available",
    "courseLink": "https://www.edx.org/course/writing-video-game-dialogue-scenes-character-interactions",
    "enrolled": "After a course session ends, it will be",
    "rating": 4.3,
    "image": "https://prod-discovery.edx-cdn.org/media/course/image/7e36ed1e-c3d0-4a20-b174-b3bafbfbdf0f-6aea14176f1f.small.jpeg"
  },
  {
    "name": "Writing Video Game Characters",
    "level": "Introductory",
    "desciption": "Learn how to make effective, memorable video game characters, from protagonists and antagonists to NPCs.",
    "catagory": "Communication",
    "subCatagory": "Writing for Video Games",
    "time": "Estimated 5 weeks",
    "provider": "UBCx",
    "source": "edx",
    "Audit": "Free",
    "certificate": "Optional upgrade available",
    "courseLink": "https://www.edx.org/course/writing-video-game-characters",
    "enrolled": "After a course session ends, it will be",
    "rating": 4.7,
    "image": "https://prod-discovery.edx-cdn.org/media/course/image/bc0936f1-dbce-4ee9-91c0-3fb0504c1acb-8aa8e86c1c8a.small.jpeg"
  },
  {
    "name": "Working as a Game Writer",
    "level": "Introductory",
    "desciption": "Learn what it takes to work as a video game writer: from resumes to writing tests to contracts and NDAs.",
    "catagory": "Communication",
    "subCatagory": "Writing for Video Games",
    "time": "Estimated 5 weeks",
    "provider": "UBCx",
    "source": "edx",
    "Audit": "Free",
    "certificate": "Optional upgrade available",
    "courseLink": "https://www.edx.org/course/working-as-a-game-writer",
    "enrolled": "After a course session ends, it will be",
    "rating": 4.6,
    "image": "https://prod-discovery.edx-cdn.org/media/course/image/f8051acc-3e2b-4bb7-b062-b6927aeea3eb-12247dbd9893.small.jpeg"
  },
  {
    "name": "Worldbuilding for Video Games",
    "level": "Introductory",
    "desciption": "Learn the fundamentals of building video game worlds, from a writer’s perspective.",
    "catagory": "Communication",
    "subCatagory": "Writing for Video Games",
    "time": "Estimated 5 weeks",
    "provider": "UBCx",
    "source": "edx",
    "Audit": "Free",
    "certificate": "Optional upgrade available",
    "courseLink": "https://www.edx.org/course/worldbuilding-for-video-games",
    "enrolled": "After a course session ends, it will be",
    "rating": 4.2,
    "image": "https://prod-discovery.edx-cdn.org/media/course/image/fd8f1b1d-2fa9-4c1b-afef-89aaab2db4ca-b6a7d3ab3944.small.jpeg"
  }
]