[
  {
    "name": "Human-Centered Design for Work at a Distance: Toolbox Essentials",
    "level": "Introductory",
    "desciption": "Learn and apply human-centered design tools to transform your work with others at a distance.",
    "catagory": "Design",
    "subCatagory": "Human-Centered Design for Work at a Distance",
    "time": "Estimated 4 weeks",
    "provider": "UBCx",
    "source": "edx",
    "Audit": "Free",
    "certificate": "Optional upgrade available",
    "courseLink": "https://www.edx.org/course/re-imagine-work-course-2",
    "enrolled": "After a course session ends, it will be",
    "rating": 4,
    "image": "https://prod-discovery.edx-cdn.org/media/course/image/590aa16b-8c8c-46cc-8128-3e902391f867-0f3ba8942fbc.small.png"
  },
  {
    "name": "Creative Coding",
    "level": "Introductory",
    "desciption": "Learn object-oriented programming for graphic design, digital media, and creative applications",
    "catagory": "Design",
    "subCatagory": "Integrated Digital Media",
    "time": "Estimated 14 weeks",
    "provider": "NYUx",
    "source": "edx",
    "Audit": "Free",
    "certificate": "Optional upgrade available",
    "courseLink": "https://www.edx.org/course/creative-coding",
    "enrolled": "34,221 already enrolled! After a course session ends, it will be",
    "rating": 4,
    "image": "https://prod-discovery.edx-cdn.org/media/course/image/1f5aba77-885b-4c88-b2b1-6211033edf39-044787ad0f8d.small.jpg"
  },
  {
    "name": "Engineering Design for a Circular Economy",
    "level": "Advanced",
    "desciption": "Discover and develop sustainable design and engineering methods to improve the reuse, repair, remanufacturing, and recycling of products for a circular economy.",
    "catagory": "Design",
    "subCatagory": "Others",
    "time": "Estimated 6 weeks",
    "provider": "DelftX",
    "source": "edx",
    "Audit": "Free",
    "certificate": "Optional upgrade available",
    "courseLink": "https://www.edx.org/course/engineering-design-for-a-circular-economy",
    "enrolled": "12,427 already enrolled! After a course session ends, it will be",
    "rating": 4.9,
    "image": "https://prod-discovery.edx-cdn.org/media/course/image/814814b1-3357-4143-bba4-daaeb6fdf902-65af37fd0d95.small.png"
  },
  {
    "name": "Sustainable Packaging in a Circular Economy",
    "level": "Intermediate",
    "desciption": "Learn how to apply the principles of the circular economy to sustainable packaging systems.",
    "catagory": "Design",
    "subCatagory": "Others",
    "time": "Estimated 6 weeks",
    "provider": "DelftX",
    "source": "edx",
    "Audit": "Free",
    "certificate": "Optional upgrade available",
    "courseLink": "https://www.edx.org/course/sustainable-packaging-in-a-circular-economy",
    "enrolled": "17,042 already enrolled! After a course session ends, it will be",
    "rating": 5,
    "image": "https://prod-discovery.edx-cdn.org/media/course/image/bba75eb8-48fd-48f1-8ba2-1e6e934d2656-9560cee13c23.small.jpg"
  },
  {
    "name": "Design Thinking: Theories and Applications",
    "level": "Introductory",
    "desciption": "Demystify design thinking as a process for problem-solving and learn how to use design thinking to solve complex and wicked problems.",
    "catagory": "Design",
    "subCatagory": "Others",
    "time": "Estimated 5 weeks",
    "provider": "HKPolyUx",
    "source": "edx",
    "Audit": "Free",
    "certificate": "Optional upgrade available",
    "courseLink": "https://www.edx.org/course/design-thinking-theories-and-applications",
    "enrolled": "After a course session ends, it will be",
    "rating": 4.4,
    "image": "https://prod-discovery.edx-cdn.org/media/course/image/bfa9000b-ed7a-45d6-83c5-435c4596e766-9dff8935f9d8.small.jpeg"
  },
  {
    "name": "Ergonomics in Action",
    "level": "Introductory",
    "desciption": "The course is designed to provide an understanding of how anthropometric and biomechanical information can be used in the design of workstations and products such as footwear with the aim of improving safety, productivity, comfort and health of people.",
    "catagory": "Design",
    "subCatagory": "Others",
    "time": "Estimated 6 weeks",
    "provider": "HKUSTx",
    "source": "edx",
    "Audit": "Free",
    "certificate": "Optional upgrade available",
    "courseLink": "https://www.edx.org/course/ergonomics-in-action",
    "enrolled": "After a course session ends, it will be",
    "rating": 4.5,
    "image": "https://prod-discovery.edx-cdn.org/media/course/image/1f757065-138f-45f2-857f-eaba7d99a548-5760a1ac67a2.small.png"
  },
  {
    "name": "Ergonomics in Design",
    "level": "Introductory",
    "desciption": "The course is designed to provide a basic understanding of ergonomics in design through the introduction of human anatomy, anthropometry, and modeling techniques with the aim of improving safety, productivity, comfort and health of people.",
    "catagory": "Design",
    "subCatagory": "Others",
    "time": "Estimated 6 weeks",
    "provider": "HKUSTx",
    "source": "edx",
    "Audit": "Free",
    "certificate": "Optional upgrade available",
    "courseLink": "https://www.edx.org/course/ergonomics-in-design",
    "enrolled": "After a course session ends, it will be",
    "rating": 4.3,
    "image": "https://prod-discovery.edx-cdn.org/media/course/image/b158102c-e8a3-4e03-b4ef-096065e1c84d-867080412bb8.small.jpeg"
  },
  {
    "name": "Digital Design",
    "level": "Introductory",
    "desciption": "The course is an introduction to",
    "catagory": "Design",
    "subCatagory": "Others",
    "time": "Estimated 5 weeks",
    "provider": "HKUSTx",
    "source": "edx",
    "Audit": "Free",
    "certificate": "Optional upgrade available",
    "courseLink": "https://www.edx.org/course/digital-design",
    "enrolled": "20,694 already enrolled! After a course session ends, it will be",
    "rating": 4.1,
    "image": "https://prod-discovery.edx-cdn.org/media/course/image/fff9bb19-b736-4eb3-913c-0460063da31c-9fca8a885546.small.png"
  },
  {
    "name": "Site Planning Online",
    "level": "Intermediate",
    "desciption": "How to plan a site, its infrastructure and public spaces so that it is sustainable, supports human needs, compatible with its natural and man-made surroundings, adaptable and economically efficient. The course includes many examples of well planned sites.",
    "catagory": "Design",
    "subCatagory": "Others",
    "time": "Estimated 10 weeks",
    "provider": "MITx",
    "source": "edx",
    "Audit": "Free",
    "certificate": "Optional upgrade available",
    "courseLink": "https://www.edx.org/course/site-planning-online",
    "enrolled": "22,510 already enrolled! After a course session ends, it will be",
    "rating": 4.1,
    "image": "https://prod-discovery.edx-cdn.org/media/course/image/52ec288b-8283-4c96-96ca-4da99828701b-bcabe8b5fadc.small.jpg"
  },
  {
    "name": "Re-Imagine Work: Strategies During COVID-19 and Beyond",
    "level": "Introductory",
    "desciption": "Improve and reinvent working at a distance during COVID-19 and beyond! Learn from strategic design experts, and build your at-home toolkit by applying human-centered design techniques.",
    "catagory": "Design",
    "subCatagory": "Others",
    "time": "Estimated 1 weeks",
    "provider": "UBCx",
    "source": "edx",
    "Audit": "Free",
    "certificate": "Access to course at no cost",
    "courseLink": "https://www.edx.org/course/working-remotely-and-covid-19",
    "enrolled": "11,732 already enrolled! After a course session ends, it will be",
    "rating": 4.1,
    "image": "https://prod-discovery.edx-cdn.org/media/course/image/1b09af85-4429-43ad-8182-2c58c4457517-07a79cc0ec1f.small.png"
  },
  {
    "name": "Design in Healthcare: Using Patient Journey Mapping",
    "level": "Introductory",
    "desciption": "Learn about the Patient Journey Mapping method for innovative product and service design in healthcare.",
    "catagory": "Design",
    "subCatagory": "Product Design & Health",
    "time": "Estimated 8 weeks",
    "provider": "DelftX",
    "source": "edx",
    "Audit": "Free",
    "certificate": "Optional upgrade available",
    "courseLink": "https://www.edx.org/course/design-in-healthcare-using-patient-journey-mapping",
    "enrolled": "20,199 already enrolled! After a course session ends, it will be",
    "rating": 4.8,
    "image": "https://prod-discovery.edx-cdn.org/media/course/image/ffbec579-96a8-46aa-8631-d4f4cefb6d40-ed33d7ddc355.small.png"
  },
  {
    "name": "Performative Modelling",
    "level": "Advanced",
    "desciption": "This course focuses on evaluating alternative spatial models to support evidence-based decision making. You will learn methods for calculating various spatial performance metrics related to the built environment. You will use these performance metrics to carry out comparative analysis of design options. By the end of the course, you will be able to create scripts that automate the process of generating and analysing alternative design options.",
    "catagory": "Design",
    "subCatagory": "Spatial Computational Thinking",
    "time": "Estimated 5 weeks",
    "provider": "NUS",
    "source": "edx",
    "Audit": "Free",
    "certificate": "Optional upgrade available",
    "courseLink": "https://www.edx.org/course/performative-modelling",
    "enrolled": "After a course session ends, it will be",
    "rating": 4.5,
    "image": "https://prod-discovery.edx-cdn.org/media/course/image/12bfae75-9c9f-47f5-a5f3-d4fe9f90ddfb-e9c45398c503.small.png"
  },
  {
    "name": "Procedural Modelling",
    "level": "Introductory",
    "desciption": "This course will focus on the fundamentals of procedural programming for generating spatial models. You will learn how to code, using functions, data structures and control-flow statements. You will create procedures to generate geometric models with attribute data. By the end of the course, you will be able to write your own procedures for generating spatial information models.",
    "catagory": "Design",
    "subCatagory": "Spatial Computational Thinking",
    "time": "Estimated 5 weeks",
    "provider": "NUS",
    "source": "edx",
    "Audit": "Free",
    "certificate": "Optional upgrade available",
    "courseLink": "https://www.edx.org/course/procedural-modelling",
    "enrolled": "After a course session ends, it will be",
    "rating": 5,
    "image": "https://prod-discovery.edx-cdn.org/media/course/image/962f029b-42a6-4fba-be50-b7fff6bf7e75-a02d446674f5.small.png"
  },
  {
    "name": "Generative Modelling",
    "level": "Advanced",
    "desciption": "This course focuses on generating spatial information models capturing various relationships and constraints. You will learn a set of advanced modelling techniques for generating spatial models. You will create multiple procedures that annotate and query your models using attribute data. By the end of the course, you will be able to create your own scripts consisting of multiple procedures working together to generate complex spatial information models.",
    "catagory": "Design",
    "subCatagory": "Spatial Computational Thinking",
    "time": "Estimated 5 weeks",
    "provider": "NUS",
    "source": "edx",
    "Audit": "Free",
    "certificate": "Optional upgrade available",
    "courseLink": "https://www.edx.org/course/generative-modelling",
    "enrolled": "After a course session ends, it will be",
    "rating": 4.7,
    "image": "https://prod-discovery.edx-cdn.org/media/course/image/e8fc5bd0-b257-42c7-9969-f2d9a01866e0-7aa85b9e2b56.small.jpeg"
  },
  {
    "name": "UX Prototyping",
    "level": "Intermediate",
    "desciption": "Become a prototyping virtuoso! Master the ability to propel your creative team from scrappy low-tech paper mock-ups to developing high-fidelity interactive prototypes, using the latest industry methods and tools.",
    "catagory": "Design",
    "subCatagory": "UX Design and Evaluation",
    "time": "Estimated 6 weeks",
    "provider": "HECMontrealX",
    "source": "edx",
    "Audit": "Free",
    "certificate": "Optional upgrade available",
    "courseLink": "https://www.edx.org/course/ux-prototyping",
    "enrolled": "After a course session ends, it will be",
    "rating": 4.5,
    "image": "https://prod-discovery.edx-cdn.org/media/course/image/61be438f-28b9-4339-9437-21c34b3c3dd6-e9ecfcecaf58.small.jpeg"
  },
  {
    "name": "UX Design",
    "level": "Intermediate",
    "desciption": "Master Design Thinking and UX Design through user-centred design to deliver innovative user experiences. Learn divergent ideation methods to bring creativity to problem-solving, and convergent ideation methods to innovate within your business context.",
    "catagory": "Design",
    "subCatagory": "UX Design and Evaluation",
    "time": "Estimated 6 weeks",
    "provider": "HECMontrealX",
    "source": "edx",
    "Audit": "Free",
    "certificate": "Optional upgrade available",
    "courseLink": "https://www.edx.org/course/ux-design",
    "enrolled": "14,518 already enrolled! After a course session ends, it will be",
    "rating": 4.6,
    "image": "https://prod-discovery.edx-cdn.org/media/course/image/cefc890d-8fba-4b33-8e51-421806c7ad47-5ced5528b9ef.small.jpeg"
  }
]