[
  {
    "name": "Money Markets, Foreign Exchange and Time Value of Money",
    "level": "Introductory",
    "desciption": "Get introduced to the money markets, foreign exchange and time-value of money.",
    "catagory": "Economics & Finance",
    "subCatagory": "Capital Markets",
    "time": "Estimated 4 weeks",
    "provider": "NYIF",
    "source": "edx",
    "Audit": "Free",
    "certificate": "Optional upgrade available",
    "courseLink": "https://www.edx.org/course/money-markets-foreign-exchange-and-time-value-of-m",
    "enrolled": "15,832 already enrolled! After a course session ends, it will be",
    "rating": 4.7,
    "image": "https://prod-discovery.edx-cdn.org/media/course/image/234715cb-4c35-4e65-bf20-7044247f5f48-773181c5c401.small.jpg"
  },
  {
    "name": "Bond and Equity Markets and Financial Regulation",
    "level": "Introductory",
    "desciption": "Get introduced to bond and equity markets and the regulations of financial markets.",
    "catagory": "Economics & Finance",
    "subCatagory": "Capital Markets",
    "time": "Estimated 6 weeks",
    "provider": "NYIF",
    "source": "edx",
    "Audit": "Cost to Enroll",
    "certificate": "$250 USD",
    "courseLink": "https://www.edx.org/course/bond-and-equity-markets-and-financial-regulation",
    "enrolled": "After a course session ends, it will be",
    "rating": 4.1,
    "image": "https://prod-discovery.edx-cdn.org/media/course/image/d878291d-824b-4a45-b6ee-22c8658ecd8f-238c2310e619.small.jpg"
  },
  {
    "name": "Cost of Capital",
    "level": "Introductory",
    "desciption": "Get introduced to the cost of capital and learn the implications of cost of capital for corporate & funding decisions.",
    "catagory": "Economics & Finance",
    "subCatagory": "Corporate Finance and Valuation Methods",
    "time": "Estimated 4 weeks",
    "provider": "NYIF",
    "source": "edx",
    "Audit": "Cost to Enroll",
    "certificate": "$150 USD",
    "courseLink": "https://www.edx.org/course/cost-of-capital",
    "enrolled": "After a course session ends, it will be",
    "rating": 4.5,
    "image": "https://prod-discovery.edx-cdn.org/media/course/image/11aa9418-a186-430c-92f1-d4a8b9afd9d8-3015e596fcee.small.jpeg"
  },
  {
    "name": "Corporate Funding Alternatives and Financing Strategies",
    "level": "Introductory",
    "desciption": "Learn about Corporate Funding Alternatives and Financing Strategies.",
    "catagory": "Economics & Finance",
    "subCatagory": "Corporate Finance and Valuation Methods",
    "time": "Estimated 2 weeks",
    "provider": "NYIF",
    "source": "edx",
    "Audit": "Cost to Enroll",
    "certificate": "$275 USD",
    "courseLink": "https://www.edx.org/course/corporate-funding-alternatives-and-financing-strategies",
    "enrolled": "After a course session ends, it will be",
    "rating": 4.4,
    "image": "https://prod-discovery.edx-cdn.org/media/course/image/3bf8dd1a-71af-4347-80dd-81cb479d7ce7-e5b141edc4ec.small.jpeg"
  },
  {
    "name": "Fundamentals of Financial Mathematics and Capital Budgeting",
    "level": "Introductory",
    "desciption": "Get introduced to the determinants of value, foundations of financial markets, and capital budgeting.",
    "catagory": "Economics & Finance",
    "subCatagory": "Corporate Finance and Valuation Methods",
    "time": "Estimated 4 weeks",
    "provider": "NYIF",
    "source": "edx",
    "Audit": "Free",
    "certificate": "Optional upgrade available",
    "courseLink": "https://www.edx.org/course/fundamental-of-financial-mathematics-and-capital-budgeting",
    "enrolled": "7,461 already enrolled! After a course session ends, it will be",
    "rating": 4.4,
    "image": "https://prod-discovery.edx-cdn.org/media/course/image/669905cf-e1eb-4a36-8d95-f6b6cfea1b2f-e412f02e016a.small.jpeg"
  },
  {
    "name": "Corporate Finance and Valuation Methods Professional Certificate Examination",
    "level": "Introductory",
    "desciption": "Complete the required exam to earn your professional certificate in Corporate Finance and Valuation Methods from the New York Institute of Finance.",
    "catagory": "Economics & Finance",
    "subCatagory": "Corporate Finance and Valuation Methods",
    "time": "Estimated 1 weeks",
    "provider": "NYIF",
    "source": "edx",
    "Audit": "Cost to Enroll",
    "certificate": "$500 USD",
    "courseLink": "https://www.edx.org/course/corporate-finance-and-valuation-methods-professional-certificate-examination",
    "enrolled": "After a course session ends, it will be",
    "rating": 4,
    "image": "https://prod-discovery.edx-cdn.org/media/course/image/ab531c9c-9e55-4b4d-9f4a-bf14b3a0b3de-f7aa5f7476f4.small.jpeg"
  },
  {
    "name": "Option Pricing and Applications in Capital Budgeting and Corporate Finance",
    "level": "Introductory",
    "desciption": "Get familiarized with Option Pricing and Applications in Capital Budgeting and Corporate Finance.",
    "catagory": "Economics & Finance",
    "subCatagory": "Corporate Finance and Valuation Methods",
    "time": "Estimated 4 weeks",
    "provider": "NYIF",
    "source": "edx",
    "Audit": "Cost to Enroll",
    "certificate": "$275 USD",
    "courseLink": "https://www.edx.org/course/option-pricing-and-applications-in-capital-budgeting-and-corporate-finance",
    "enrolled": "After a course session ends, it will be",
    "rating": 4.7,
    "image": "https://prod-discovery.edx-cdn.org/media/course/image/c8bc399d-22ca-48f9-a353-3894e2f4c949-f409af6547d9.small.jpeg"
  },
  {
    "name": "Discounted Cash Flow (DCF) and Other Valuation Methodologies",
    "level": "Introductory",
    "desciption": "Learn about Discounted Cash Flow (DCF) and Other Valuation Methodologies.",
    "catagory": "Economics & Finance",
    "subCatagory": "Corporate Finance and Valuation Methods",
    "time": "Estimated 4 weeks",
    "provider": "NYIF",
    "source": "edx",
    "Audit": "Cost to Enroll",
    "certificate": "$250 USD",
    "courseLink": "https://www.edx.org/course/discounted-cash-flow-dcf-and-other-valuation-methodologies",
    "enrolled": "After a course session ends, it will be",
    "rating": 4.3,
    "image": "https://prod-discovery.edx-cdn.org/media/course/image/e61ba9ca-dc28-447d-954c-1783923eaee4-ba0bf556c7bf.small.jpeg"
  },
  {
    "name": "Risk Management and Credit Principles",
    "level": "Advanced",
    "desciption": "Get introduced to risk management, credit principles, and business risk as they relate to a borrower.",
    "catagory": "Economics & Finance",
    "subCatagory": "Credit Risk and Credit Analysis",
    "time": "Estimated 6 weeks",
    "provider": "NYIF",
    "source": "edx",
    "Audit": "Free",
    "certificate": "Optional upgrade available",
    "courseLink": "https://www.edx.org/course/risk-management-and-credit-principles",
    "enrolled": "11,591 already enrolled! After a course session ends, it will be",
    "rating": 4,
    "image": "https://prod-discovery.edx-cdn.org/media/course/image/0a796b48-6754-4767-9e6a-d28bbde77561-8a14dac24d29.small.jpg"
  },
  {
    "name": "Cash Flow Analysis",
    "level": "Advanced",
    "desciption": "Learn the importance of a stable and consistent cash flow.",
    "catagory": "Economics & Finance",
    "subCatagory": "Credit Risk and Credit Analysis",
    "time": "Estimated 4 weeks",
    "provider": "NYIF",
    "source": "edx",
    "Audit": "Cost to Enroll",
    "certificate": "$300 USD",
    "courseLink": "https://www.edx.org/course/cash-flow-analysis",
    "enrolled": "After a course session ends, it will be",
    "rating": 4.9,
    "image": "https://prod-discovery.edx-cdn.org/media/course/image/1769d726-77b5-4721-99a5-cf17b32d5945-3b3ce8a86663.small.jpg"
  },
  {
    "name": "Ratio Analysis",
    "level": "Advanced",
    "desciption": "Get introduced to the various ratios used for corporate financial analysis and learn how to customize them to assess the creditworthiness of a company.",
    "catagory": "Economics & Finance",
    "subCatagory": "Credit Risk and Credit Analysis",
    "time": "Estimated 5 weeks",
    "provider": "NYIF",
    "source": "edx",
    "Audit": "Cost to Enroll",
    "certificate": "$200 USD",
    "courseLink": "https://www.edx.org/course/ratio-analysis",
    "enrolled": "After a course session ends, it will be",
    "rating": 4.2,
    "image": "https://prod-discovery.edx-cdn.org/media/course/image/1d52e366-b627-4c6c-ba24-7bd883907fb3-fc0d6b1a00e3.small.jpg"
  },
  {
    "name": "Credit and Credit Risk Analysis Professional Certificate Examination",
    "level": "Advanced",
    "desciption": "Complete the required exam to earn your professional certificate in Credit and Credit Risk Analysis from the New York Institute of Finance.",
    "catagory": "Economics & Finance",
    "subCatagory": "Credit Risk and Credit Analysis",
    "time": "Estimated 1 weeks",
    "provider": "NYIF",
    "source": "edx",
    "Audit": "Cost to Enroll",
    "certificate": "$450 USD",
    "courseLink": "https://www.edx.org/course/credit-and-credit-risk-analysis-professional-certi",
    "enrolled": "After a course session ends, it will be",
    "rating": 4,
    "image": "https://prod-discovery.edx-cdn.org/media/course/image/48c330ea-1697-4c68-90aa-dd16a1d575bf-cd8cb5b73ef2.small.jpg"
  },
  {
    "name": "FX Markets Derivatives, Cross Currency Swaps, and Credit Derivatives",
    "level": "Introductory",
    "desciption": "Learn about Credit Default Swaps (CDS) and other factors used in pricing and trading credit default products.",
    "catagory": "Economics & Finance",
    "subCatagory": "Derivatives",
    "time": "Estimated 3 weeks",
    "provider": "NYIF",
    "source": "edx",
    "Audit": "Cost to Enroll",
    "certificate": "$215 USD",
    "courseLink": "https://www.edx.org/course/fx-markets-derivatives-cross-currency-swaps-and-credit-derivatives",
    "enrolled": "After a course session ends, it will be",
    "rating": 4,
    "image": "https://prod-discovery.edx-cdn.org/media/course/image/0f62c620-1194-40a2-8ef7-9a9a8471669c-d25ae64d2924.small.jpeg"
  },
  {
    "name": "Swaps Fundamentals",
    "level": "Introductory",
    "desciption": "Develop an understanding of the basic financial theories and concepts relevant to swaps.",
    "catagory": "Economics & Finance",
    "subCatagory": "Derivatives",
    "time": "Estimated 3 weeks",
    "provider": "NYIF",
    "source": "edx",
    "Audit": "Cost to Enroll",
    "certificate": "$215 USD",
    "courseLink": "https://www.edx.org/course/swaps-fundamentals",
    "enrolled": "After a course session ends, it will be",
    "rating": 4.4,
    "image": "https://prod-discovery.edx-cdn.org/media/course/image/a9cb8a62-f909-4ed2-ae49-33d870ce0d6e-c3e758ed6ecb.small.jpeg"
  },
  {
    "name": "Option Contracts, Participants, Strategies, and Pricing",
    "level": "Introductory",
    "desciption": "Learn about the basics of option pricing, discounting, future valuing, and the Law of No-arbitrage.",
    "catagory": "Economics & Finance",
    "subCatagory": "Derivatives",
    "time": "Estimated 3 weeks",
    "provider": "NYIF",
    "source": "edx",
    "Audit": "Cost to Enroll",
    "certificate": "$215 USD",
    "courseLink": "https://www.edx.org/course/option-contracts-participants-strategies-and-pricing",
    "enrolled": "After a course session ends, it will be",
    "rating": 5,
    "image": "https://prod-discovery.edx-cdn.org/media/course/image/b08b6784-595a-42b4-9994-805644421bf6-1d37d0d51d6b.small.jpeg"
  },
  {
    "name": "Forwards and Futures",
    "level": "Introductory",
    "desciption": "Develop a comprehensive, practical understanding of forwards and futures including market conventions, contract specifications, valuation, and trading strategies",
    "catagory": "Economics & Finance",
    "subCatagory": "Derivatives",
    "time": "Estimated 3 weeks",
    "provider": "NYIF",
    "source": "edx",
    "Audit": "Free",
    "certificate": "Optional upgrade available",
    "courseLink": "https://www.edx.org/course/forwards-and-futures",
    "enrolled": "After a course session ends, it will be",
    "rating": 4.4,
    "image": "https://prod-discovery.edx-cdn.org/media/course/image/f8e4891c-dc5d-40a7-99ff-903bebe6608c-e8178b5e3601.small.jpeg"
  },
  {
    "name": "Mathematical Methods for Quantitative Finance",
    "level": "Advanced",
    "desciption": "Learn the mathematical foundations essential for financial engineering and quantitative finance: linear algebra, optimization, probability, stochastic processes, statistics, and applied computational techniques in R.",
    "catagory": "Economics & Finance",
    "subCatagory": "Finance",
    "time": "Estimated 12 weeks",
    "provider": "MITx",
    "source": "edx",
    "Audit": "Free",
    "certificate": "Optional upgrade available",
    "courseLink": "https://www.edx.org/course/mathematical-methods-for-quantitative-finance",
    "enrolled": "25,167 already enrolled! After a course session ends, it will be",
    "rating": 4.9,
    "image": "https://prod-discovery.edx-cdn.org/media/course/image/1bf266b1-0a55-43e5-ae9f-f0c9a51aa515-cd41794112bc.small.jpeg"
  },
  {
    "name": "Derivatives Markets: Advanced Modeling and Strategies",
    "level": "Advanced",
    "desciption": "Financial derivatives are ubiquitous in global capital markets. Students will obtain a sophisticated understanding of valuation methods; tools for quantifying, hedging, and speculating on risk; and a basic familiarity with major markets and instruments.",
    "catagory": "Economics & Finance",
    "subCatagory": "Finance",
    "time": "Estimated 12 weeks",
    "provider": "MITx",
    "source": "edx",
    "Audit": "Free",
    "certificate": "Optional upgrade available",
    "courseLink": "https://www.edx.org/course/derivatives-markets-advanced-modeling-and-strategies",
    "enrolled": "16,860 already enrolled! After a course session ends, it will be",
    "rating": 4.9,
    "image": "https://prod-discovery.edx-cdn.org/media/course/image/6e8a49e3-e74b-4a74-81b7-ebaf9c82c620-e20771d7a2a2.small.jpeg"
  },
  {
    "name": "Financial Accounting",
    "level": "Advanced",
    "desciption": "How do investors, creditors, and other users analyze financial statements to assess corporate performance? Learn financial accounting, how to read financial statements, and how to gather inputs to valuation models.",
    "catagory": "Economics & Finance",
    "subCatagory": "Finance",
    "time": "Estimated 12 weeks",
    "provider": "MITx",
    "source": "edx",
    "Audit": "Free",
    "certificate": "Optional upgrade available",
    "courseLink": "https://www.edx.org/course/finance-accounting",
    "enrolled": "27,870 already enrolled! After a course session ends, it will be",
    "rating": 4.4,
    "image": "https://prod-discovery.edx-cdn.org/media/course/image/7c566601-6ddb-4013-aa8e-e0cf29482e35-fb2b80811d13.small.jpeg"
  },
  {
    "name": "Foundations of Modern Finance I",
    "level": "Advanced",
    "desciption": "A mathematically rigorous framework to understand financial markets delivered with data-driven insights from MIT professors.",
    "catagory": "Economics & Finance",
    "subCatagory": "Finance",
    "time": "Estimated 12 weeks",
    "provider": "MITx",
    "source": "edx",
    "Audit": "Free",
    "certificate": "Optional upgrade available",
    "courseLink": "https://www.edx.org/course/foundations-of-modern-finance-i",
    "enrolled": "49,165 already enrolled! After a course session ends, it will be",
    "rating": 5,
    "image": "https://prod-discovery.edx-cdn.org/media/course/image/8a1c5e35-6538-428c-a707-27d94c907187-8bb1447acc40.small.jpeg"
  },
  {
    "name": "Foundations of Modern Finance II",
    "level": "Advanced",
    "desciption": "Learn fundamental principles of modern finance, including valuation models, methods for risk analysis, derivative instruments and investment management.",
    "catagory": "Economics & Finance",
    "subCatagory": "Finance",
    "time": "Estimated 12 weeks",
    "provider": "MITx",
    "source": "edx",
    "Audit": "Free",
    "certificate": "Optional upgrade available",
    "courseLink": "https://www.edx.org/course/foundations-of-modern-finance-ii",
    "enrolled": "13,806 already enrolled! After a course session ends, it will be",
    "rating": 4.9,
    "image": "https://prod-discovery.edx-cdn.org/media/course/image/cb9eacc2-8af3-4216-808e-daa4b41bdd95-1f7bb89ec119.small.jpeg"
  },
  {
    "name": "Reporting Investments, Pensions, and Financial Statement Analysis",
    "level": "Introductory",
    "desciption": "Get introduced to Pension Accounting, Accounting for Stock Options, and Financial Statement Analysis.",
    "catagory": "Economics & Finance",
    "subCatagory": "Financial Accounting",
    "time": "Estimated 4 weeks",
    "provider": "NYIF",
    "source": "edx",
    "Audit": "Cost to Enroll",
    "certificate": "$400 USD",
    "courseLink": "https://www.edx.org/course/reporting-investments-and-pensions",
    "enrolled": "After a course session ends, it will be",
    "rating": 4.6,
    "image": "https://prod-discovery.edx-cdn.org/media/course/image/14a65d19-1d15-4d77-bdcc-2453a9eff4d8-5e66e313bc08.small.jpeg"
  },
  {
    "name": "Financial Accounting Professional Certificate Examination",
    "level": "Introductory",
    "desciption": "Complete the required exam to earn your Professional Certificate in Financial Accounting from the New York Institute of Finance.",
    "catagory": "Economics & Finance",
    "subCatagory": "Financial Accounting",
    "time": "Estimated 1 weeks",
    "provider": "NYIF",
    "source": "edx",
    "Audit": "Cost to Enroll",
    "certificate": "$500 USD",
    "courseLink": "https://www.edx.org/course/financial-accounting-professional-certificate-examination",
    "enrolled": "After a course session ends, it will be",
    "rating": 4.8,
    "image": "https://prod-discovery.edx-cdn.org/media/course/image/66a33b0f-aeba-4d71-8132-5f5f9798bac6-23f24c5f0457.small.jpeg"
  },
  {
    "name": "Reporting Liabilities and Owners Capital and Cashflow",
    "level": "Introductory",
    "desciption": "Get introduced to reporting liabilities and owner’s capital and cashflow.",
    "catagory": "Economics & Finance",
    "subCatagory": "Financial Accounting",
    "time": "Estimated 4 weeks",
    "provider": "NYIF",
    "source": "edx",
    "Audit": "Cost to Enroll",
    "certificate": "$300 USD",
    "courseLink": "https://www.edx.org/course/reporting-liabilities-and-owners-capital-and-cashflow",
    "enrolled": "After a course session ends, it will be",
    "rating": 4,
    "image": "https://prod-discovery.edx-cdn.org/media/course/image/81eda5c1-35f6-4c3f-b720-4d8fcd9fc367-0aba8839bafa.small.jpeg"
  },
  {
    "name": "Reporting Firm Resources, Obligations and Performance",
    "level": "Introductory",
    "desciption": "Explore the core resources, obligations and performance or a reporting firm.",
    "catagory": "Economics & Finance",
    "subCatagory": "Financial Accounting",
    "time": "Estimated 4 weeks",
    "provider": "NYIF",
    "source": "edx",
    "Audit": "Cost to Enroll",
    "certificate": "$100 USD",
    "courseLink": "https://www.edx.org/course/reporting-firm-resources-obligations-and-performance",
    "enrolled": "After a course session ends, it will be",
    "rating": 4,
    "image": "https://prod-discovery.edx-cdn.org/media/course/image/99d35e13-ac54-4243-b331-3d98076f7faf-f99632d6269b.small.jpeg"
  },
  {
    "name": "Accounting System Structure and Information Management",
    "level": "Introductory",
    "desciption": "Get introduced to accounting concepts and learn how accountants measure income and record transactions.",
    "catagory": "Economics & Finance",
    "subCatagory": "Financial Accounting",
    "time": "Estimated 4 weeks",
    "provider": "NYIF",
    "source": "edx",
    "Audit": "Free",
    "certificate": "Optional upgrade available",
    "courseLink": "https://www.edx.org/course/accounting-system-structure-and-information-management",
    "enrolled": "After a course session ends, it will be",
    "rating": 4.6,
    "image": "https://prod-discovery.edx-cdn.org/media/course/image/bfd6a287-1ed4-49dc-9d43-cdee9abbe643-af92c2a0427b.small.jpeg"
  },
  {
    "name": "Reporting Use of Firm Resources and Taxation",
    "level": "Introductory",
    "desciption": "Understand the reporting uses of a firm’s resource and taxation.",
    "catagory": "Economics & Finance",
    "subCatagory": "Financial Accounting",
    "time": "Estimated 4 weeks",
    "provider": "NYIF",
    "source": "edx",
    "Audit": "Cost to Enroll",
    "certificate": "$200 USD",
    "courseLink": "https://www.edx.org/course/reporting-use-of-firm-resources-and-taxation",
    "enrolled": "After a course session ends, it will be",
    "rating": 4.7,
    "image": "https://prod-discovery.edx-cdn.org/media/course/image/ebb6449a-af1c-4e58-b61a-7caf0b44222a-c4fc171b1f1f.small.jpeg"
  },
  {
    "name": "Financial Analysis of Insurance Companies – Industry Overview and Analysis of Financial and Regulatory Reporting",
    "level": "Advanced",
    "desciption": "Take a deep dive into the operating practices, accounting methodology, and regulatory environment of the insurance industry.",
    "catagory": "Economics & Finance",
    "subCatagory": "Financial Analysis of Insurance Companies",
    "time": "Estimated 3 weeks",
    "provider": "NYIF",
    "source": "edx",
    "Audit": "Free",
    "certificate": "Optional upgrade available",
    "courseLink": "https://www.edx.org/course/financial-analysis-of-insurance-companies-industry-overview-and-analysis-of-financial-and-regulatory-reporting",
    "enrolled": "After a course session ends, it will be",
    "rating": 4.2,
    "image": "https://prod-discovery.edx-cdn.org/media/course/image/60d71222-ae27-4402-9ad7-70cd1cab86e4-3efa6117be35.small.png"
  },
  {
    "name": "Economics: Consumer Demand",
    "level": "Introductory",
    "desciption": "Learn the fundamental economic principles of consumer demand and how the relationship between price, quantity and demand affect the market.",
    "catagory": "Economics & Finance",
    "subCatagory": "Financial Decision-Making for Leaders",
    "time": "Estimated 4 weeks",
    "provider": "BabsonX",
    "source": "edx",
    "Audit": "Free",
    "certificate": "Optional upgrade available",
    "courseLink": "https://www.edx.org/course/economics-consumer-demand-2",
    "enrolled": "12,734 already enrolled! After a course session ends, it will be",
    "rating": 4.7,
    "image": "https://prod-discovery.edx-cdn.org/media/course/image/ab6ffdf5-70e5-4932-ba39-1c156647a367-d5a8f54eb580.small.jpg"
  },
  {
    "name": "Introduction to FinTech",
    "level": "Introductory",
    "desciption": "Learn from leading academics and practitioners from around the world about the innovations, technology and regulation driving the transformation of finance.",
    "catagory": "Economics & Finance",
    "subCatagory": "FinTech",
    "time": "Estimated 6 weeks",
    "provider": "HKUx",
    "source": "edx",
    "Audit": "Free",
    "certificate": "Optional upgrade available",
    "courseLink": "https://www.edx.org/course/introduction-to-fintech",
    "enrolled": "95,643 already enrolled! After a course session ends, it will be",
    "rating": 4,
    "image": "https://prod-discovery.edx-cdn.org/media/course/image/15923a19-7f31-4767-a7a0-73da8886f7b8-be5909a46055.small.jpg"
  },
  {
    "name": "FinTech Ethics and Risks",
    "level": "Introductory",
    "desciption": "Learn how individuals and organizations can utilize and regulate blockchain, AI, and other FinTech solutions to ensure their adoption does not come at the expense of societal growth.",
    "catagory": "Economics & Finance",
    "subCatagory": "FinTech",
    "time": "Estimated 6 weeks",
    "provider": "HKUx",
    "source": "edx",
    "Audit": "Free",
    "certificate": "Optional upgrade available",
    "courseLink": "https://www.edx.org/course/fintech-ethics-and-risks",
    "enrolled": "13,432 already enrolled! After a course session ends, it will be",
    "rating": 4.9,
    "image": "https://prod-discovery.edx-cdn.org/media/course/image/b72fc2e6-963f-4ec6-be14-0dab8807fc66-566c4faf668d.small.jpg"
  },
  {
    "name": "Fintech: AI & Machine Learning in the Financial Industry",
    "level": "Intermediate",
    "desciption": "This course provides a detailed explanation of machine learning and its applications in finance.",
    "catagory": "Economics & Finance",
    "subCatagory": "Fintech: The Future of Finance",
    "time": "Estimated 4 weeks",
    "provider": "UTAustinX",
    "source": "edx",
    "Audit": "Cost to Enroll",
    "certificate": "$795 USD",
    "courseLink": "https://www.edx.org/course/fintech-machine-learning-and-finance",
    "enrolled": "After a course session ends, it will be",
    "rating": 4.3,
    "image": "https://prod-discovery.edx-cdn.org/media/course/image/295caad9-4c1c-4895-be05-8d60abf567ac-ddb264863596.small.jpeg"
  },
  {
    "name": "Fintech: Overview of the Fintech Sector",
    "level": "Intermediate",
    "desciption": "This course provides a review of the most recent technological advances that are radically changing the financial services industry.",
    "catagory": "Economics & Finance",
    "subCatagory": "Fintech: The Future of Finance",
    "time": "Estimated 3 weeks",
    "provider": "UTAustinX",
    "source": "edx",
    "Audit": "Free",
    "certificate": "Optional upgrade available",
    "courseLink": "https://www.edx.org/course/fintech-overview-of-the-fintech-sector",
    "enrolled": "After a course session ends, it will be",
    "rating": 4.1,
    "image": "https://prod-discovery.edx-cdn.org/media/course/image/5f179f35-7a24-4e70-abb9-6a61e9ccb92f-ee7dc44f8011.small.jpeg"
  },
  {
    "name": "Fintech: IoT and APIs in the Financial Industry",
    "level": "Intermediate",
    "desciption": "This course provides an in-dept review of the technology of payments, API, open banking, insurtech and Internet-of-Things in finance.",
    "catagory": "Economics & Finance",
    "subCatagory": "Fintech: The Future of Finance",
    "time": "Estimated 3 weeks",
    "provider": "UTAustinX",
    "source": "edx",
    "Audit": "Cost to Enroll",
    "certificate": "$795 USD",
    "courseLink": "https://www.edx.org/course/fintech-iot-and-apis-in-the-financial-indutry",
    "enrolled": "After a course session ends, it will be",
    "rating": 4.8,
    "image": "https://prod-discovery.edx-cdn.org/media/course/image/6466ee11-b3f5-4496-9bfd-cd83d0d96e63-8ed7826cfb99.small.jpeg"
  },
  {
    "name": "Fintech: Blockchain for Business and Finance",
    "level": "Intermediate",
    "desciption": "This course provides a business-oriented examination of blockchain technology and its applications.",
    "catagory": "Economics & Finance",
    "subCatagory": "Fintech: The Future of Finance",
    "time": "Estimated 4 weeks",
    "provider": "UTAustinX",
    "source": "edx",
    "Audit": "Cost to Enroll",
    "certificate": "$795 USD",
    "courseLink": "https://www.edx.org/course/fintech-blockhain-for-business-and-finance",
    "enrolled": "After a course session ends, it will be",
    "rating": 4.3,
    "image": "https://prod-discovery.edx-cdn.org/media/course/image/dde01f6b-6ee5-4bbb-a50c-25af7b0ac5c4-3823134721cb.small.png"
  },
  {
    "name": "Healthcare Finance, Economics and Risk",
    "level": "Intermediate",
    "desciption": "Gain the knowledge of financial systems needed to be a leader or administrator in the healthcare industry and how they impact strategic planning, quality assurance and risk management initiatives.",
    "catagory": "Economics & Finance",
    "subCatagory": "Healthcare Administration",
    "time": "Estimated 5 weeks",
    "provider": "DoaneX",
    "source": "edx",
    "Audit": "Free",
    "certificate": "Optional upgrade available",
    "courseLink": "https://www.edx.org/course/healthcare-finance-economics-and-risk",
    "enrolled": "9,954 already enrolled! After a course session ends, it will be",
    "rating": 4.9,
    "image": "https://prod-discovery.edx-cdn.org/media/course/image/e84f5ffc-bec0-44b6-98e7-8152d2d3475b-8af9db49a0bb.small.jpg"
  },
  {
    "name": "Quantitative Technical Analysis",
    "level": "Introductory",
    "desciption": "Technical analysis has long been practiced in a subjective manner. This course will break that practice and present an objective review of technical analysis.",
    "catagory": "Economics & Finance",
    "subCatagory": "Introduction to Trading with Technical Analysis",
    "time": "Estimated 4 weeks",
    "provider": "NYIF",
    "source": "edx",
    "Audit": "Cost to Enroll",
    "certificate": "$299 USD",
    "courseLink": "https://www.edx.org/course/quantitative-technical-analysis",
    "enrolled": "After a course session ends, it will be",
    "rating": 4.1,
    "image": "https://prod-discovery.edx-cdn.org/media/course/image/be507626-8e8b-41cc-b022-cdd85f97a914-cbef8ce9e40c.small.jpeg"
  },
  {
    "name": "Trading - Fundamentals of Technical Analysis",
    "level": "Introductory",
    "desciption": "Learn how to apply technical analysis as a standalone trading methodology or as a supplement to fundamental analysis using tools that are based on price action and other technical principles.",
    "catagory": "Economics & Finance",
    "subCatagory": "Introduction to Trading with Technical Analysis",
    "time": "Estimated 6 weeks",
    "provider": "NYIF",
    "source": "edx",
    "Audit": "Free",
    "certificate": "Optional upgrade available",
    "courseLink": "https://www.edx.org/course/trading-fundamentals-of-technical-analysis",
    "enrolled": "36,329 already enrolled! After a course session ends, it will be",
    "rating": 4.5,
    "image": "https://prod-discovery.edx-cdn.org/media/course/image/c34bc1e3-858b-4b4f-84c6-0a1d5a51d48d-1cc485f6a05f.small.jpeg"
  },
  {
    "name": "Macroeconomics Performance Indicators",
    "level": "Intermediate",
    "desciption": "The macroeconomy affects business conditions and broader social outcomes. Learn about key performance indicators of macroeconomics such as GDP, unemployment and inflation.",
    "catagory": "Economics & Finance",
    "subCatagory": "Macroeconomics",
    "time": "Estimated 6 weeks",
    "provider": "UQx",
    "source": "edx",
    "Audit": "Free",
    "certificate": "Optional upgrade available",
    "courseLink": "https://www.edx.org/course/macroeconomics-performance-indicators",
    "enrolled": "After a course session ends, it will be",
    "rating": 4.6,
    "image": "https://prod-discovery.edx-cdn.org/media/course/image/5549df7b-e6e2-4480-8b2a-82d40a9564e3-9c48a242a39d.small.jpeg"
  },
  {
    "name": "Macroeconomics Policy",
    "level": "Intermediate",
    "desciption": "Learn to analyse contemporary macroeconomic policy issues and their impacts on business and on society.",
    "catagory": "Economics & Finance",
    "subCatagory": "Macroeconomics",
    "time": "Estimated 6 weeks",
    "provider": "UQx",
    "source": "edx",
    "Audit": "Free",
    "certificate": "Optional upgrade available",
    "courseLink": "https://www.edx.org/course/macroeconomics-policy",
    "enrolled": "After a course session ends, it will be",
    "rating": 4.3,
    "image": "https://prod-discovery.edx-cdn.org/media/course/image/c4d6f949-3d8f-4751-83e6-52a06ccbeec2-ba0cc10d8841.small.jpeg"
  },
  {
    "name": "International Macroeconomics",
    "level": "Intermediate",
    "desciption": "Explore the fundamentals of contemporary international macroeconomy including trade, exchange rate systems, international financial policy and open macroeconomy.",
    "catagory": "Economics & Finance",
    "subCatagory": "Macroeconomics",
    "time": "Estimated 6 weeks",
    "provider": "UQx",
    "source": "edx",
    "Audit": "Free",
    "certificate": "Optional upgrade available",
    "courseLink": "https://www.edx.org/course/international-macroeconomics",
    "enrolled": "After a course session ends, it will be",
    "rating": 4.2,
    "image": "https://prod-discovery.edx-cdn.org/media/course/image/d3546dd2-634d-4e23-b3fe-eae95b72e132-3a5fa1e1847f.small.jpeg"
  },
  {
    "name": "Principles of Microeconomics: Competitive Markets",
    "level": "Intermediate",
    "desciption": "Become immersed in economic concepts including elasticity of demand, market pricing, explicit and implicit costs and economic profit maximisation. Learn about monopolistic markets and market structure impacts on production and profit.",
    "catagory": "Economics & Finance",
    "subCatagory": "Microeconomics",
    "time": "Estimated 6 weeks",
    "provider": "UQx",
    "source": "edx",
    "Audit": "Free",
    "certificate": "Optional upgrade available",
    "courseLink": "https://www.edx.org/course/competitive-and-imperfectly-competitive-markets",
    "enrolled": "After a course session ends, it will be",
    "rating": 4.2,
    "image": "https://prod-discovery.edx-cdn.org/media/course/image/57c3b2ca-c7d6-4e69-b8ca-480ec4553eea-016a49523dec.small.jpeg"
  },
  {
    "name": "Principles of Microeconomics: An Economist Way of Thinking",
    "level": "Intermediate",
    "desciption": "Explore the fundamentals of microeconomics including economic efficiency, scarcity and opportunity costs. This course will set you up to think like an economist and to identify how economics relates to the everyday choices we make.",
    "catagory": "Economics & Finance",
    "subCatagory": "Microeconomics",
    "time": "Estimated 6 weeks",
    "provider": "UQx",
    "source": "edx",
    "Audit": "Free",
    "certificate": "Optional upgrade available",
    "courseLink": "https://www.edx.org/course/principles-of-microeconomics",
    "enrolled": "After a course session ends, it will be",
    "rating": 4.7,
    "image": "https://prod-discovery.edx-cdn.org/media/course/image/c8c0bd36-acf6-4113-8bb6-7c5bde591af3-c6e03a7b72ab.small.jpeg"
  },
  {
    "name": "Principles of Microeconomics: Social Microeconomics",
    "level": "Intermediate",
    "desciption": "Learn about the realm of public goods and game theory. You will investigate and analyse how competitive markets, price discrimination and many more microeconimic concepts contribute to particular outcomes in the real world.",
    "catagory": "Economics & Finance",
    "subCatagory": "Microeconomics",
    "time": "Estimated 6 weeks",
    "provider": "UQx",
    "source": "edx",
    "Audit": "Free",
    "certificate": "Optional upgrade available",
    "courseLink": "https://www.edx.org/course/social-microeconomics",
    "enrolled": "After a course session ends, it will be",
    "rating": 4.8,
    "image": "https://prod-discovery.edx-cdn.org/media/course/image/e08c6f6e-16af-4de3-bde3-a4e84c6c826d-ac69ae9dc38a.small.jpeg"
  },
  {
    "name": "Microeconomics & Business",
    "level": "Introductory",
    "desciption": "Explore microeconomics and its relationship to business decision-making.",
    "catagory": "Economics & Finance",
    "subCatagory": "Others",
    "time": "Estimated 8 weeks",
    "provider": "DoaneX",
    "source": "edx",
    "Audit": "Free",
    "certificate": "Optional upgrade available",
    "courseLink": "https://www.edx.org/course/microeconomics-business",
    "enrolled": "11,693 already enrolled! After a course session ends, it will be",
    "rating": 4.4,
    "image": "https://prod-discovery.edx-cdn.org/media/course/image/18fd6db6-9566-49af-96d3-c86d9b33562e-175bac51c339.small.jpg"
  },
  {
    "name": "Macroeconomics - The Basics",
    "level": "Introductory",
    "desciption": "Explore macroeconomics and its current and future trends.",
    "catagory": "Economics & Finance",
    "subCatagory": "Others",
    "time": "Estimated 8 weeks",
    "provider": "DoaneX",
    "source": "edx",
    "Audit": "Free",
    "certificate": "Optional upgrade available",
    "courseLink": "https://www.edx.org/course/macroeconomics-literacy",
    "enrolled": "7,111 already enrolled! After a course session ends, it will be",
    "rating": 4.2,
    "image": "https://prod-discovery.edx-cdn.org/media/course/image/e9371883-431c-4734-b93a-9bba8a7ef730-5469fac918f7.small.jpg"
  },
  {
    "name": "Impact Evaluation Methods with Applications in Low- and Middle-Income Countries",
    "level": "Introductory",
    "desciption": "Economic development is about making a difference in the lives of the poor, through interventions in the health, education, microfinance, transport, agriculture, and other sectors. This course will provide you with the experimental and statistical tools you need to measure the impacts you are hoping to see. How do you design and conduct a randomized control trial, and how do you evaluate the data using regression techniques? What other quasi-experimental methods can be used? How do you know you’re making a difference?",
    "catagory": "Economics & Finance",
    "subCatagory": "Others",
    "time": "Estimated 24 weeks",
    "provider": "GeorgetownX",
    "source": "edx",
    "Audit": "Free",
    "certificate": "Optional upgrade available",
    "courseLink": "https://www.edx.org/course/impact-evaluation-methods-with-applications-in-low-and-middle-income-countries",
    "enrolled": "After a course session ends, it will be",
    "rating": 4,
    "image": "https://prod-discovery.edx-cdn.org/media/course/image/6b09848a-68fc-4ee4-a8af-5794d0a98f11-a4baccbc54ff.small.jpeg"
  },
  {
    "name": "State, Law and the Economy I",
    "level": "Intermediate",
    "desciption": "Part One of a four-part course on the economic analysis of the state, law, and the economy and their interrelationships. Part one studies the contractual nature of the state, the logic of collective action, liberty and the theory of the democratic state.",
    "catagory": "Economics & Finance",
    "subCatagory": "Others",
    "time": "Estimated 5 weeks",
    "provider": "HKUx",
    "source": "edx",
    "Audit": "Free",
    "certificate": "Optional upgrade available",
    "courseLink": "https://www.edx.org/course/state-law-and-the-economy-i",
    "enrolled": "After a course session ends, it will be",
    "rating": 5,
    "image": "https://prod-discovery.edx-cdn.org/media/course/image/5433610c-bd54-4ee1-a5ce-5adcc2227ef7-d5d32c1bf3b8.small.jpeg"
  },
  {
    "name": "Balance of Payments and International Investment Position Statistics",
    "level": "Intermediate",
    "desciption": "Learn the fundamentals needed to compile the international accounts.",
    "catagory": "Economics & Finance",
    "subCatagory": "Others",
    "time": "Estimated 8 weeks",
    "provider": "IMFx",
    "source": "edx",
    "Audit": "Free",
    "certificate": "Optional upgrade available",
    "courseLink": "https://www.edx.org/course/balance-of-payments-and-international-investment-position-statistics",
    "enrolled": "After a course session ends, it will be",
    "rating": 4,
    "image": "https://prod-discovery.edx-cdn.org/media/course/image/0f87652c-efda-4b39-b045-5c5e5a7b6138-aa12a5b8372c.small.jpeg"
  },
  {
    "name": "Public Debt, Investment, and Growth: The DIG and DIGNAR Models",
    "level": "Introductory",
    "desciption": "This online course, presented by the Institute for Capacity Development and the Research Department, explains how to analyze the relation between public investment, growth, and public debt dynamics, using two dynamic structural models: the Debt, Investment, and Growth (DIG) model and the Debt, Investment, Growth and Natural Resources (DIGNAR) model. The course presents and discusses the key pieces of these models (the investment-growth nexus, the fiscal adjustment, and the private sector response) and their interactions, which helps understand and assess the macroeconomic effects of public investment scaling-up plans, including on growth and debt dynamics. It elaborates on important factors that may shape these effects such as the type of fiscal financing, the rate of return of public capital, the efficiency of public investment, and the capacity of governments to mobilize revenues.",
    "catagory": "Economics & Finance",
    "subCatagory": "Others",
    "time": "Estimated 1 weeks",
    "provider": "IMFx",
    "source": "edx",
    "Audit": "Free",
    "certificate": "Optional upgrade available",
    "courseLink": "https://www.edx.org/course/public-debt-investment-and-growth-the-dig-and-dignar-models",
    "enrolled": "After a course session ends, it will be",
    "rating": 4.6,
    "image": "https://prod-discovery.edx-cdn.org/media/course/image/27c9c26c-0290-45c8-baa9-af0d0ef76640-51e4c340151b.small.png"
  },
  {
    "name": "Public Sector Debt Statistics",
    "level": "Intermediate",
    "desciption": "The course examines coverage and accounting rules for public sector debt, valuation, classification, important methodological issues, and the sources and methods used for compiling the statistics.",
    "catagory": "Economics & Finance",
    "subCatagory": "Others",
    "time": "Estimated 6 weeks",
    "provider": "IMFx",
    "source": "edx",
    "Audit": "Free",
    "certificate": "Optional upgrade available",
    "courseLink": "https://www.edx.org/course/public-sector-debt-statistics",
    "enrolled": "5,644 already enrolled! After a course session ends, it will be",
    "rating": 4.9,
    "image": "https://prod-discovery.edx-cdn.org/media/course/image/28f0fdfe-9985-4d8a-bcee-8bc80ac6a58f-d224562c66a0.small.jpg"
  },
  {
    "name": "Medium-Term Debt Management Strategy",
    "level": "Introductory",
    "desciption": "This course is aimed at building capacity to develop a medium-term debt management strategy (MTDS), contributing to improved public debt management. It explains the joint International Monetary Fund-World Bank (IMF-WB) MTDS framework and provides comprehensive training on the accompanying analytical tool, MTDS AT.",
    "catagory": "Economics & Finance",
    "subCatagory": "Others",
    "time": "Estimated 5 weeks",
    "provider": "IMFx",
    "source": "edx",
    "Audit": "Free",
    "certificate": "Optional upgrade available",
    "courseLink": "https://www.edx.org/course/medium-term-debt-management-strategy",
    "enrolled": "After a course session ends, it will be",
    "rating": 4.5,
    "image": "https://prod-discovery.edx-cdn.org/media/course/image/5e6a3072-695c-4c96-a87b-4bdb4ef6f8d4-c0654925f705.small.jpeg"
  },
  {
    "name": "Public Debt Dynamics under Uncertainty",
    "level": "Intermediate",
    "desciption": "This online course, presented jointly by the Institute for Capacity Development and the Fiscal Affairs Department, provides an overview of how to assess public debt dynamics under uncertainty. That is, the course discusses how to think about public debt projections when we acknowledge uncertainty about the key variables that underly debt projections (GDP growth, interest and exchange rates, and primary balances).",
    "catagory": "Economics & Finance",
    "subCatagory": "Others",
    "time": "Estimated 1 weeks",
    "provider": "IMFx",
    "source": "edx",
    "Audit": "Free",
    "certificate": "Optional upgrade available",
    "courseLink": "https://www.edx.org/course/public-debt-dynamics-under-uncertainty",
    "enrolled": "After a course session ends, it will be",
    "rating": 4.6,
    "image": "https://prod-discovery.edx-cdn.org/media/course/image/613e1512-0230-4c74-9995-5fc5d1155f38-f7de2692c226.small.png"
  },
  {
    "name": "Macroeconomic Diagnostics",
    "level": "Intermediate",
    "desciption": "Through this course, learn to assess a country’s macroeconomic situation utilizing practical tools that will help you engage in day-to-day macroeconomic analysis.",
    "catagory": "Economics & Finance",
    "subCatagory": "Others",
    "time": "Estimated 6 weeks",
    "provider": "IMFx",
    "source": "edx",
    "Audit": "Free",
    "certificate": "Optional upgrade available",
    "courseLink": "https://www.edx.org/course/macroeconomic-diagnostics",
    "enrolled": "29,736 already enrolled! After a course session ends, it will be",
    "rating": 4.4,
    "image": "https://prod-discovery.edx-cdn.org/media/course/image/779833e9-588c-461d-bf1a-f969970bba15-01538d576052.small.jpg"
  },
  {
    "name": "Financial Programming and Policies, Part 2: Program Design",
    "level": "Intermediate",
    "desciption": "Learn how to forecast macroeconomic accounts and design an economic program for a case study country.",
    "catagory": "Economics & Finance",
    "subCatagory": "Others",
    "time": "Estimated 7 weeks",
    "provider": "IMFx",
    "source": "edx",
    "Audit": "Free",
    "certificate": "Optional upgrade available",
    "courseLink": "https://www.edx.org/course/financial-programming-and-policies-part-2-progra-2",
    "enrolled": "21,517 already enrolled! After a course session ends, it will be",
    "rating": 4.8,
    "image": "https://prod-discovery.edx-cdn.org/media/course/image/83299a57-879b-42df-952e-ad5bb1ce5fb9-5abbcfbb538c.small.jpg"
  },
  {
    "name": "Debt Sustainability Framework for Low Income Countries",
    "level": "Intermediate",
    "desciption": "This online course, presented jointly by the Institute for Capacity Development, the Strategy, Policy, and Review Department, and the World Bank, provides an overview of the World Bank–IMF Debt Sustainability Framework for Low Income Countries (LIC DSF).",
    "catagory": "Economics & Finance",
    "subCatagory": "Others",
    "time": "Estimated 2 weeks",
    "provider": "IMFx",
    "source": "edx",
    "Audit": "Free",
    "certificate": "Optional upgrade available",
    "courseLink": "https://www.edx.org/course/debt-sustainability-framework-for-low-income-countries",
    "enrolled": "After a course session ends, it will be",
    "rating": 4,
    "image": "https://prod-discovery.edx-cdn.org/media/course/image/99e9ba85-7d26-4df7-a800-942b5dd587f8-d02e798a38bd.small.png"
  },
  {
    "name": "Financial Market Analysis",
    "level": "Intermediate",
    "desciption": "Learn the fundamentals of finance that are essential for both investors and policymakers.",
    "catagory": "Economics & Finance",
    "subCatagory": "Others",
    "time": "Estimated 7 weeks",
    "provider": "IMFx",
    "source": "edx",
    "Audit": "Free",
    "certificate": "Optional upgrade available",
    "courseLink": "https://www.edx.org/course/financial-market-analysis",
    "enrolled": "60,232 already enrolled! After a course session ends, it will be",
    "rating": 5,
    "image": "https://prod-discovery.edx-cdn.org/media/course/image/a7b81597-0819-4c7e-bb96-d3681c702b1a-40a4c9708cee.small.png"
  },
  {
    "name": "RA-GAP VAT Gap Estimation Model",
    "level": "Intermediate",
    "desciption": "Learn how to use the VAT gap estimation model used by the International Monetary Fund",
    "catagory": "Economics & Finance",
    "subCatagory": "Others",
    "time": "Estimated 5 weeks",
    "provider": "IMFx",
    "source": "edx",
    "Audit": "Free",
    "certificate": "Optional upgrade available",
    "courseLink": "https://www.edx.org/course/ra-gap-vat-gap-estimation-model",
    "enrolled": "After a course session ends, it will be",
    "rating": 4.3,
    "image": "https://prod-discovery.edx-cdn.org/media/course/image/ad4c1d22-e364-4aca-bc0b-2cb42a85f85d-478ddd911c7a.small.jpg"
  },
  {
    "name": "Energy Subsidy Reform",
    "level": "Intermediate",
    "desciption": "A course on energy subsidies, their costs, and the design of a successful reform based on country case studies.",
    "catagory": "Economics & Finance",
    "subCatagory": "Others",
    "time": "Estimated 4 weeks",
    "provider": "IMFx",
    "source": "edx",
    "Audit": "Free",
    "certificate": "Optional upgrade available",
    "courseLink": "https://www.edx.org/course/energy-subsidy-reform",
    "enrolled": "21,933 already enrolled! After a course session ends, it will be",
    "rating": 4.1,
    "image": "https://prod-discovery.edx-cdn.org/media/course/image/af5ec6d2-a700-49a7-9d6d-4f1645fdfafb-c34c85fc4c3b.small.jpg"
  },
  {
    "name": "Macroeconomic Management in Resource-Rich Countries",
    "level": "Intermediate",
    "desciption": "What macroeconomic policy issues and challenges confront resource-rich countries?This course explores how policy-makers cope with the finite nature of the resources and the volatility of prices.",
    "catagory": "Economics & Finance",
    "subCatagory": "Others",
    "time": "Estimated 7 weeks",
    "provider": "IMFx",
    "source": "edx",
    "Audit": "Free",
    "certificate": "Optional upgrade available",
    "courseLink": "https://www.edx.org/course/macroeconomic-management-in-resource-rich-countrie",
    "enrolled": "10,623 already enrolled! After a course session ends, it will be",
    "rating": 4.9,
    "image": "https://prod-discovery.edx-cdn.org/media/course/image/b2c517d0-7064-4afa-a7bb-448c024c0b60-5f02e265d455.small.jpg"
  },
  {
    "name": "Inclusive Growth",
    "level": "Intermediate",
    "desciption": "Learn how to achieve strong, sustainable, green, and inclusive growth.",
    "catagory": "Economics & Finance",
    "subCatagory": "Others",
    "time": "Estimated 6 weeks",
    "provider": "IMFx",
    "source": "edx",
    "Audit": "Free",
    "certificate": "Optional upgrade available",
    "courseLink": "https://www.edx.org/course/inclusive-growth",
    "enrolled": "After a course session ends, it will be",
    "rating": 4.4,
    "image": "https://prod-discovery.edx-cdn.org/media/course/image/be98c2fa-32e1-4973-88ec-614cb5dd100d-7b00918dd474.small.png"
  },
  {
    "name": "Government Finance Statistics",
    "level": "Introductory",
    "desciption": "This course examines the conceptual and practical elements of compiling and disseminating fiscal statistics according to international standards, useful to assess the impact of government activities on a country’s economy and to facilitate international comparisons.",
    "catagory": "Economics & Finance",
    "subCatagory": "Others",
    "time": "Estimated 10 weeks",
    "provider": "IMFx",
    "source": "edx",
    "Audit": "Free",
    "certificate": "Optional upgrade available",
    "courseLink": "https://www.edx.org/course/government-finance-statistics",
    "enrolled": "After a course session ends, it will be",
    "rating": 4.7,
    "image": "https://prod-discovery.edx-cdn.org/media/course/image/c45cd21a-e38b-41f9-a34f-9b5e432defa8-de947f792b8a.small.png"
  },
  {
    "name": "Macroeconometric Forecasting",
    "level": "Intermediate",
    "desciption": "Learn how to create and assess forecasting models to predict macroeconomic variables such as inflation and economic growth.",
    "catagory": "Economics & Finance",
    "subCatagory": "Others",
    "time": "Estimated 9 weeks",
    "provider": "IMFx",
    "source": "edx",
    "Audit": "Free",
    "certificate": "Optional upgrade available",
    "courseLink": "https://www.edx.org/course/macroeconometric-forecasting-2",
    "enrolled": "78,868 already enrolled! After a course session ends, it will be",
    "rating": 5,
    "image": "https://prod-discovery.edx-cdn.org/media/course/image/d59b1a00-52a2-499a-b4b0-ade02e78c117-893262ddd011.small.jpg"
  },
  {
    "name": "Financial Programming and Policies, Part 1: Macroeconomic Accounts & Analysis",
    "level": "Intermediate",
    "desciption": "A course on the macroeconomic accounts, their interrelationships, and the analysis of economic developments.",
    "catagory": "Economics & Finance",
    "subCatagory": "Others",
    "time": "Estimated 6 weeks",
    "provider": "IMFx",
    "source": "edx",
    "Audit": "Free",
    "certificate": "Optional upgrade available",
    "courseLink": "https://www.edx.org/course/financial-programming-and-policies-part-1-macroeco",
    "enrolled": "36,947 already enrolled! After a course session ends, it will be",
    "rating": 4.5,
    "image": "https://prod-discovery.edx-cdn.org/media/course/image/d9a36013-a7f0-446b-9be0-39ac52c45570-34fc3af32ed7.small.jpg"
  },
  {
    "name": "Public Financial Management",
    "level": "Intermediate",
    "desciption": "What is the government budget cycle? How should governments prepare policy-oriented budgets? How to hold governments accountable? Learn from an IMF team who advises on budget management and hear testimonies from ministers of finance and civil society.",
    "catagory": "Economics & Finance",
    "subCatagory": "Others",
    "time": "Estimated 8 weeks",
    "provider": "IMFx",
    "source": "edx",
    "Audit": "Free",
    "certificate": "Optional upgrade available",
    "courseLink": "https://www.edx.org/course/public-financial-management",
    "enrolled": "31,785 already enrolled! After a course session ends, it will be",
    "rating": 4.7,
    "image": "https://prod-discovery.edx-cdn.org/media/course/image/dcf8af73-467a-4e19-ae8c-b9a0a72e9f39-82fd801c4c60.small.jpg"
  },
  {
    "name": "Monetary Policy Analysis and Forecasting",
    "level": "Advanced",
    "desciption": "Learn about the macroeconomic motivation of the quarterly projection model (QPM), its key properties, model calibration, data filtration, and how to implement the QPM in MATLAB software in order to learn and understand practical model building and model operation as it is usually done in central banks.",
    "catagory": "Economics & Finance",
    "subCatagory": "Others",
    "time": "Estimated 6 weeks",
    "provider": "IMFx",
    "source": "edx",
    "Audit": "Free",
    "certificate": "Optional upgrade available",
    "courseLink": "https://www.edx.org/course/monetary-policy-analysis-and-forecasting",
    "enrolled": "11,565 already enrolled! After a course session ends, it will be",
    "rating": 4,
    "image": "https://prod-discovery.edx-cdn.org/media/course/image/f2837d13-9f59-4916-8324-d772e2e49ee5-01c1223fada8.small.gif"
  },
  {
    "name": "Financial Development and Financial Inclusion",
    "level": "Intermediate",
    "desciption": "Learn how to develop an efficient, inclusive and stable financial sector that is essential for a thriving economy.",
    "catagory": "Economics & Finance",
    "subCatagory": "Others",
    "time": "Estimated 7 weeks",
    "provider": "IMFx",
    "source": "edx",
    "Audit": "Free",
    "certificate": "Optional upgrade available",
    "courseLink": "https://www.edx.org/course/financial-development-and-financial-inclusion",
    "enrolled": "20,434 already enrolled! After a course session ends, it will be",
    "rating": 4.9,
    "image": "https://prod-discovery.edx-cdn.org/media/course/image/f9c23be1-aba6-422d-a10e-b3c02331426d-b1ccfd3b305b.small.png"
  },
  {
    "name": "Climate Change: Financial Risks and Opportunities",
    "level": "Intermediate",
    "desciption": "Explore the risks and opportunities that climate change presents to financial markets, hearing from a range of investment industry leaders and scientific researchers.",
    "catagory": "Economics & Finance",
    "subCatagory": "Others",
    "time": "Estimated 4 weeks",
    "provider": "ImperialBusinessX",
    "source": "edx",
    "Audit": "Free",
    "certificate": "Optional upgrade available",
    "courseLink": "https://www.edx.org/course/climate-change-financial-risks-and-opportunities",
    "enrolled": "17,399 already enrolled! After a course session ends, it will be",
    "rating": 4.9,
    "image": "https://prod-discovery.edx-cdn.org/media/course/image/51cf8a23-cffe-4b00-a0e7-badc59927767-c43b00d27ebf.small.jpg"
  },
  {
    "name": "Financial Regulation: From the Global Financial Crisis to Fintech and the COVID Pandemic",
    "level": "Introductory",
    "desciption": "How financial regulation responded to the Global Financial Crisis of 2008 and its implications for regulating Fintech and responding to the Covid-19 pandemic. The course stresses the interplay between the financial industry and its regulators in shaping regulations and their effectiveness.",
    "catagory": "Economics & Finance",
    "subCatagory": "Others",
    "time": "Estimated 10 weeks",
    "provider": "MITx",
    "source": "edx",
    "Audit": "Free",
    "certificate": "Optional upgrade available",
    "courseLink": "https://www.edx.org/course/financial-regulation-from-the-global-financial-crisis-to-fintech-and-the-covid-pandemic",
    "enrolled": "After a course session ends, it will be",
    "rating": 4.3,
    "image": "https://prod-discovery.edx-cdn.org/media/course/image/751ceea1-6c7f-4325-b259-f9fae48983b3-33f3c82a7ee6.small.jpeg"
  },
  {
    "name": "AP® Microeconomics",
    "level": "Introductory",
    "desciption": "An overview of introductory microeconomics. Learn the key principles of economics and how to apply them to the real world - and the AP® exam!",
    "catagory": "Economics & Finance",
    "subCatagory": "Others",
    "time": "Estimated 12 weeks",
    "provider": "MITx",
    "source": "edx",
    "Audit": "Free",
    "certificate": "Optional upgrade available",
    "courseLink": "https://www.edx.org/course/ap-microeconomics",
    "enrolled": "65,678 already enrolled! After a course session ends, it will be",
    "rating": 4.6,
    "image": "https://prod-discovery.edx-cdn.org/media/course/image/a086516d-a287-4d49-8af7-b8b1ecb5dd33-03cdecc5e8f5.small.jpg"
  },
  {
    "name": "Electronic Trading in Financial Markets",
    "level": "Introductory",
    "desciption": "Learn about technology’s impact on financial markets and the characteristics of financial instruments that are traded on electronic markets.",
    "catagory": "Economics & Finance",
    "subCatagory": "Others",
    "time": "Estimated 4 weeks",
    "provider": "NYIF",
    "source": "edx",
    "Audit": "Cost to Enroll",
    "certificate": "$99 USD",
    "courseLink": "https://www.edx.org/course/electronic-trading-in-financial-markets",
    "enrolled": "After a course session ends, it will be",
    "rating": 4.2,
    "image": "https://prod-discovery.edx-cdn.org/media/course/image/5e4035d8-f67e-4eb8-8cc1-e591ba6c1c44-c01bac40a102.small.jpg"
  },
  {
    "name": "Fundamentals of Market Structure",
    "level": "Introductory",
    "desciption": "Learn the basics of market structure, including key market participants and what determines a market’s development.",
    "catagory": "Economics & Finance",
    "subCatagory": "Others",
    "time": "Estimated 1 weeks",
    "provider": "NYIF",
    "source": "edx",
    "Audit": "Free",
    "certificate": "Optional upgrade available",
    "courseLink": "https://www.edx.org/course/fundamentals-of-market-structure",
    "enrolled": "34,867 already enrolled! After a course session ends, it will be",
    "rating": 4.2,
    "image": "https://prod-discovery.edx-cdn.org/media/course/image/9cdfd053-edd7-43b0-b595-c73aa4beeaaa-ec54455e22d1.small.jpg"
  },
  {
    "name": "Intellectual Property Law and Policy: Part 2",
    "level": "Intermediate",
    "desciption": "Explore the theories of copyright and trademark laws and policy implications in this IP law course.",
    "catagory": "Economics & Finance",
    "subCatagory": "Others",
    "time": "Estimated 7 weeks",
    "provider": "PennX",
    "source": "edx",
    "Audit": "Free",
    "certificate": "Optional upgrade available",
    "courseLink": "https://www.edx.org/course/intellectual-property-law-and-policy-part-2",
    "enrolled": "19,223 already enrolled! After a course session ends, it will be",
    "rating": 4.2,
    "image": "https://prod-discovery.edx-cdn.org/media/course/image/32bed7e2-0f28-4ca6-9746-d720542a0bf7-2d45881a96d7.small.jpg"
  },
  {
    "name": "Work and Employment for a Sustainable Future",
    "level": "Intermediate",
    "desciption": "We are living in a financially fragile world. There is economic growth, but not enough opportunities to find decent work. Globally, more than 200 million people are still unemployed, but there has been progress in standards of labour and work. This is not sustainable. Learn from experts from the International Labour Organization, Harvard University, and more about the state of work in our world, and what it will take to ensure steady, inclusive and sustainable economic development for all.",
    "catagory": "Economics & Finance",
    "subCatagory": "Others",
    "time": "Estimated 6 weeks",
    "provider": "SDGAcademyX",
    "source": "edx",
    "Audit": "Free",
    "certificate": "Optional upgrade available",
    "courseLink": "https://www.edx.org/course/work-and-employment-for-a-sustainable-future",
    "enrolled": "7,952 already enrolled! After a course session ends, it will be",
    "rating": 5,
    "image": "https://prod-discovery.edx-cdn.org/media/course/image/1c807086-e3fb-4a0c-8815-c3bd9e33e8a6-5c2fe763c36e.small.jpeg"
  },
  {
    "name": "Macroeconomics for a Sustainable Planet",
    "level": "Intermediate",
    "desciption": "Is it possible to develop a thriving global economy in an equitable and environmentally-resilient way?",
    "catagory": "Economics & Finance",
    "subCatagory": "Others",
    "time": "Estimated 13 weeks",
    "provider": "SDGAcademyX",
    "source": "edx",
    "Audit": "Free",
    "certificate": "Optional upgrade available",
    "courseLink": "https://www.edx.org/course/macroeconomics-for-a-sustainable-planet",
    "enrolled": "9,623 already enrolled! After a course session ends, it will be",
    "rating": 4.2,
    "image": "https://prod-discovery.edx-cdn.org/media/course/image/8e6cfbbd-b68b-483a-9108-5d4658278dd5-fded3eac04c1.small.jpg"
  },
  {
    "name": "Industrial Policy in the 21st Century: The Challenge for Africa",
    "level": "Advanced",
    "desciption": "Why is there so little industry in Africa? Does it matter? What can we do about it? Hear from economist John Page about the continent’s options for industrialization and the future of economic growth in Africa.",
    "catagory": "Economics & Finance",
    "subCatagory": "Others",
    "time": "Estimated 4 weeks",
    "provider": "SDGAcademyX",
    "source": "edx",
    "Audit": "Free",
    "certificate": "Optional upgrade available",
    "courseLink": "https://www.edx.org/course/industrial-policy-in-the-21st-century-the-challeng",
    "enrolled": "After a course session ends, it will be",
    "rating": 4.8,
    "image": "https://prod-discovery.edx-cdn.org/media/course/image/c73549de-a137-45bb-99d0-a9954efea30f-3d31aeda343c.small.jpg"
  },
  {
    "name": "Sustainable Development: The Post-Capitalist Order",
    "level": "Introductory",
    "desciption": "Sustainable development represents a shift from our current system of inequitable capitalism to one that prioritizes prosperity for all, while remaining conscious of its environmental impact and sustainability for future generations. Learn why sustainable development has been adopted by countries and multilateral organizations around the world, and how this approach is transforming the way we live, work, and govern our planet.",
    "catagory": "Economics & Finance",
    "subCatagory": "Others",
    "time": "Estimated 8 weeks",
    "provider": "SDGAcademyX",
    "source": "edx",
    "Audit": "Free",
    "certificate": "Optional upgrade available",
    "courseLink": "https://www.edx.org/course/sustainable-development-the-post-capitalist-order",
    "enrolled": "8,594 already enrolled! After a course session ends, it will be",
    "rating": 4.9,
    "image": "https://prod-discovery.edx-cdn.org/media/course/image/e7db6934-a536-410b-9a10-c9d8231cf498-742124310492.small.jpg"
  },
  {
    "name": "The Korean Story: Secrets of an Economic Miracle",
    "level": "Intermediate",
    "desciption": "What can the world learn from the Korean development story?",
    "catagory": "Economics & Finance",
    "subCatagory": "Others",
    "time": "Estimated 11 weeks",
    "provider": "SDGAcademyX",
    "source": "edx",
    "Audit": "Free",
    "certificate": "Optional upgrade available",
    "courseLink": "https://www.edx.org/course/the-korean-story-secrets-of-an-economic-miracle",
    "enrolled": "After a course session ends, it will be",
    "rating": 4,
    "image": "https://prod-discovery.edx-cdn.org/media/course/image/fb27f6c8-5f32-4e1e-b67f-9093b8945fa5-2adc892377c2.small.jpg"
  },
  {
    "name": "America's Poverty and Inequality Course",
    "level": "Introductory",
    "desciption": "It’s a special moment in U.S. history in which income inequality has reached unprecedented levels, poverty remains extreme, and racial and gender inequalities are intransigent.",
    "catagory": "Economics & Finance",
    "subCatagory": "Others",
    "time": "Estimated 9 weeks",
    "provider": "StanfordOnline",
    "source": "edx",
    "Audit": "Free",
    "certificate": "Access to course at no cost",
    "courseLink": "https://www.edx.org/course/americas-poverty-and-inequality-course",
    "enrolled": "After a course session ends, it will be",
    "rating": 4.6,
    "image": "https://prod-discovery.edx-cdn.org/media/course/image/a1c813ab-31a3-426c-8cf0-ff8dbc2e85f6-bcf83cc481e6.small.jpeg"
  },
  {
    "name": "Introduction to Corporate Credit",
    "level": "Introductory",
    "desciption": "In this course, we shall provide a vivid description of most of the aspects of Corporate Credit e.g. The different types of credit available globally, the procedures involved in providing such credits, the different angles of looking into the appraisal by the lenders, follow-through of the credit, post disbursement of funds, containing the adverse effects of any economic upheaval, and also discuss in detail the support tools for the credit analyst like Financial Statements, Ratios involved, Management Information Systems, Financial Reports, Rating methodology etc. To top it up, major aspects relating to the management of stressed accounts are also docked into the curriculum.",
    "catagory": "Economics & Finance",
    "subCatagory": "Others",
    "time": "Estimated 7 weeks",
    "provider": "State-Bank-of-India",
    "source": "edx",
    "Audit": "Free",
    "certificate": "Optional upgrade available",
    "courseLink": "https://www.edx.org/course/introduction-to-corporate-credit",
    "enrolled": "After a course session ends, it will be",
    "rating": 4.7,
    "image": "https://prod-discovery.edx-cdn.org/media/course/image/1806c8bd-3118-4f46-898b-6e6559bbce7a-26e790fde5bb.small.jpeg"
  },
  {
    "name": "Introduction to Behavioural Finance",
    "level": "Introductory",
    "desciption": "Behavioural finance is a relatively new field in economics and has become an interesting topic for investment professionals.",
    "catagory": "Economics & Finance",
    "subCatagory": "Others",
    "time": "Estimated 3 weeks",
    "provider": "State-Bank-of-India",
    "source": "edx",
    "Audit": "Free",
    "certificate": "Optional upgrade available",
    "courseLink": "https://www.edx.org/course/introduction-to-behavioural-finance",
    "enrolled": "After a course session ends, it will be",
    "rating": 4.3,
    "image": "https://prod-discovery.edx-cdn.org/media/course/image/5611bd7e-68e1-4dfb-bdca-836559746c26-c1b4628969a1.small.png"
  },
  {
    "name": "Fundamentals of Macroeconomics",
    "level": "Introductory",
    "desciption": "This introductory course to macroeconomic analysis provides a thorough view of what economists know about aggregate production, inflation, unemployment and economic policies and elevates the learner to a first-year undergraduate level.",
    "catagory": "Economics & Finance",
    "subCatagory": "Others",
    "time": "Estimated 6 weeks",
    "provider": "UC3Mx",
    "source": "edx",
    "Audit": "Free",
    "certificate": "Optional upgrade available",
    "courseLink": "https://www.edx.org/course/fundamentals-of-macroeconomics",
    "enrolled": "19,911 already enrolled! After a course session ends, it will be",
    "rating": 4.1,
    "image": "https://prod-discovery.edx-cdn.org/media/course/image/4a0ef005-b054-455f-9090-df042dc09817-3b5763eb4c06.small.png"
  },
  {
    "name": "Foundations of Finance",
    "level": "Introductory",
    "desciption": "This course provides a rigorous, but straightforward, introduction to the key concepts of financial understanding. Using real-world case studies and practitioner interviews, as well as timely knowledge checks, you will integrate your new knowledge and problem solving skills with practical application.",
    "catagory": "Economics & Finance",
    "subCatagory": "Others",
    "time": "Estimated 5 weeks",
    "provider": "UniversityofCambridge",
    "source": "edx",
    "Audit": "Free",
    "certificate": "Optional upgrade available",
    "courseLink": "https://www.edx.org/course/foundations-of-finance",
    "enrolled": "After a course session ends, it will be",
    "rating": 5,
    "image": "https://prod-discovery.edx-cdn.org/media/course/image/4b284afd-836e-4c53-b28e-6431a49f3d21-0e770694eb28.small.jpeg"
  },
  {
    "name": "Unlocking Investment and Finance in Emerging Markets and Developing Economies (EMDEs)",
    "level": "Introductory",
    "desciption": "To achieve the Sustainable Development Goals (SDGs) by 2030, an estimated $4.5 trillion per year in additional investment and finance in EMDEs will need to be mobilized.  This free online course assesses global efforts and innovations by international investors, multilateral development banks and policymakers to unlock massive investment opportunities in EMDEs, while also tackling some of the world’s most pressing development challenges of our time.",
    "catagory": "Economics & Finance",
    "subCatagory": "Others",
    "time": "Estimated 4 weeks",
    "provider": "WBGx",
    "source": "edx",
    "Audit": "Free",
    "certificate": "Optional upgrade available",
    "courseLink": "https://www.edx.org/course/unlocking-investment-and-finance-in-emerging-marke",
    "enrolled": "34,232 already enrolled! After a course session ends, it will be",
    "rating": 4.3,
    "image": "https://prod-discovery.edx-cdn.org/media/course/image/95f61afe-f3d7-4782-8210-618e9080bada-be178932eeea.small.jpg"
  },
  {
    "name": "The Future of Work: Preparing for Disruption",
    "level": "Introductory",
    "desciption": "Only MOOC to explore the 2019 World Development Report (WDR) and workforce of the future. Learn how A.I., automation, advanced technologies and new businesses are changing the world.",
    "catagory": "Economics & Finance",
    "subCatagory": "Others",
    "time": "Estimated 5 weeks",
    "provider": "WBGx",
    "source": "edx",
    "Audit": "Free",
    "certificate": "Optional upgrade available",
    "courseLink": "https://www.edx.org/course/the-future-of-work-preparing-for-disruption-2",
    "enrolled": "45,413 already enrolled! After a course session ends, it will be",
    "rating": 4,
    "image": "https://prod-discovery.edx-cdn.org/media/course/image/da69532c-5be2-476d-81d1-72fd9f898c6a-63edd7a237c7.small.jpg"
  },
  {
    "name": "Managing Personal Cash and Credit",
    "level": "Introductory",
    "desciption": "Discover the five c’s of credit, how to improve your credit score, and how to determine if a line of credit is right for you. This course prepares you to choose the right financial institution for your specific situation, evaluate cash management products, and use credit wisely.",
    "catagory": "Economics & Finance",
    "subCatagory": "Personal Finance",
    "time": "Estimated 4 weeks",
    "provider": "IUx",
    "source": "edx",
    "Audit": "Free",
    "certificate": "Optional upgrade available",
    "courseLink": "https://www.edx.org/course/managing-personal-liquidity-and-credit",
    "enrolled": "After a course session ends, it will be",
    "rating": 4.7,
    "image": "https://prod-discovery.edx-cdn.org/media/course/image/53f63635-1741-4c0c-9f04-64a00606eaf5-072ebc9ad292.small.jpeg"
  },
  {
    "name": "Planning for Risk and Retirement",
    "level": "Introductory",
    "desciption": "Learn to assess your tolerance for risk, evaluate investment products, and develop an investment mindset. This course prepares you to compare insurance policies, calculate your need for retirement income, and includes a step-by-step workshop on retirement planning.",
    "catagory": "Economics & Finance",
    "subCatagory": "Personal Finance",
    "time": "Estimated 4 weeks",
    "provider": "IUx",
    "source": "edx",
    "Audit": "Free",
    "certificate": "Optional upgrade available",
    "courseLink": "https://www.edx.org/course/planning-for-risk-and-retirement",
    "enrolled": "After a course session ends, it will be",
    "rating": 5,
    "image": "https://prod-discovery.edx-cdn.org/media/course/image/689aaf64-fa16-491c-9a34-95efa17b3760-3b656c01c177.small.jpeg"
  },
  {
    "name": "Introduction to Personal Financial Planning",
    "level": "Introductory",
    "desciption": "Understand how financial planning impacts your personal wealth over a lifetime. This course develops your ability to work with income statements, balance sheets, budgets, and taxes to achieve your financial goals.",
    "catagory": "Economics & Finance",
    "subCatagory": "Personal Finance",
    "time": "Estimated 4 weeks",
    "provider": "IUx",
    "source": "edx",
    "Audit": "Free",
    "certificate": "Optional upgrade available",
    "courseLink": "https://www.edx.org/course/introduction-to-personal-financial-planning",
    "enrolled": "6,772 already enrolled! After a course session ends, it will be",
    "rating": 4.2,
    "image": "https://prod-discovery.edx-cdn.org/media/course/image/f4c7597d-6352-43e4-b1f8-c42a2bc546e1-73a58679b212.small.jpeg"
  },
  {
    "name": "Fixed Income Portfolio Management",
    "level": "Advanced",
    "desciption": "Learn how to construct and manage fixed income portfolios using the latest tools and techniques.",
    "catagory": "Economics & Finance",
    "subCatagory": "Portfolio Management",
    "time": "Estimated 4 weeks",
    "provider": "NYIF",
    "source": "edx",
    "Audit": "Free",
    "certificate": "Optional upgrade available",
    "courseLink": "https://www.edx.org/course/fixed-income-portfolio-management",
    "enrolled": "After a course session ends, it will be",
    "rating": 4.3,
    "image": "https://prod-discovery.edx-cdn.org/media/course/image/a113e682-3ebc-4f52-8fd6-0157c9b3e529-e564c7ade480.small.png"
  },
  {
    "name": "Deal Structures in Project Finance",
    "level": "Introductory",
    "desciption": "Learn how to classify projects by deal structure and customer type by examining global PPP mega-deals.",
    "catagory": "Economics & Finance",
    "subCatagory": "Project Finance and Public Private Partnerships",
    "time": "Estimated 3 weeks",
    "provider": "NYIF",
    "source": "edx",
    "Audit": "Cost to Enroll",
    "certificate": "$189 USD",
    "courseLink": "https://www.edx.org/course/deal-structures-in-project-finance",
    "enrolled": "After a course session ends, it will be",
    "rating": 4.8,
    "image": "https://prod-discovery.edx-cdn.org/media/course/image/017f17d6-2b29-468b-b6bc-52f339628fc5-032786ca7408.small.jpg"
  },
  {
    "name": "Deals in Project Finance: Case Studies and Analysis",
    "level": "Introductory",
    "desciption": "Review multiple case studies and transactions to recognize how to select the best deals for investment.",
    "catagory": "Economics & Finance",
    "subCatagory": "Project Finance and Public Private Partnerships",
    "time": "Estimated 3 weeks",
    "provider": "NYIF",
    "source": "edx",
    "Audit": "Cost to Enroll",
    "certificate": "$189 USD",
    "courseLink": "https://www.edx.org/course/deals-in-project-finance-case-studies-and-analysis",
    "enrolled": "After a course session ends, it will be",
    "rating": 4.3,
    "image": "https://prod-discovery.edx-cdn.org/media/course/image/10418d2a-ce21-4ee7-9827-6b6e02305e75-8d0d46bcd7ad.small.jpg"
  },
  {
    "name": "Documentation in Project Finance",
    "level": "Introductory",
    "desciption": "Learn about the contracts and documents needed for a project, rating agencies, and the loan syndication process.",
    "catagory": "Economics & Finance",
    "subCatagory": "Project Finance and Public Private Partnerships",
    "time": "Estimated 3 weeks",
    "provider": "NYIF",
    "source": "edx",
    "Audit": "Cost to Enroll",
    "certificate": "$189 USD",
    "courseLink": "https://www.edx.org/course/documentation-in-project-finance",
    "enrolled": "After a course session ends, it will be",
    "rating": 5,
    "image": "https://prod-discovery.edx-cdn.org/media/course/image/1596f94a-5484-4d1e-996e-947a9cb11e94-4769037faf03.small.jpg"
  },
  {
    "name": "The Project Finance Process",
    "level": "Introductory",
    "desciption": "Learn about the various stages and participants in the project finance process, including the important role lenders play.",
    "catagory": "Economics & Finance",
    "subCatagory": "Project Finance and Public Private Partnerships",
    "time": "Estimated 3 weeks",
    "provider": "NYIF",
    "source": "edx",
    "Audit": "Cost to Enroll",
    "certificate": "$189 USD",
    "courseLink": "https://www.edx.org/course/the-project-finance-process",
    "enrolled": "After a course session ends, it will be",
    "rating": 4.7,
    "image": "https://prod-discovery.edx-cdn.org/media/course/image/b3d31426-e592-4427-8deb-f59fccdba2d0-980562dc1173.small.jpg"
  },
  {
    "name": "Risks in Project Finance: Case Studies and Analysis",
    "level": "Introductory",
    "desciption": "Review case studies and transactions to recognize the key political and currency risks in project finance.",
    "catagory": "Economics & Finance",
    "subCatagory": "Project Finance and Public Private Partnerships",
    "time": "Estimated 3 weeks",
    "provider": "NYIF",
    "source": "edx",
    "Audit": "Cost to Enroll",
    "certificate": "$189 USD",
    "courseLink": "https://www.edx.org/course/risks-in-project-finance-case-studies-and-analysis",
    "enrolled": "After a course session ends, it will be",
    "rating": 4.6,
    "image": "https://prod-discovery.edx-cdn.org/media/course/image/e58b6dca-1ca9-4069-8829-3caeec8e7e22-e88534cbd6df.small.jpg"
  },
  {
    "name": "Project Finance and Public Private Partnerships Fundamentals",
    "level": "Introductory",
    "desciption": "An overview of project finance and public-private partnerships (PPPs) with a focus on financing and accounting.",
    "catagory": "Economics & Finance",
    "subCatagory": "Project Finance and Public Private Partnerships",
    "time": "Estimated 3 weeks",
    "provider": "NYIF",
    "source": "edx",
    "Audit": "Cost to Enroll",
    "certificate": "$99 USD",
    "courseLink": "https://www.edx.org/course/project-finance-and-public-private-partnerships-fu",
    "enrolled": "After a course session ends, it will be",
    "rating": 4.2,
    "image": "https://prod-discovery.edx-cdn.org/media/course/image/f5c1b524-b0bd-45d6-a188-8c156c7b06f8-526ea87128ff.small.jpg"
  },
  {
    "name": "Risk Management Tools and Practices",
    "level": "Intermediate",
    "desciption": "Learn how to compare and contrast economic capital, risk capital and regulatory capital.",
    "catagory": "Economics & Finance",
    "subCatagory": "Risk Management",
    "time": "Estimated 4 weeks",
    "provider": "NYIF",
    "source": "edx",
    "Audit": "Cost to Enroll",
    "certificate": "$349 USD",
    "courseLink": "https://www.edx.org/course/risk-management-tools-and-practices",
    "enrolled": "After a course session ends, it will be",
    "rating": 4.4,
    "image": "https://prod-discovery.edx-cdn.org/media/course/image/258c4d54-a2dc-405e-881e-81765e44fc87-84dc6dffa356.small.jpg"
  },
  {
    "name": "Introduction to Risk Management",
    "level": "Intermediate",
    "desciption": "Learn how to differentiate between financial and business risks.",
    "catagory": "Economics & Finance",
    "subCatagory": "Risk Management",
    "time": "Estimated 4 weeks",
    "provider": "NYIF",
    "source": "edx",
    "Audit": "Cost to Enroll",
    "certificate": "$99 USD",
    "courseLink": "https://www.edx.org/course/introduction-to-risk-management",
    "enrolled": "After a course session ends, it will be",
    "rating": 4,
    "image": "https://prod-discovery.edx-cdn.org/media/course/image/2b5dbaf4-a7be-4b7a-b97a-d6f35f41973a-cb08eaaf580a.small.jpg"
  },
  {
    "name": "Risk Management Professional Certificate Examination",
    "level": "Intermediate",
    "desciption": "Complete this exam to earn your professional certificate in Risk Management from the New York Institute of Finance.",
    "catagory": "Economics & Finance",
    "subCatagory": "Risk Management",
    "time": "Estimated 1 weeks",
    "provider": "NYIF",
    "source": "edx",
    "Audit": "Cost to Enroll",
    "certificate": "$500 USD",
    "courseLink": "https://www.edx.org/course/risk-management-professional-certificate-examinati",
    "enrolled": "After a course session ends, it will be",
    "rating": 4.8,
    "image": "https://prod-discovery.edx-cdn.org/media/course/image/32febc06-7387-4a8e-bb7e-6e5c3a46162f-4c1aef3782e3.small.jpg"
  }
]