[
  {
    "name": "Capstone Business and Operations for a Circular Bio-Economy",
    "level": "Advanced",
    "desciption": "This capstone project is the final part of the MicroMasters® Program Business and Operations for a Circular Bio-Economy. Interdisciplinarity is central in this part, linking the various sections in this MicroMasters Program.",
    "catagory": "Energy & Earth Sciences",
    "subCatagory": "Business and Operations for a Circular Bio-Economy",
    "time": "Estimated 8 weeks",
    "provider": "WageningenX",
    "source": "edx",
    "Audit": "Free",
    "certificate": "Optional upgrade available",
    "courseLink": "https://www.edx.org/course/capstone-business-and-operations-for-a-circular-ec",
    "enrolled": "After a course session ends, it will be",
    "rating": 4.2,
    "image": "https://prod-discovery.edx-cdn.org/media/course/image/b37b28e6-f404-4acc-8b87-b38830fb2846-fd56a46edfa8.small.jpg"
  },
  {
    "name": "From Fossil Resources to Biomass: A Business and Economics Perspective",
    "level": "Advanced",
    "desciption": "Learn about the basic consumer science, business, logistics, supply chain, and economic principles that are essential for a successful transition from fossil resources to renewable biomass resources in a biobased economy.",
    "catagory": "Energy & Earth Sciences",
    "subCatagory": "Chemistry and Technology for Sustainability",
    "time": "Estimated 5 weeks",
    "provider": "WageningenX",
    "source": "edx",
    "Audit": "Free",
    "certificate": "Optional upgrade available",
    "courseLink": "https://www.edx.org/course/from-fossil-resources-to-biomass-a-business-and-ec",
    "enrolled": "5,476 already enrolled! After a course session ends, it will be",
    "rating": 4.3,
    "image": "https://prod-discovery.edx-cdn.org/media/course/image/17fdd315-f080-477c-89d4-5930ca0d3f6b-7c20d260e348.small.jpg"
  },
  {
    "name": "Incorporating Renewable Energy in Electricity Grids",
    "level": "Intermediate",
    "desciption": "Learn how to manage high shares of variable renewable electricity sources to achieve cost-effective and reliable electricity supplies",
    "catagory": "Energy & Earth Sciences",
    "subCatagory": "Clean Power",
    "time": "Estimated 6 weeks",
    "provider": "ImperialX",
    "source": "edx",
    "Audit": "Free",
    "certificate": "Optional upgrade available",
    "courseLink": "https://www.edx.org/course/incorporating-renewable-energy-in-electricity-grid",
    "enrolled": "14,830 already enrolled! After a course session ends, it will be",
    "rating": 4.9,
    "image": "https://prod-discovery.edx-cdn.org/media/course/image/0869e94c-e342-4edf-b458-453edbb59c9a-2c883c2dd8a3.small.png"
  },
  {
    "name": "Why Move Towards Cleaner Power",
    "level": "Intermediate",
    "desciption": "Learn why we need to clean up our power supply, and why is it urgent that we take action now. Gain the tools you need to present arguments in favour of a cleaner power sector in your part of the world",
    "catagory": "Energy & Earth Sciences",
    "subCatagory": "Clean Power",
    "time": "Estimated 5 weeks",
    "provider": "ImperialX",
    "source": "edx",
    "Audit": "Free",
    "certificate": "Optional upgrade available",
    "courseLink": "https://www.edx.org/course/why-move-towards-cleaner-power",
    "enrolled": "7,235 already enrolled! After a course session ends, it will be",
    "rating": 4.9,
    "image": "https://prod-discovery.edx-cdn.org/media/course/image/09e893c7-7161-4594-879b-22ffe4d26be9-46edbc393a0e.small.png"
  },
  {
    "name": "Creating a Pro-Renewables Environment",
    "level": "Intermediate",
    "desciption": "Understand the policy, regulatory and fiscal measures that can incentivise renewable power and drive cleaner investment along the entire electricity supply chain",
    "catagory": "Energy & Earth Sciences",
    "subCatagory": "Clean Power",
    "time": "Estimated 6 weeks",
    "provider": "ImperialX",
    "source": "edx",
    "Audit": "Free",
    "certificate": "Optional upgrade available",
    "courseLink": "https://www.edx.org/course/creating-a-pro-renewables-environment",
    "enrolled": "6,563 already enrolled! After a course session ends, it will be",
    "rating": 4.3,
    "image": "https://prod-discovery.edx-cdn.org/media/course/image/3b808491-d3e0-4f74-adc4-ff7a7c5151e5-2e010d4ca664.small.png"
  },
  {
    "name": "Capstone Economics and Policies for a Circular Economy",
    "level": "Advanced",
    "desciption": "This capstone project is the final part of the MicroMasters® Program Economics and Policies for a Circular Economy. Interdisciplinarity is central in this part, linking the various sections in this MicroMasters Program.",
    "catagory": "Energy & Earth Sciences",
    "subCatagory": "Economics and Policies for a Circular Bio-Economy",
    "time": "Estimated 8 weeks",
    "provider": "WageningenX",
    "source": "edx",
    "Audit": "Free",
    "certificate": "Optional upgrade available",
    "courseLink": "https://www.edx.org/course/capstone-economics-policies-for-a-circular-economy",
    "enrolled": "After a course session ends, it will be",
    "rating": 4.9,
    "image": "https://prod-discovery.edx-cdn.org/media/course/image/70caadde-2995-442b-82b9-b02b10001691-90055250a3cf.small.jpeg"
  },
  {
    "name": "Economics and Policies in a Biobased Economy",
    "level": "Advanced",
    "desciption": "Lead your company to make the switch to biobased resources and build a profitable sustainable business. Learn how to deal with the economics and policies governing this transition and the implementation and learn how to measure the outcome.",
    "catagory": "Energy & Earth Sciences",
    "subCatagory": "Economics and Policies for a Circular Bio-Economy",
    "time": "Estimated 4 weeks",
    "provider": "WageningenX",
    "source": "edx",
    "Audit": "Free",
    "certificate": "Optional upgrade available",
    "courseLink": "https://www.edx.org/course/economics-and-policies-in-a-biobased-economy",
    "enrolled": "5,075 already enrolled! After a course session ends, it will be",
    "rating": 4.3,
    "image": "https://prod-discovery.edx-cdn.org/media/course/image/791ba786-7112-4fc4-a0fb-f2ab5487c737-e4750a5d1074.small.jpeg"
  },
  {
    "name": "From Fossil Resources to Biomass: A Chemistry Perspective",
    "level": "Advanced",
    "desciption": "Explore how to create a sustainable future by moving away from dependence on fossil resources to biomass resources for the production of food, chemicals and energy-carriers. Discover how to use microorganisms and catalysts to create biobased products.",
    "catagory": "Energy & Earth Sciences",
    "subCatagory": "Economics and Policies for a Circular Bio-Economy",
    "time": "Estimated 5 weeks",
    "provider": "WageningenX",
    "source": "edx",
    "Audit": "Free",
    "certificate": "Optional upgrade available",
    "courseLink": "https://www.edx.org/course/from-fossil-resources-to-biomass-a-chemistry-persp",
    "enrolled": "6,753 already enrolled! After a course session ends, it will be",
    "rating": 5,
    "image": "https://prod-discovery.edx-cdn.org/media/course/image/94ef943e-a5fe-47a1-ad44-bd59e5cc234a-d28a6e692b43.small.jpeg"
  },
  {
    "name": "Sustainable Food Security: Food Access",
    "level": "Introductory",
    "desciption": "Who decides what food is on your plate? Understand the basics of access to food and food decision-making from a multilevel perspective in this course. This online course is offered as a MOOC, and is part of the XSeries Sustainable Food Security.",
    "catagory": "Energy & Earth Sciences",
    "subCatagory": "Food Security and Sustainability",
    "time": "Estimated 6 weeks",
    "provider": "WageningenX",
    "source": "edx",
    "Audit": "Free",
    "certificate": "Optional upgrade available",
    "courseLink": "https://www.edx.org/course/sustainable-food-security-food-access",
    "enrolled": "20,400 already enrolled! After a course session ends, it will be",
    "rating": 4.5,
    "image": "https://prod-discovery.edx-cdn.org/media/course/image/04bdf14f-b56d-49b1-80e4-f0ecbd45ce99-2e256b90af74.small.jpg"
  },
  {
    "name": "Sustainable Food Security: Crop Production",
    "level": "Intermediate",
    "desciption": "How to feed the world without depleting our planet’s reserves? Learn the basics of crop production. This online course is offered as a MOOC, and is part of the XSeries Sustainable Food Security.",
    "catagory": "Energy & Earth Sciences",
    "subCatagory": "Food Security and Sustainability",
    "time": "Estimated 6 weeks",
    "provider": "WageningenX",
    "source": "edx",
    "Audit": "Free",
    "certificate": "Optional upgrade available",
    "courseLink": "https://www.edx.org/course/sustainable-food-security-crop-production",
    "enrolled": "38,902 already enrolled! After a course session ends, it will be",
    "rating": 4.7,
    "image": "https://prod-discovery.edx-cdn.org/media/course/image/e2181410-1f12-4d19-8058-d2f01c114d21-38059b725a84.small.jpg"
  },
  {
    "name": "Synthetic Aperture Radar: Hazards",
    "level": "Intermediate",
    "desciption": "The first MOOC about Synthetic Aperture Radar (SAR) remote sensing for disaster monitoring. Learn about weather and illumination-independent SAR remote sensing technology, and explore its applications to natural hazards including earthquakes, volcanic eruptions, and flooding.",
    "catagory": "Energy & Earth Sciences",
    "subCatagory": "Others",
    "time": "Estimated 6 weeks",
    "provider": "AlaskaX",
    "source": "edx",
    "Audit": "Free",
    "certificate": "Optional upgrade available",
    "courseLink": "https://www.edx.org/course/sar-hazards",
    "enrolled": "After a course session ends, it will be",
    "rating": 4.4,
    "image": "https://prod-discovery.edx-cdn.org/media/course/image/8ffb075a-8950-40ca-8101-ecd8a518e3b6-4d52663b5b79.small.jpeg"
  },
  {
    "name": "Earthquake Seismology",
    "level": "Advanced",
    "desciption": "The course explores the processes that cause earthquakes, as well as the methodologies used by seismologists to analyze seismograms, to measure source parameters, and to simulate the seismic wave impact at the Earth's surface.",
    "catagory": "Energy & Earth Sciences",
    "subCatagory": "Others",
    "time": "Estimated 12 weeks",
    "provider": "FedericaX",
    "source": "edx",
    "Audit": "Free",
    "certificate": "Optional upgrade available",
    "courseLink": "https://www.edx.org/course/earthquake-seismology",
    "enrolled": "After a course session ends, it will be",
    "rating": 4,
    "image": "https://prod-discovery.edx-cdn.org/media/course/image/0d57b2c2-1aa4-463b-a279-95b4970c3deb-9e2d3e52c5cd.small.jpg"
  },
  {
    "name": "Sustainable Energy",
    "level": "Advanced",
    "desciption": "Learn to critically analyze modern energy technologies from engineering and socio-political perspectives, and gain the skills necessary to help the world meet rising energy demand while reducing carbon dioxide and other greenhouse gas emissions driving climate change",
    "catagory": "Energy & Earth Sciences",
    "subCatagory": "Others",
    "time": "Estimated 13 weeks",
    "provider": "MITx",
    "source": "edx",
    "Audit": "Free",
    "certificate": "Optional upgrade available",
    "courseLink": "https://www.edx.org/course/sustainable-energy",
    "enrolled": "9,058 already enrolled! After a course session ends, it will be",
    "rating": 4.8,
    "image": "https://prod-discovery.edx-cdn.org/media/course/image/37c5ca2e-5741-48a9-a8d6-da03aed266ab-77f539f3fcfa.small.png"
  },
  {
    "name": "Climate Change: The Science and Global Impact",
    "level": "Intermediate",
    "desciption": "We need to understand the science behind global warming to avoid the most damaging and irreversible climate change impacts on people and planet.",
    "catagory": "Energy & Earth Sciences",
    "subCatagory": "Others",
    "time": "Estimated 8 weeks",
    "provider": "SDGAcademyX",
    "source": "edx",
    "Audit": "Free",
    "certificate": "Optional upgrade available",
    "courseLink": "https://www.edx.org/course/climate-change-the-science-and-global-impact",
    "enrolled": "21,895 already enrolled! After a course session ends, it will be",
    "rating": 4.9,
    "image": "https://prod-discovery.edx-cdn.org/media/course/image/32779451-9094-45c8-9805-505bfe77ae02-febc6b6268d5.small.png"
  },
  {
    "name": "Getting a Good Deal: Negotiating Extractive Industry Contracts",
    "level": "Intermediate",
    "desciption": "Learn about negotiating extractive industry contracts and strategies for governments to get the best outcomes from negotiation.",
    "catagory": "Energy & Earth Sciences",
    "subCatagory": "Others",
    "time": "Estimated 3 weeks",
    "provider": "SDGAcademyX",
    "source": "edx",
    "Audit": "Free",
    "certificate": "Optional upgrade available",
    "courseLink": "https://www.edx.org/course/getting-a-good-deal-negotiating-extractive-industry-contracts",
    "enrolled": "After a course session ends, it will be",
    "rating": 4.7,
    "image": "https://prod-discovery.edx-cdn.org/media/course/image/502c45d3-bc49-4409-922d-10b9c89bf509-26ec17fcf1c8.small.jpeg"
  },
  {
    "name": "Natural Resources for Sustainable Development",
    "level": "Intermediate",
    "desciption": "Explore the sustainable development opportunities and challenges in using oil, gas and minerals.",
    "catagory": "Energy & Earth Sciences",
    "subCatagory": "Others",
    "time": "Estimated 12 weeks",
    "provider": "SDGAcademyX",
    "source": "edx",
    "Audit": "Free",
    "certificate": "Optional upgrade available",
    "courseLink": "https://www.edx.org/course/natural-resources-for-sustainable-development",
    "enrolled": "12,168 already enrolled! After a course session ends, it will be",
    "rating": 4.5,
    "image": "https://prod-discovery.edx-cdn.org/media/course/image/6ef185bc-c3fd-426d-befc-acd3d0c7601c-565e3ec1888d.small.jpg"
  },
  {
    "name": "Planetary Boundaries",
    "level": "Intermediate",
    "desciption": "Can our planet continue to support the current scope of human activity?",
    "catagory": "Energy & Earth Sciences",
    "subCatagory": "Others",
    "time": "Estimated 8 weeks",
    "provider": "SDGAcademyX",
    "source": "edx",
    "Audit": "Free",
    "certificate": "Optional upgrade available",
    "courseLink": "https://www.edx.org/course/planetary-boundaries",
    "enrolled": "6,445 already enrolled! After a course session ends, it will be",
    "rating": 4.7,
    "image": "https://prod-discovery.edx-cdn.org/media/course/image/b3ca409d-ade4-43d1-b082-6ba89b3f9103-d5c7a2d469dc.small.jpg"
  },
  {
    "name": "Reservoir Geomechanics",
    "level": "Introductory",
    "desciption": "This interdisciplinary course encompasses the fields of rock mechanics, structural geology, earthquake seismology and petroleum engineering to address a wide range of geomechanical problems that arise during the exploitation of oil and gas reservoirs.",
    "catagory": "Energy & Earth Sciences",
    "subCatagory": "Others",
    "time": "Estimated 10 weeks",
    "provider": "StanfordOnline",
    "source": "edx",
    "Audit": "Free",
    "certificate": "Optional upgrade available",
    "courseLink": "https://www.edx.org/course/reservoir-geomechanics",
    "enrolled": "9,839 already enrolled! After a course session ends, it will be",
    "rating": 5,
    "image": "https://prod-discovery.edx-cdn.org/media/course/image/2282c8f1-30f3-4fe0-b697-ab5442eb885b-3d66f6ee89e8.small.png"
  },
  {
    "name": "Forest Monitoring with CLASlite",
    "level": "Introductory",
    "desciption": "Welcome to the world’s first online course for deforestation and forest degradation mapping. This course is designed to equip users with the knowledge needed to monitor forests using the Carnegie Landsat Analysis System-lite or CLASlite. The course provides the scientific basis for each module in CLASlite, along with other information to make forest monitoring easy using Earth observing satellite data. For more information, visit the CLASlite website:",
    "catagory": "Energy & Earth Sciences",
    "subCatagory": "Others",
    "time": "Estimated 1 weeks",
    "provider": "StanfordOnline",
    "source": "edx",
    "Audit": "Free",
    "certificate": "Access to course at no cost",
    "courseLink": "https://www.edx.org/course/forest-monitoring-with-claslite",
    "enrolled": "After a course session ends, it will be",
    "rating": 4,
    "image": "https://prod-discovery.edx-cdn.org/media/course/image/9fafd2cd-6ee6-426a-bab7-92448af1ee9f-ab4b0190c74a.small.png"
  },
  {
    "name": "Unconventional Reservoir Geomechanics",
    "level": "Introductory",
    "desciption": "This course covers the geophysical and engineering concepts needed to understand the recovery of hydrocarbons from extremely low permeability unconventional oil and gas reservoirs.",
    "catagory": "Energy & Earth Sciences",
    "subCatagory": "Others",
    "time": "Estimated 10 weeks",
    "provider": "StanfordOnline",
    "source": "edx",
    "Audit": "Free",
    "certificate": "Optional upgrade available",
    "courseLink": "https://www.edx.org/course/unconventional-reservoir-geomechanics",
    "enrolled": "After a course session ends, it will be",
    "rating": 5,
    "image": "https://prod-discovery.edx-cdn.org/media/course/image/c2bbb3b2-e939-4704-a3b8-84d31b35d388-371a1a1c1648.small.png"
  },
  {
    "name": "Introduction to Deep Earth Science",
    "level": "Introductory",
    "desciption": "Learn about the nature and dynamics of the Earth’s core, mantle and crust in this introductory Earth Science course.",
    "catagory": "Energy & Earth Sciences",
    "subCatagory": "Others",
    "time": "Estimated 5 weeks",
    "provider": "TokyoTechX",
    "source": "edx",
    "Audit": "Free",
    "certificate": "Optional upgrade available",
    "courseLink": "https://www.edx.org/course/introduction-to-deep-earth-science",
    "enrolled": "11,772 already enrolled! After a course session ends, it will be",
    "rating": 4.6,
    "image": "https://prod-discovery.edx-cdn.org/media/course/image/9e80a964-3a61-42c6-868d-8ebaceed8386-e3d049536ab4.small.jpg"
  },
  {
    "name": "Exploring Volcanoes and Their Hazards: Iceland and New Zealand",
    "level": "Introductory",
    "desciption": "Experience the science of volcanology whilst learning the skill set of a volcanologist on a virtual fieldtrip to volcanoes in Iceland and New Zealand.",
    "catagory": "Energy & Earth Sciences",
    "subCatagory": "Others",
    "time": "Estimated 7 weeks",
    "provider": "UCx",
    "source": "edx",
    "Audit": "Free",
    "certificate": "Optional upgrade available",
    "courseLink": "https://www.edx.org/course/exploring-volcanoes-and-their-hazards-iceland-and-new-zealand",
    "enrolled": "After a course session ends, it will be",
    "rating": 4.6,
    "image": "https://prod-discovery.edx-cdn.org/media/course/image/85ec43b5-a0ff-40ba-987c-4945732a976e-efff5bbc0a50.small.jpeg"
  },
  {
    "name": "Monitoring Volcanoes and Magma Movements",
    "level": "Intermediate",
    "desciption": "The course covers magma movements in volcanoes and how they can be inferred from ground based and satellite monitoring techniques, including studies of earthquakes, ground deformation, and volcanic gas release. Case studies are presented.",
    "catagory": "Energy & Earth Sciences",
    "subCatagory": "Others",
    "time": "Estimated 8 weeks",
    "provider": "UIcelandX",
    "source": "edx",
    "Audit": "Free",
    "certificate": "Optional upgrade available",
    "courseLink": "https://www.edx.org/course/monitoring-volcanoes-and-magma-movements",
    "enrolled": "After a course session ends, it will be",
    "rating": 4.3,
    "image": "https://prod-discovery.edx-cdn.org/media/course/image/bc74bc61-143d-404b-9b1c-825d07d39f51-462f12898cd1.small.jpg"
  },
  {
    "name": "Solar Resource Assessment in Desert Climates",
    "level": "Advanced",
    "desciption": "Learn how to use the components of solar radiation,solar spectrum, forecasting and meteorology to advocate and plan for deploying PV in desert climates",
    "catagory": "Energy & Earth Sciences",
    "subCatagory": "Solar Energy in Hot Desert Climates",
    "time": "Estimated 7 weeks",
    "provider": "HBKUx",
    "source": "edx",
    "Audit": "Free",
    "certificate": "Optional upgrade available",
    "courseLink": "https://www.edx.org/course/solar-resource-assessment-in-desert-climates",
    "enrolled": "After a course session ends, it will be",
    "rating": 5,
    "image": "https://prod-discovery.edx-cdn.org/media/course/image/2f110fb2-7ebf-47aa-b81f-c4b6fbf9c2e6-0e0979b0a362.small.jpg"
  },
  {
    "name": "Using Photovoltaic (PV) Technology in Desert Climates",
    "level": "Advanced",
    "desciption": "Learn how to mitigate the challenges related to PV technology and enhance the performance of solar cells and PV modules in desert climates.",
    "catagory": "Energy & Earth Sciences",
    "subCatagory": "Solar Energy in Hot Desert Climates",
    "time": "Estimated 8 weeks",
    "provider": "HBKUx",
    "source": "edx",
    "Audit": "Free",
    "certificate": "Optional upgrade available",
    "courseLink": "https://www.edx.org/course/using-photovoltaic-pv-technology-in-desert-climate",
    "enrolled": "After a course session ends, it will be",
    "rating": 4.6,
    "image": "https://prod-discovery.edx-cdn.org/media/course/image/9a34e882-ef4a-4950-85be-ed0017c336d2-0fe2e9336746.small.jpg"
  },
  {
    "name": "Climate Action in Biodiverse Landscapes",
    "level": "Intermediate",
    "desciption": "There is no planet B. It's time to take effective climate action for which collaboration and innovation are key. This online course will boost your knowledge and skills to help you move from analysis to action in order to develop climate smart landscapes across the world.",
    "catagory": "Energy & Earth Sciences",
    "subCatagory": "Sustainable & Inclusive Landscapes",
    "time": "Estimated 4 weeks",
    "provider": "WageningenX",
    "source": "edx",
    "Audit": "Free",
    "certificate": "Optional upgrade available",
    "courseLink": "https://www.edx.org/course/climate-action-in-biodiverse-landscapes",
    "enrolled": "After a course session ends, it will be",
    "rating": 4.9,
    "image": "https://prod-discovery.edx-cdn.org/media/course/image/06fd1d32-33f1-4045-a362-a1e4400bd5a0-8c452d948642.small.jpg"
  },
  {
    "name": "Landscape Finance: Investing in Innovation for Sustainable Landscapes",
    "level": "Intermediate",
    "desciption": "Bridge the gap between finance and landscape! Learn to navigate the web of landscape financial flows, mechanisms and requirements toward developing cutting-edge business cases and models for sustainable development in landscapes.",
    "catagory": "Energy & Earth Sciences",
    "subCatagory": "Sustainable & Inclusive Landscapes",
    "time": "Estimated 4 weeks",
    "provider": "WageningenX",
    "source": "edx",
    "Audit": "Free",
    "certificate": "Optional upgrade available",
    "courseLink": "https://www.edx.org/course/landscape-finance-investing-in-innovation",
    "enrolled": "After a course session ends, it will be",
    "rating": 4.6,
    "image": "https://prod-discovery.edx-cdn.org/media/course/image/0820e81d-ef84-4ac3-8f87-d24714c6dd4c-9724de536a32.small.jpg"
  },
  {
    "name": "Landscape Leadership: Catalyse Sustainable Development in Landscapes",
    "level": "Intermediate",
    "desciption": "Learn how to become a landscape leader! Get the skills to mobilise human resources, manage and resolve conflict and facilitate and motivate stakeholders to achieve SDG-focused sustainable change.",
    "catagory": "Energy & Earth Sciences",
    "subCatagory": "Sustainable & Inclusive Landscapes",
    "time": "Estimated 4 weeks",
    "provider": "WageningenX",
    "source": "edx",
    "Audit": "Free",
    "certificate": "Optional upgrade available",
    "courseLink": "https://www.edx.org/course/landscape-leadership-catalyse-sustainability",
    "enrolled": "5,066 already enrolled! After a course session ends, it will be",
    "rating": 4.6,
    "image": "https://prod-discovery.edx-cdn.org/media/course/image/54eb071b-9774-4cfb-a198-508b88512451-295facb9328a.small.jpg"
  },
  {
    "name": "Landscape Governance: Collaborating Across Sectors and Scales",
    "level": "Intermediate",
    "desciption": "Finding local solutions to global challenges relies on collaboration & innovation. Equip yourself with the knowledge & skills to design and implement effective landscape governance that harnesses the power of place for sustainable landscape solutions.",
    "catagory": "Energy & Earth Sciences",
    "subCatagory": "Sustainable & Inclusive Landscapes",
    "time": "Estimated 4 weeks",
    "provider": "WageningenX",
    "source": "edx",
    "Audit": "Free",
    "certificate": "Optional upgrade available",
    "courseLink": "https://www.edx.org/course/landscape-governance-collaborating-across-sectors",
    "enrolled": "After a course session ends, it will be",
    "rating": 4.4,
    "image": "https://prod-discovery.edx-cdn.org/media/course/image/93f11b63-0c29-4472-964e-c6db1cc574e8-61863a8d0d90.small.jpg"
  },
  {
    "name": "The Transition to the Decarbonised Economy of Tomorrow",
    "level": "Intermediate",
    "desciption": "Dive into the economic strategies for promoting the energy transition: technologies, policies, pricing, emission trading and more.",
    "catagory": "Energy & Earth Sciences",
    "subCatagory": "The Economics of Energy Transition",
    "time": "Estimated 5 weeks",
    "provider": "DelftX",
    "source": "edx",
    "Audit": "Free",
    "certificate": "Optional upgrade available",
    "courseLink": "https://www.edx.org/course/the-energy-transition-part-2-towards-a-decarbonize",
    "enrolled": "5,187 already enrolled! After a course session ends, it will be",
    "rating": 4.8,
    "image": "https://prod-discovery.edx-cdn.org/media/course/image/0a427ff2-44d4-4d6b-9ea3-99357aa3b112-1fa3e2ecd896.small.jpeg"
  }
]