[
  {
    "name": "Cannabis Compliance, Testing, and Research",
    "level": "Introductory",
    "desciption": "Identify legal operations in the cannabis industry and investigate how research and development can advance cannabis science.",
    "catagory": "Environmental Studies",
    "subCatagory": "Cannabis Science and Industries: Seeds to Needs",
    "time": "Estimated 3 weeks",
    "provider": "DoaneX",
    "source": "edx",
    "Audit": "Free",
    "certificate": "Optional upgrade available",
    "courseLink": "https://www.edx.org/course/cannabis-compliance-testing-and-research",
    "enrolled": "After a course session ends, it will be",
    "rating": 4.4,
    "image": "https://prod-discovery.edx-cdn.org/media/course/image/acc3f484-82d9-4486-ab7e-dcac56f1fd9b-33cf54ab2a55.small.jpeg"
  },
  {
    "name": "Cannabis Cultivation and Processing",
    "level": "Introductory",
    "desciption": "Investigate the cultivation and processing of cannabis, starting from seeds to a diversity of end products for a global market.",
    "catagory": "Environmental Studies",
    "subCatagory": "Cannabis Science and Industries: Seeds to Needs",
    "time": "Estimated 3 weeks",
    "provider": "DoaneX",
    "source": "edx",
    "Audit": "Free",
    "certificate": "Optional upgrade available",
    "courseLink": "https://www.edx.org/course/cannabis-cultivation-and-processing",
    "enrolled": "13,812 already enrolled! After a course session ends, it will be",
    "rating": 5,
    "image": "https://prod-discovery.edx-cdn.org/media/course/image/b751afc5-0769-4c54-abcb-569de2b7472a-226c30f689ca.small.jpeg"
  },
  {
    "name": "General Overview of Cannabis and the Industry’s Outlook and Professions",
    "level": "Introductory",
    "desciption": "An in-depth view of cannabis and its potential uses.",
    "catagory": "Environmental Studies",
    "subCatagory": "Cannabis Science and Industries: Seeds to Needs",
    "time": "Estimated 4 weeks",
    "provider": "DoaneX",
    "source": "edx",
    "Audit": "Free",
    "certificate": "Optional upgrade available",
    "courseLink": "https://www.edx.org/course/general-overview-of-cannabis-and-the-industrys-out",
    "enrolled": "7,162 already enrolled! After a course session ends, it will be",
    "rating": 5,
    "image": "https://prod-discovery.edx-cdn.org/media/course/image/ef8093bb-7431-4f54-b2b9-34732a6a615d-ace5f03fb917.small.jpeg"
  },
  {
    "name": "Circular Economy: An Interdisciplinary Approach",
    "level": "Advanced",
    "desciption": "Join the transition towards a circular economy considering economic, supply chain, social, technical, managerial and environmental aspects.",
    "catagory": "Environmental Studies",
    "subCatagory": "Economics and Policies for a Circular Bio-Economy",
    "time": "Estimated 6 weeks",
    "provider": "WageningenX",
    "source": "edx",
    "Audit": "Free",
    "certificate": "Optional upgrade available",
    "courseLink": "https://www.edx.org/course/circular-economy-an-interdisciplinary-approach",
    "enrolled": "15,325 already enrolled! After a course session ends, it will be",
    "rating": 4.7,
    "image": "https://prod-discovery.edx-cdn.org/media/course/image/a7512d5c-f6d9-4da4-afec-f78cc712ba40-6691982efc57.small.jpg"
  },
  {
    "name": "The Science Advisory Toolbox for Environmental Management",
    "level": "Introductory",
    "desciption": "Develop your own science and management strategy while viewing the environment through a multicultural lens. Learn how science advocacy can drive effective environmental and sustainability decision-making.",
    "catagory": "Environmental Studies",
    "subCatagory": "Environmental Management for Sustainability",
    "time": "Estimated 5 weeks",
    "provider": "UMCES",
    "source": "edx",
    "Audit": "Free",
    "certificate": "Optional upgrade available",
    "courseLink": "https://www.edx.org/course/the-science-advisory-toolbox-for-environmental-management",
    "enrolled": "After a course session ends, it will be",
    "rating": 4.8,
    "image": "https://prod-discovery.edx-cdn.org/media/course/image/3b3f5333-1920-4cc5-a790-4d6d3813afeb-4a168f6d5e3f.small.jpeg"
  },
  {
    "name": "Strategic Communication for Sustainability Leaders",
    "level": "Introductory",
    "desciption": "Communicating science effectively is a critical skill for anyone involved in environmental policy or sustainability. Learn how to integrate effective visualizations into compelling narratives to clearly explain complex ecosystem processes.",
    "catagory": "Environmental Studies",
    "subCatagory": "Environmental Management for Sustainability",
    "time": "Estimated 5 weeks",
    "provider": "UMCES",
    "source": "edx",
    "Audit": "Free",
    "certificate": "Optional upgrade available",
    "courseLink": "https://www.edx.org/course/strategic-communication-for-sustainability-leaders",
    "enrolled": "After a course session ends, it will be",
    "rating": 4,
    "image": "https://prod-discovery.edx-cdn.org/media/course/image/5401f2b0-33fa-4ce9-9e93-b118941d91b2-a1d591ce8262.small.png"
  },
  {
    "name": "Innovative Environmental Management Models: Case Studies and Applications",
    "level": "Introductory",
    "desciption": "Utilizing extensive case studies of various ecosystems, you will learn how to effectively utilize science-based management to mitigate anthropogenic impacts and ensure resiliency and sustainability in your community.",
    "catagory": "Environmental Studies",
    "subCatagory": "Environmental Management for Sustainability",
    "time": "Estimated 5 weeks",
    "provider": "UMCES",
    "source": "edx",
    "Audit": "Free",
    "certificate": "Optional upgrade available",
    "courseLink": "https://www.edx.org/course/innovative-environmental-management-models-case-studies-and-applications",
    "enrolled": "After a course session ends, it will be",
    "rating": 5,
    "image": "https://prod-discovery.edx-cdn.org/media/course/image/70df2d09-e9e4-48f1-a3de-805129c1881f-e0fe66d3e64c.small.jpeg"
  },
  {
    "name": "Storytelling with Data using Socio-environmental Report Cards",
    "level": "Introductory",
    "desciption": "Socio-environmental report cards have proven to be THE tool to effect positive change. Join us as we explore proven techniques to synthesize data, engage the local community, inform decision-making, and drive policy for any environmental or sustainability challenge.",
    "catagory": "Environmental Studies",
    "subCatagory": "Environmental Management for Sustainability",
    "time": "Estimated 5 weeks",
    "provider": "UMCES",
    "source": "edx",
    "Audit": "Free",
    "certificate": "Optional upgrade available",
    "courseLink": "https://www.edx.org/course/storytelling-with-data-using-socio-environmental-report-cards",
    "enrolled": "After a course session ends, it will be",
    "rating": 4.6,
    "image": "https://prod-discovery.edx-cdn.org/media/course/image/86d37940-0d40-49cd-9f47-102959c888f5-70a916e3fbbf.small.png"
  },
  {
    "name": "Climate Change in Arctic Environments",
    "level": "Introductory",
    "desciption": "Learn about climate change in the Arctic from America’s Arctic University. This MOOC covers modern climate science and the impacts of climate change across atmospheric, marine, terrestrial and human systems.",
    "catagory": "Environmental Studies",
    "subCatagory": "Others",
    "time": "Estimated 4 weeks",
    "provider": "AlaskaX",
    "source": "edx",
    "Audit": "Free",
    "certificate": "Optional upgrade available",
    "courseLink": "https://www.edx.org/course/climate-change-in-arctic-environments",
    "enrolled": "After a course session ends, it will be",
    "rating": 4.1,
    "image": "https://prod-discovery.edx-cdn.org/media/course/image/1fb9ae9b-39a5-49c6-9e9d-d296d8b499c6-b84c9310605a.small.jpeg"
  },
  {
    "name": "Salmon, People, and Place",
    "level": "Introductory",
    "desciption": "This course explores the relationships between salmon and people with an emphasis on the special ties of salmon to Indigenous peoples and to Alaska Natives in particular.",
    "catagory": "Environmental Studies",
    "subCatagory": "Others",
    "time": "Estimated 6 weeks",
    "provider": "AlaskaX",
    "source": "edx",
    "Audit": "Free",
    "certificate": "Optional upgrade available",
    "courseLink": "https://www.edx.org/course/salmon-people-place",
    "enrolled": "After a course session ends, it will be",
    "rating": 4.1,
    "image": "https://prod-discovery.edx-cdn.org/media/course/image/b16b0569-dc83-4630-b68f-84ca7c6d62b7-17fc706f8a2f.small.jpeg"
  },
  {
    "name": "Remote Sensing of Wildfires",
    "level": "Introductory",
    "desciption": "Learn how satellite imagery and the science of remote sensing allows us to detect wildfires, help manage their spread, and guide ecological restoration.",
    "catagory": "Environmental Studies",
    "subCatagory": "Others",
    "time": "Estimated 4 weeks",
    "provider": "AlaskaX",
    "source": "edx",
    "Audit": "Free",
    "certificate": "Optional upgrade available",
    "courseLink": "https://www.edx.org/course/remote-sensing-of-wildfires",
    "enrolled": "After a course session ends, it will be",
    "rating": 5,
    "image": "https://prod-discovery.edx-cdn.org/media/course/image/f78cb31a-b57f-4919-913b-500ec3fd2da6-30f289eab9a6.small.jpeg"
  },
  {
    "name": "Nature Based Metropolitan Solutions",
    "level": "Advanced",
    "desciption": "Discover the potential benefits of nature-based solutions (NBS) in metropolitan areas and develop strategies for their implementation.",
    "catagory": "Environmental Studies",
    "subCatagory": "Others",
    "time": "Estimated 6 weeks",
    "provider": "DelftX",
    "source": "edx",
    "Audit": "Free",
    "certificate": "Optional upgrade available",
    "courseLink": "https://www.edx.org/course/nature-based-metropolitan-solutions",
    "enrolled": "6,025 already enrolled! After a course session ends, it will be",
    "rating": 4.7,
    "image": "https://prod-discovery.edx-cdn.org/media/course/image/e3f28f83-6fe3-4fb7-b287-9baff10e36db-e5b003970e78.small.jpg"
  },
  {
    "name": "Principles of Hemp Cultivation",
    "level": "Introductory",
    "desciption": "This course provides an in-depth investigation of hemp as an agronomic and horticultural crop.",
    "catagory": "Environmental Studies",
    "subCatagory": "Others",
    "time": "Estimated 8 weeks",
    "provider": "DoaneX",
    "source": "edx",
    "Audit": "Free",
    "certificate": "Optional upgrade available",
    "courseLink": "https://www.edx.org/course/principles-of-hemp-cultivation",
    "enrolled": "After a course session ends, it will be",
    "rating": 4.4,
    "image": "https://prod-discovery.edx-cdn.org/media/course/image/c20b74e9-be15-401a-bb0c-cef51bb7ec11-a4b25adef330.small.jpeg"
  },
  {
    "name": "Nitrogen: A Global Challenge",
    "level": "Introductory",
    "desciption": "Learn about the global nitrogen challenge, how nitrogen has helped human civilization to develop, and how its misuse now threatens us.",
    "catagory": "Environmental Studies",
    "subCatagory": "Others",
    "time": "Estimated 5 weeks",
    "provider": "EdinburghX",
    "source": "edx",
    "Audit": "Free",
    "certificate": "Optional upgrade available",
    "courseLink": "https://www.edx.org/course/nitrogen-a-global-challenge",
    "enrolled": "After a course session ends, it will be",
    "rating": 4,
    "image": "https://prod-discovery.edx-cdn.org/media/course/image/50c0de9f-3f7f-4369-ba6b-a3c9d6c281f9-7e04635b3292.small.jpg"
  },
  {
    "name": "Climate Solutions",
    "level": "Introductory",
    "desciption": "We are in a Climate Emergency. The actions we all choose to take over the next decade will decide whether we succeed or fail to meet the biggest challenge to our civilisation in the 21st century.",
    "catagory": "Environmental Studies",
    "subCatagory": "Others",
    "time": "Estimated 5 weeks",
    "provider": "EdinburghX",
    "source": "edx",
    "Audit": "Free",
    "certificate": "Optional upgrade available",
    "courseLink": "https://www.edx.org/course/climate-solutions",
    "enrolled": "After a course session ends, it will be",
    "rating": 4.9,
    "image": "https://prod-discovery.edx-cdn.org/media/course/image/88120303-f14e-46e8-9f7f-a22d61f94b24-92c4144a62c6.small.png"
  },
  {
    "name": "Nitrogen: A Global Challenge (Sinhalese)",
    "level": "Introductory",
    "desciption": "වැඩිවන මිනිස් ජනගහනය සහ සත්ව සම්පත පෝෂණය කිරීම සඳහා නයිට්‍රජන් මූලද්‍රව්‍ය අත්‍යවශ්‍ය වන නමුත් එය නිවැරදිව යොදා නොගතහොත් පරිසර දුෂණය හා ඒ ආශ්‍රිත ගැටළු වඩාත් උග්‍ර විය හැක. මෙම ගෝලීය ව්‍යසනයෙන් ගැලවීමට එම මුලද්‍රව්‍ය තිරසාර ලෙස කළමනාකරණය ඉතා වැදගත්ය.",
    "catagory": "Environmental Studies",
    "subCatagory": "Others",
    "time": "Estimated 5 weeks",
    "provider": "EdinburghX",
    "source": "edx",
    "Audit": "Free",
    "certificate": "Optional upgrade available",
    "courseLink": "https://www.edx.org/course/nitrogen-a-global-challenge-sinhalese",
    "enrolled": "After a course session ends, it will be",
    "rating": 5,
    "image": "https://prod-discovery.edx-cdn.org/media/course/image/b160afe2-18ee-46ac-a3be-63d6fa5a0c1e-40f6263c1e3f.small.jpeg"
  },
  {
    "name": "Building expertise on developing sustainable and resilient infrastructure",
    "level": "Introductory",
    "desciption": "This course provides knowledge, builds expertise and provides tools on the planning, financing, procurement and contracting of sustainable and resilient infrastructure projects.",
    "catagory": "Environmental Studies",
    "subCatagory": "Others",
    "time": "Estimated 9 weeks",
    "provider": "EPFLx",
    "source": "edx",
    "Audit": "Free",
    "certificate": "Optional upgrade available",
    "courseLink": "https://www.edx.org/course/building-expertise-on-developing-sustainable-and-r",
    "enrolled": "After a course session ends, it will be",
    "rating": 5,
    "image": "https://prod-discovery.edx-cdn.org/media/course/image/a6eca3df-cd61-405d-b1f9-a4f33c4b266a-359e98e6d642.small.jpg"
  },
  {
    "name": "Landscape Ecology",
    "level": "Intermediate",
    "desciption": "This is the first MOOC to teach Landscape Ecology. Participants learn theory, methods and tools to understand the landscapes we live in and to solve landscape-related environmental problems.",
    "catagory": "Environmental Studies",
    "subCatagory": "Others",
    "time": "Estimated 14 weeks",
    "provider": "ETHx",
    "source": "edx",
    "Audit": "Free",
    "certificate": "Optional upgrade available",
    "courseLink": "https://www.edx.org/course/landscape-ecology",
    "enrolled": "11,344 already enrolled! After a course session ends, it will be",
    "rating": 4.8,
    "image": "https://prod-discovery.edx-cdn.org/media/course/image/623db73f-831d-408f-98ca-352fb6f19710-841608bb38ae.small.jpg"
  },
  {
    "name": "Energy Within Environmental Constraints",
    "level": "Introductory",
    "desciption": "A quantitative introduction to the energy system and its environmental impacts.",
    "catagory": "Environmental Studies",
    "subCatagory": "Others",
    "time": "Estimated 10 weeks",
    "provider": "HarvardX",
    "source": "edx",
    "Audit": "Free",
    "certificate": "Optional upgrade available",
    "courseLink": "https://www.edx.org/course/energy-within-environmental-constraints",
    "enrolled": "115,979 already enrolled! After a course session ends, it will be",
    "rating": 4.2,
    "image": "https://prod-discovery.edx-cdn.org/media/course/image/3ee3be46-26a9-4594-bd90-1a91386c534a-ccf0b9afbb2c.small.jpg"
  },
  {
    "name": "The Health Effects of Climate Change",
    "level": "Introductory",
    "desciption": "Learnhow global warming impacts human health, and the wayswe can diminish those impacts.",
    "catagory": "Environmental Studies",
    "subCatagory": "Others",
    "time": "Estimated 7 weeks",
    "provider": "HarvardX",
    "source": "edx",
    "Audit": "Free",
    "certificate": "Optional upgrade available",
    "courseLink": "https://www.edx.org/course/the-health-effects-of-climate-change",
    "enrolled": "139,229 already enrolled! After a course session ends, it will be",
    "rating": 4.4,
    "image": "https://prod-discovery.edx-cdn.org/media/course/image/ac3a7ef0-00e1-454b-aa69-abded71c6129-c8f266d9a432.small.jpg"
  },
  {
    "name": "Environmental Protection and Sustainability",
    "level": "Introductory",
    "desciption": "Uncover better solutions to help manage a wide range of environmental problems and challenges facing our world today.",
    "catagory": "Environmental Studies",
    "subCatagory": "Others",
    "time": "Estimated 8 weeks",
    "provider": "IsraelX",
    "source": "edx",
    "Audit": "Free",
    "certificate": "Optional upgrade available",
    "courseLink": "https://www.edx.org/course/environmental-protection-and-sustainability",
    "enrolled": "22,632 already enrolled! After a course session ends, it will be",
    "rating": 4.4,
    "image": "https://prod-discovery.edx-cdn.org/media/course/image/df686c9a-ea5d-421c-8889-9b8f82d120cd-ea1ce2b8bc06.small.png"
  },
  {
    "name": "As above, so below: An introduction to soils, ecosystems and livelihoods in the Tropics",
    "level": "Intermediate",
    "desciption": "The tropics are as beautiful and diverse below-ground as they are above-ground. Learn how to use knowledge about the natural variability in soil properties for the sustainable management of ecosystems and farms.",
    "catagory": "Environmental Studies",
    "subCatagory": "Others",
    "time": "Estimated 7 weeks",
    "provider": "KULeuvenX",
    "source": "edx",
    "Audit": "Free",
    "certificate": "Optional upgrade available",
    "courseLink": "https://www.edx.org/course/as-above-so-below-an-introduction-to-soils-ecosy-2",
    "enrolled": "After a course session ends, it will be",
    "rating": 4.6,
    "image": "https://prod-discovery.edx-cdn.org/media/course/image/401c3fd9-c8e9-4e68-81a3-b04f3129d634-68cee125f657.small.jpg"
  },
  {
    "name": "Environmental Pollution Events and Emergency Response Introduction",
    "level": "Introductory",
    "desciption": "In this course, we will discuss and analyze major environmental pollution incidents at home and abroad, in terms of the responses to these incidents, as well as the management of environmental emergencies, to gain a deep understanding of these environmental issues.",
    "catagory": "Environmental Studies",
    "subCatagory": "Others",
    "time": "Estimated 15 weeks",
    "provider": "PekingX",
    "source": "edx",
    "Audit": "Free",
    "certificate": "Optional upgrade available",
    "courseLink": "https://www.edx.org/course/environmental-pollution-events-and-emergency-res-3",
    "enrolled": "After a course session ends, it will be",
    "rating": 4.5,
    "image": "https://prod-discovery.edx-cdn.org/media/course/image/88a382e8-ac7d-4b74-a8e3-75241b52b954-751517f3fdab.small.jpg"
  },
  {
    "name": "Feeding a Hungry Planet: Agriculture, Nutrition and Sustainability",
    "level": "Intermediate",
    "desciption": "How do we create a healthy and sustainable diet for the growing world population?",
    "catagory": "Environmental Studies",
    "subCatagory": "Others",
    "time": "Estimated 7 weeks",
    "provider": "SDGAcademyX",
    "source": "edx",
    "Audit": "Free",
    "certificate": "Optional upgrade available",
    "courseLink": "https://www.edx.org/course/feeding-a-hungry-planet-agriculture-nutrition-and",
    "enrolled": "14,073 already enrolled! After a course session ends, it will be",
    "rating": 4.8,
    "image": "https://prod-discovery.edx-cdn.org/media/course/image/156c045f-5815-4038-bfd5-c0e044fe8c29-d65df2c5cdd4.small.jpg"
  },
  {
    "name": "Sustainable Cities",
    "level": "Intermediate",
    "desciption": "Learn how government, the private sector, and other actors can support sustainable urban development",
    "catagory": "Environmental Studies",
    "subCatagory": "Others",
    "time": "Estimated 9 weeks",
    "provider": "SDGAcademyX",
    "source": "edx",
    "Audit": "Free",
    "certificate": "Optional upgrade available",
    "courseLink": "https://www.edx.org/course/sustainable-cities-2",
    "enrolled": "22,214 already enrolled! After a course session ends, it will be",
    "rating": 4.5,
    "image": "https://prod-discovery.edx-cdn.org/media/course/image/1fbfd3aa-7525-4148-8b1f-c78381ef04cf-be7cb7da3a52.small.jpg"
  },
  {
    "name": "Cities and the Challenge of Sustainable Development",
    "level": "Introductory",
    "desciption": "What is a sustainable city? Learn the basics here.",
    "catagory": "Environmental Studies",
    "subCatagory": "Others",
    "time": "Estimated 1 weeks",
    "provider": "SDGAcademyX",
    "source": "edx",
    "Audit": "Free",
    "certificate": "Optional upgrade available",
    "courseLink": "https://www.edx.org/course/cities-and-the-challenge-of-sustainable-developmen",
    "enrolled": "10,763 already enrolled! After a course session ends, it will be",
    "rating": 4.7,
    "image": "https://prod-discovery.edx-cdn.org/media/course/image/2cfebcea-dd5b-438e-88a0-600d4ed11d5b-08b773ea51de.small.jpg"
  },
  {
    "name": "Nature-based Solutions for Disaster and Climate Resilience",
    "level": "Introductory",
    "desciption": "What are ‘Nature-based solutions’, or NbS? How can they help build resilience to disasters and climate change impacts? Why is NbS relevant? How can I apply NbS in my work and everyday life?",
    "catagory": "Environmental Studies",
    "subCatagory": "Others",
    "time": "Estimated 7 weeks",
    "provider": "SDGAcademyX",
    "source": "edx",
    "Audit": "Free",
    "certificate": "Access to course at no cost",
    "courseLink": "https://www.edx.org/course/nature-based-solutions-for-disaster-and-climate-resilience",
    "enrolled": "49,351 already enrolled! After a course session ends, it will be",
    "rating": 4.9,
    "image": "https://prod-discovery.edx-cdn.org/media/course/image/36a24954-65ad-4b17-8a0b-8b3ddea4acc8-e6f9ddfb1742.small.jpeg"
  },
  {
    "name": "Transforming Our World: Achieving the Sustainable Development Goals",
    "level": "Intermediate",
    "desciption": "What will it take to achieve the Sustainable Development Goals by 2030?",
    "catagory": "Environmental Studies",
    "subCatagory": "Others",
    "time": "Estimated 1 weeks",
    "provider": "SDGAcademyX",
    "source": "edx",
    "Audit": "Free",
    "certificate": "Optional upgrade available",
    "courseLink": "https://www.edx.org/course/transforming-our-world-achieving-the-sustainable-d",
    "enrolled": "9,808 already enrolled! After a course session ends, it will be",
    "rating": 4,
    "image": "https://prod-discovery.edx-cdn.org/media/course/image/520c39be-89c1-4cad-9e9b-ff1f0cdc8b99-27b2c1c2e54f.small.jpg"
  },
  {
    "name": "How to Achieve the Sustainable Development Goals",
    "level": "Intermediate",
    "desciption": "The world has adopted an ambitious agenda, the Sustainable Development Goals, to end poverty, protect the planet, and ensure prosperity for all. Learn how we can achieve these goals through careful planning and engagement of diverse stakeholders.",
    "catagory": "Environmental Studies",
    "subCatagory": "Others",
    "time": "Estimated 7 weeks",
    "provider": "SDGAcademyX",
    "source": "edx",
    "Audit": "Free",
    "certificate": "Optional upgrade available",
    "courseLink": "https://www.edx.org/course/how-to-achieve-the-sustainable-development-goals",
    "enrolled": "16,345 already enrolled! After a course session ends, it will be",
    "rating": 4.4,
    "image": "https://prod-discovery.edx-cdn.org/media/course/image/5eeb2d39-3f33-494b-ab2a-d44e746851e0-9866ebf2e4db.small.png"
  },
  {
    "name": "One Planet, One Ocean",
    "level": "Intermediate",
    "desciption": "A holistic view of how the ocean functions, how human interactions with the ocean can be understood, and what solutions are available to support both sustainable use and stewardship of our blue planet.",
    "catagory": "Environmental Studies",
    "subCatagory": "Others",
    "time": "Estimated 6 weeks",
    "provider": "SDGAcademyX",
    "source": "edx",
    "Audit": "Free",
    "certificate": "Optional upgrade available",
    "courseLink": "https://www.edx.org/course/one-planet-one-ocean",
    "enrolled": "17,162 already enrolled! After a course session ends, it will be",
    "rating": 5,
    "image": "https://prod-discovery.edx-cdn.org/media/course/image/6e36cf37-db6f-4643-8928-587536138bf4-f8364bfbd465.small.jpg"
  },
  {
    "name": "Climate Action: Solutions for a Changing Planet",
    "level": "Intermediate",
    "desciption": "How do we turn commitments to reducing the effects of climate change into action?",
    "catagory": "Environmental Studies",
    "subCatagory": "Others",
    "time": "Estimated 10 weeks",
    "provider": "SDGAcademyX",
    "source": "edx",
    "Audit": "Free",
    "certificate": "Optional upgrade available",
    "courseLink": "https://www.edx.org/course/climate-action-solutions-for-a-changing-planet",
    "enrolled": "7,513 already enrolled! After a course session ends, it will be",
    "rating": 4.1,
    "image": "https://prod-discovery.edx-cdn.org/media/course/image/7c6f7c8f-9c5d-4943-a140-6f26d096fa78-c77920a825d0.small.png"
  },
  {
    "name": "Climate Change Science and Negotiations",
    "level": "Intermediate",
    "desciption": "Humanity is up against a tight timeline to address climate change. Learn how we can deeply decarbonize the global energy systems, and put the world on a 2°C pathway.",
    "catagory": "Environmental Studies",
    "subCatagory": "Others",
    "time": "Estimated 10 weeks",
    "provider": "SDGAcademyX",
    "source": "edx",
    "Audit": "Free",
    "certificate": "Optional upgrade available",
    "courseLink": "https://www.edx.org/course/climate-change-science-and-negotiations",
    "enrolled": "7,447 already enrolled! After a course session ends, it will be",
    "rating": 4,
    "image": "https://prod-discovery.edx-cdn.org/media/course/image/a9fb1017-cfa0-4ec5-9bbd-bd8562413a27-908b909f0ff1.small.jpg"
  },
  {
    "name": "Water: Addressing the Global Crisis",
    "level": "Introductory",
    "desciption": "We are living in a water stressed world. It is a global crisis and therefore we must act now! What can we do to save the planet and ensure availability of water for all by 2030?",
    "catagory": "Environmental Studies",
    "subCatagory": "Others",
    "time": "Estimated 9 weeks",
    "provider": "SDGAcademyX",
    "source": "edx",
    "Audit": "Free",
    "certificate": "Optional upgrade available",
    "courseLink": "https://www.edx.org/course/water-addressing-the-global-crisis-2",
    "enrolled": "10,497 already enrolled! After a course session ends, it will be",
    "rating": 4.6,
    "image": "https://prod-discovery.edx-cdn.org/media/course/image/c96ac2eb-e620-41a2-87e2-bc6081486540-9178155a8ded.small.jpg"
  },
  {
    "name": "From the Ground Up: Managing and Preserving Our Terrestrial Ecosystems",
    "level": "Intermediate",
    "desciption": "How can we preserve, restore, manage and sustainably use terrestrial ecosystems? Join us as we explore this question in the Brazilian Amazon and around the world.",
    "catagory": "Environmental Studies",
    "subCatagory": "Others",
    "time": "Estimated 9 weeks",
    "provider": "SDGAcademyX",
    "source": "edx",
    "Audit": "Free",
    "certificate": "Optional upgrade available",
    "courseLink": "https://www.edx.org/course/from-the-ground-up-managing-and-preserving-our-ter",
    "enrolled": "After a course session ends, it will be",
    "rating": 4.5,
    "image": "https://prod-discovery.edx-cdn.org/media/course/image/cfb52e08-9ef1-4670-82de-83395f0b9703-df2d9923b642.small.png"
  },
  {
    "name": "Governance for Transboundary Freshwater Security",
    "level": "Intermediate",
    "desciption": "This course provides understandings of transboundary freshwater governance in theory and practice. Topics include transboundary freshwater security, international water law, water diplomacy, negotiations, institutions, management tools, and sustainable finance.",
    "catagory": "Environmental Studies",
    "subCatagory": "Others",
    "time": "Estimated 6 weeks",
    "provider": "SDGAcademyX",
    "source": "edx",
    "Audit": "Free",
    "certificate": "Optional upgrade available",
    "courseLink": "https://www.edx.org/course/governance-for-transboundary-freshwater-security",
    "enrolled": "After a course session ends, it will be",
    "rating": 4.8,
    "image": "https://prod-discovery.edx-cdn.org/media/course/image/ed9d9041-2ed3-4afb-9dd9-adc2527017b2-e6ce6366d21c.small.jpeg"
  },
  {
    "name": "Climate Change Communication",
    "level": "Introductory",
    "desciption": "This online course will provide educators and volunteers with information about the drivers, impacts, and solutions of climate change, as well as strategies for talking about climate change in an informal education environment.",
    "catagory": "Environmental Studies",
    "subCatagory": "Others",
    "time": "Estimated 5 weeks",
    "provider": "SmithsonianX",
    "source": "edx",
    "Audit": "Free",
    "certificate": "Optional upgrade available",
    "courseLink": "https://www.edx.org/course/climate-change-communication",
    "enrolled": "After a course session ends, it will be",
    "rating": 4.9,
    "image": "https://prod-discovery.edx-cdn.org/media/course/image/2f59a385-1759-4e20-8a6f-c021b6eeafd7-a07667eeb0d8.small.jpeg"
  },
  {
    "name": "#EarthOptimism",
    "level": "Introductory",
    "desciption": "A 5-session workshop focused on identifying conservation success stories and sharing them on Twitter.Join others from around the world who care about changing the conversation around conservation from one of doom and gloom to one of hope and optimism...and who believe that change is positively possible.",
    "catagory": "Environmental Studies",
    "subCatagory": "Others",
    "time": "Estimated 1 weeks",
    "provider": "SmithsonianX",
    "source": "edx",
    "Audit": "Free",
    "certificate": "Optional upgrade available",
    "courseLink": "https://www.edx.org/course/earthoptimism",
    "enrolled": "After a course session ends, it will be",
    "rating": 5,
    "image": "https://prod-discovery.edx-cdn.org/media/course/image/62d682c2-7ffe-4c3c-aab2-e935a0f57406-f385fd752af5.small.png"
  },
  {
    "name": "Our Global Ocean – An Introduction Course",
    "level": "Introductory",
    "desciption": "Our ocean is vast, mysterious, and key to all life on our planet. This short course will introduce you to the basics of our ocean, marine life, and the connection between humans and our ocean.",
    "catagory": "Environmental Studies",
    "subCatagory": "Others",
    "time": "Estimated 5 weeks",
    "provider": "SmithsonianX",
    "source": "edx",
    "Audit": "Free",
    "certificate": "Optional upgrade available",
    "courseLink": "https://www.edx.org/course/our-global-ocean-an-introduction-course",
    "enrolled": "After a course session ends, it will be",
    "rating": 4.3,
    "image": "https://prod-discovery.edx-cdn.org/media/course/image/fa1914c7-9434-49f1-8946-915c4fd77d54-d311369ed91a.small.jpeg"
  },
  {
    "name": "Introduction to the Natural Capital Project Approach",
    "level": "Introductory",
    "desciption": "People depend on nature to sustain and fulfill human life, yet the values of nature are typically ignored in decisions. Mapping and modeling ecosystem services can help highlight the diverse benefits provided to people by nature (what and where) and explore how those benefits might change under different management options--thus bringing information about nature’s values into decisions in practical ways. With these approaches, we can improve the state of biodiversity and human well-being by motivating greater and more cost-effective investments in both.",
    "catagory": "Environmental Studies",
    "subCatagory": "Others",
    "time": "Estimated 1 weeks",
    "provider": "StanfordOnline",
    "source": "edx",
    "Audit": "Free",
    "certificate": "Optional upgrade available",
    "courseLink": "https://www.edx.org/course/introduction-to-the-natural-capital-project-approach",
    "enrolled": "After a course session ends, it will be",
    "rating": 4.9,
    "image": "https://prod-discovery.edx-cdn.org/media/course/image/b1b3318a-4bf6-4a74-9b0e-d1eef0c5bab1-df009b1ea3ff.small.jpeg"
  },
  {
    "name": "Water and Wastewater Treatment Engineering: Biochemical Technology | 水处理工程：生物化学方法",
    "level": "Introductory",
    "desciption": "Learn the basic principles and characteristics of biochemical technology in water and wastewater treatment engineering. 本课程讲述水和废水处理中主要的生物处理方法的基本原理、工艺构成、运行特点、工艺计算方法以及部分工程实例。",
    "catagory": "Environmental Studies",
    "subCatagory": "Others",
    "time": "Estimated 10 weeks",
    "provider": "TsinghuaX",
    "source": "edx",
    "Audit": "Free",
    "certificate": "Optional upgrade available",
    "courseLink": "https://www.edx.org/course/water-and-wastewater-treatment-engineering-biochem",
    "enrolled": "10,645 already enrolled! After a course session ends, it will be",
    "rating": 4.4,
    "image": "https://prod-discovery.edx-cdn.org/media/course/image/830b18cc-a381-4fb7-ac64-aceb16ab634d-cef3a807d199.small.jpg"
  },
  {
    "name": "Water and Wastewater Treatment Engineering: Physicochemical Technology | 水处理工程：物理化学方法",
    "level": "Introductory",
    "desciption": "Learn the basic principles and characteristics of physicochemical technology in water and wastewater treatment engineering. 本课程主要讲述水和废水处理中主要的物化处理方法的基本原理、工艺构成、运行特点、工艺计算方法以及部分工程实例。",
    "catagory": "Environmental Studies",
    "subCatagory": "Others",
    "time": "Estimated 10 weeks",
    "provider": "TsinghuaX",
    "source": "edx",
    "Audit": "Free",
    "certificate": "Optional upgrade available",
    "courseLink": "https://www.edx.org/course/water-and-wastewater-treatment-engineering-physico",
    "enrolled": "17,872 already enrolled! After a course session ends, it will be",
    "rating": 5,
    "image": "https://prod-discovery.edx-cdn.org/media/course/image/e3c08ddc-a391-4ee2-bbea-c587765fd24b-80c3c6737b56.small.jpg"
  },
  {
    "name": "Ecodesign for Cities and Suburbs",
    "level": "Introductory",
    "desciption": "Using real examples, learn how ecology can guide urban design to avert environmental disasters and improve people’s lives.",
    "catagory": "Environmental Studies",
    "subCatagory": "Others",
    "time": "Estimated 6 weeks",
    "provider": "UBCx",
    "source": "edx",
    "Audit": "Free",
    "certificate": "Optional upgrade available",
    "courseLink": "https://www.edx.org/course/ecodesign-for-cities-and-suburbs",
    "enrolled": "31,198 already enrolled! After a course session ends, it will be",
    "rating": 4.5,
    "image": "https://prod-discovery.edx-cdn.org/media/course/image/5e7a5d6f-ecf6-4fca-acd3-a0e22dd1f396-edb8fc0f2a2f.small.jpg"
  },
  {
    "name": "Sheep in the Land of Fire and Ice",
    "level": "Introductory",
    "desciption": "What do sheep, volcanoes and glaciers have in common? Take this course to see how human land uses, like sheep grazing, over just a few centuries can be an equally strong driving force of landscapes as volcanoes and glaciers over millennia.",
    "catagory": "Environmental Studies",
    "subCatagory": "Others",
    "time": "Estimated 3 weeks",
    "provider": "UIcelandX",
    "source": "edx",
    "Audit": "Free",
    "certificate": "Optional upgrade available",
    "courseLink": "https://www.edx.org/course/sheep-in-the-land-of-fire-and-ice",
    "enrolled": "After a course session ends, it will be",
    "rating": 4.6,
    "image": "https://prod-discovery.edx-cdn.org/media/course/image/6afe576f-9560-4194-bf0a-7216b25b2b76-ec706985658d.small.jpg"
  },
  {
    "name": "Drainage in Agriculture: controlling water and salt levels in the soil",
    "level": "Advanced",
    "desciption": "Get prepared for heavier rainfall and the increasing demand for food! The #1 Agricultural University of the world will teach you how to design and implement effective drainage systems in agriculture. You will learn how to create a perfect soil profile for optimal growing conditions for a crop and help feed the growing world population. Enroll now and prepare for the effects of climate change by draining excess water.",
    "catagory": "Environmental Studies",
    "subCatagory": "Others",
    "time": "Estimated 5 weeks",
    "provider": "WageningenX",
    "source": "edx",
    "Audit": "Free",
    "certificate": "Optional upgrade available",
    "courseLink": "https://www.edx.org/course/drainage-in-agriculture-controlling-water-and-sa-2",
    "enrolled": "6,137 already enrolled! After a course session ends, it will be",
    "rating": 4.6,
    "image": "https://prod-discovery.edx-cdn.org/media/course/image/20654e2f-23ef-4737-958c-9c16e75ecc24-e35e6e98a4db.small.jpg"
  },
  {
    "name": "Agricultural Water Management: Water,-Society and Technology Interactions",
    "level": "Intermediate",
    "desciption": "Would you like to meet the increasing food demands around the world by contributing to optimisation of water governance and technologies? At Wageningen University & Research, the No. 1 agricultural university of the world, we approach water management from both a technical and a social perspective. Because, properly deploying water technologies for successful water management requires social and institutional agreement. Join us and learn the fundamentals of agricultural water management.",
    "catagory": "Environmental Studies",
    "subCatagory": "Others",
    "time": "Estimated 10 weeks",
    "provider": "WageningenX",
    "source": "edx",
    "Audit": "Free",
    "certificate": "Optional upgrade available",
    "courseLink": "https://www.edx.org/course/agricultural-water-management",
    "enrolled": "After a course session ends, it will be",
    "rating": 4.7,
    "image": "https://prod-discovery.edx-cdn.org/media/course/image/23f2ddf1-db22-4a9b-8820-d897810c110a-6eeb196a0ba9.small.jpeg"
  },
  {
    "name": "Environmental Gamechanger – Lead the Way to Sustainable Development",
    "level": "Introductory",
    "desciption": "Do you wish you could have an actual, tangible impact on global challenges, like climate change and pollution? Do you know of concrete issues in your community that need to change for the better, but no-one is taking on the challenge? Then let this online course empower you to ‘be the change you want to see in the world’. Join gamechangers from all over and start creating that sustainable environment now, right where you are.",
    "catagory": "Environmental Studies",
    "subCatagory": "Others",
    "time": "Estimated 7 weeks",
    "provider": "WageningenX",
    "source": "edx",
    "Audit": "Free",
    "certificate": "Optional upgrade available",
    "courseLink": "https://www.edx.org/course/lead-the-way-to-sustainable-development",
    "enrolled": "After a course session ends, it will be",
    "rating": 4.1,
    "image": "https://prod-discovery.edx-cdn.org/media/course/image/386d0a20-b351-4b5e-bdd3-76d238a477b6-5efac04d2e6d.small.jpeg"
  },
  {
    "name": "Sustainable Soil Management: Soil for life",
    "level": "Introductory",
    "desciption": "Learn why soil is so important, how it's being threatened and what we can do to protect this natural resource so vital to our lives.",
    "catagory": "Environmental Studies",
    "subCatagory": "Others",
    "time": "Estimated 7 weeks",
    "provider": "WageningenX",
    "source": "edx",
    "Audit": "Free",
    "certificate": "Optional upgrade available",
    "courseLink": "https://www.edx.org/course/sustainable-soil-management-soil-for-life",
    "enrolled": "25,285 already enrolled! After a course session ends, it will be",
    "rating": 4.4,
    "image": "https://prod-discovery.edx-cdn.org/media/course/image/5eb67fe0-277c-415d-b23d-2b5a1ae30203-8e820ff0d532.small.jpg"
  },
  {
    "name": "Smart Cities for Sustainable Development",
    "level": "Introductory",
    "desciption": "This course is based on the World Bank’s “",
    "catagory": "Environmental Studies",
    "subCatagory": "Others",
    "time": "Estimated 4 weeks",
    "provider": "WBGx",
    "source": "edx",
    "Audit": "Free",
    "certificate": "Optional upgrade available",
    "courseLink": "https://www.edx.org/course/smart-cities-for-sustainable-development-virtual-knowledge-exchange",
    "enrolled": "After a course session ends, it will be",
    "rating": 4.2,
    "image": "https://prod-discovery.edx-cdn.org/media/course/image/0f518c19-cc94-44f3-a863-f023768a6b3e-439b71fd6867.small.jpeg"
  },
  {
    "name": "e-Learning Course on Urban Rail Development",
    "level": "Introductory",
    "desciption": "Appropriately planned and properly implemented as part of a larger public transportation network, urban rail systems can provide rapid urban mobility and vital access to city centers from surrounding districts. Improving transportation enhances quality of life by giving citizens access to employment opportunities, essential services, urban amenities, and neighboring communities.",
    "catagory": "Environmental Studies",
    "subCatagory": "Others",
    "time": "Estimated 7 weeks",
    "provider": "WBGx",
    "source": "edx",
    "Audit": "Free",
    "certificate": "Optional upgrade available",
    "courseLink": "https://www.edx.org/course/e-learning-course-on-urban-rail-development",
    "enrolled": "After a course session ends, it will be",
    "rating": 4.2,
    "image": "https://prod-discovery.edx-cdn.org/media/course/image/1bc72a3d-1ac5-4069-9d5c-d66f0c5da850-efde10cc15b3.small.jpeg"
  },
  {
    "name": "Passive Urban Cooling Solutions",
    "level": "Introductory",
    "desciption": "This course is based on the World Bank’s Passive Urban Cooling Solutions. This course will make information about the nature of rising urban heat, its challenges, and mitigation/adaptation options widely accessible. It will introduce viewers to the Primer. This in turn will encourage a greater focus on urban heat at the city level and promote comprehensive and integrated responses to its challenges.",
    "catagory": "Environmental Studies",
    "subCatagory": "Others",
    "time": "Estimated 4 weeks",
    "provider": "WBGx",
    "source": "edx",
    "Audit": "Free",
    "certificate": "Optional upgrade available",
    "courseLink": "https://www.edx.org/course/passive-urban-cooling-solutions",
    "enrolled": "After a course session ends, it will be",
    "rating": 4.9,
    "image": "https://prod-discovery.edx-cdn.org/media/course/image/6d143a34-a462-4c2c-a6f1-ee6621bded87-36a693afd5a6.small.jpeg"
  },
  {
    "name": "e-Learning on Digital Agriculture",
    "level": "Introductory",
    "desciption": "Agriculture is no exception to digital revolution, going beyond a simple adoption of Information and Communication Technologies (ICTs). According to ICRISAT, digital agriculture is defined as “ICT and data ecosystems to support the development and delivery of timely, targeted information and services to make farming profitable and sustainable while delivering safe nutritious and affordable food for all.”",
    "catagory": "Environmental Studies",
    "subCatagory": "Others",
    "time": "Estimated 5 weeks",
    "provider": "WBGx",
    "source": "edx",
    "Audit": "Free",
    "certificate": "Optional upgrade available",
    "courseLink": "https://www.edx.org/course/e-learning-on-digital-agriculture",
    "enrolled": "9,893 already enrolled! After a course session ends, it will be",
    "rating": 4.5,
    "image": "https://prod-discovery.edx-cdn.org/media/course/image/6e203b84-6858-4a91-8df9-0e28e6fd1d9a-ffc40c851fd0.small.jpeg"
  },
  {
    "name": "e-Learning Course on Smart City",
    "level": "Introductory",
    "desciption": "This course is based on the World Bank’s “Smart City”. This course will make an overall introduction to global smart city development in order to inform the leaders in smart cities and communities. The course will enable the course takers to make a step forward in developing an open, collaborative, citizen-centric, and digitally-enabled operating model for their city that realizes their vision of smart city toward sustainable, resilient, and prosperous future.",
    "catagory": "Environmental Studies",
    "subCatagory": "Others",
    "time": "Estimated 6 weeks",
    "provider": "WBGx",
    "source": "edx",
    "Audit": "Free",
    "certificate": "Optional upgrade available",
    "courseLink": "https://www.edx.org/course/smart-city",
    "enrolled": "After a course session ends, it will be",
    "rating": 4,
    "image": "https://prod-discovery.edx-cdn.org/media/course/image/8c37ba18-afb4-4d48-b173-229decfc42f5-bde49bc51e23.small.jpeg"
  },
  {
    "name": "GREENTECH: Mainstreaming Technologies in Green, Blue and Clean Operations",
    "level": "Introductory",
    "desciption": "This course is based on the World Bank’s GREENTECH: Mainstreaming Technologies in Green, Blue and Clean Operations. This learning framework will build on work being done to e-package Korean innovation in a new way to showcase sustainable development (with text, videos, links, interactive graphics like maps and charts, an interactive knowledge explorer, and “field visit” videos) that can be used by users to learn at their own pace.",
    "catagory": "Environmental Studies",
    "subCatagory": "Others",
    "time": "Estimated 4 weeks",
    "provider": "WBGx",
    "source": "edx",
    "Audit": "Free",
    "certificate": "Optional upgrade available",
    "courseLink": "https://www.edx.org/course/e-learning-course-on-greentech-mainstreaming-technologies-in-green-blue-and-clean-operations",
    "enrolled": "After a course session ends, it will be",
    "rating": 4.6,
    "image": "https://prod-discovery.edx-cdn.org/media/course/image/b89c123e-84da-49d1-b13f-639fff353d0a-52efa17527b3.small.jpeg"
  },
  {
    "name": "Solid Waste Management",
    "level": "Introductory",
    "desciption": "Solid waste is one of the most pressing issues of our time. World over, people are generating greater amounts of garbage without much thought. The phrase “out of sight, out of mind” holds true for many of us when it comes to waste issues. Once garbage leaves our homes and offices and factories, do we really consider what happens to it, who’s collecting it, or what impact it’s having on our environment and our health?",
    "catagory": "Environmental Studies",
    "subCatagory": "Others",
    "time": "Estimated 6 weeks",
    "provider": "WBGx",
    "source": "edx",
    "Audit": "Free",
    "certificate": "Optional upgrade available",
    "courseLink": "https://www.edx.org/course/solid-waste-management",
    "enrolled": "11,994 already enrolled! After a course session ends, it will be",
    "rating": 4.1,
    "image": "https://prod-discovery.edx-cdn.org/media/course/image/ed3aa6cc-9a82-4a39-965d-ef730ad95eb7-e9b5d1ed4563.small.jpeg"
  },
  {
    "name": "The Hidden Side of Energy Access: Clean Cooking",
    "level": "Introductory",
    "desciption": "This course is based on the World Bank’s “The Hidden Side of Energy Access: Clean Cooking”. This course explores the hidden side of energy access by uncovering the reality that over 4 billion people around the world currently lack access to modern energy cooking services (MECS) for their daily cooking needs. Throughout the developing world, households still cook with firewood and charcoal on rudimentary stoves in poorly ventilated rooms, resulting in significant negative impacts for health, gender, the environment, and our climate.",
    "catagory": "Environmental Studies",
    "subCatagory": "Others",
    "time": "Estimated 4 weeks",
    "provider": "WBGx",
    "source": "edx",
    "Audit": "Free",
    "certificate": "Optional upgrade available",
    "courseLink": "https://www.edx.org/course/the-hidden-side-of-energy-access-clean-cooking",
    "enrolled": "After a course session ends, it will be",
    "rating": 4.1,
    "image": "https://prod-discovery.edx-cdn.org/media/course/image/f5542f33-2d72-43eb-8a29-28fe34509e9c-fda006fd6a01.small.jpeg"
  },
  {
    "name": "Sustainability & Major Sport Events: Principles",
    "level": "Introductory",
    "desciption": "Learn the five pillars of sustainability and how to apply these when planning and hosting a major sport event.",
    "catagory": "Environmental Studies",
    "subCatagory": "Sustainability & Major Sport Events",
    "time": "Estimated 8 weeks",
    "provider": "HBKUx",
    "source": "edx",
    "Audit": "Free",
    "certificate": "Optional upgrade available",
    "courseLink": "https://www.edx.org/course/sustainability-major-sport-events-principles-2",
    "enrolled": "After a course session ends, it will be",
    "rating": 4.7,
    "image": "https://prod-discovery.edx-cdn.org/media/course/image/b16e7bfa-2b5d-4a72-a734-95343a0c97bf-5a5861383984.small.jpg"
  },
  {
    "name": "Sustainability & Major Sport Events: Implementation",
    "level": "Introductory",
    "desciption": "Learn the best practices and tools you need to plan and implement a sustainable major sport event.",
    "catagory": "Environmental Studies",
    "subCatagory": "Sustainability & Major Sport Events",
    "time": "Estimated 8 weeks",
    "provider": "HBKUx",
    "source": "edx",
    "Audit": "Free",
    "certificate": "Optional upgrade available",
    "courseLink": "https://www.edx.org/course/sustainability-major-sport-events-implementation",
    "enrolled": "After a course session ends, it will be",
    "rating": 4.6,
    "image": "https://prod-discovery.edx-cdn.org/media/course/image/e8195dbb-7e1f-40a1-828a-aca91f79df8c-095b952e2bff.small.png"
  },
  {
    "name": "Tourism and Climate Change",
    "level": "Introductory",
    "desciption": "Global tourism’s CO2 emissions and overall environmental impact are substantial. Yet, is spite of the tourism sector’s vulnerability to the impacts of climate change, it continues to grow exponentially, driven by an ever rising tourism demand. Join Wageningen University & Research as our successful Tourism team explores the mutual impacts of tourism stakeholders and the climate. Take on our challenge of reimagining the tourism industry toward low-carbon, sustainable development! Subscribe now.",
    "catagory": "Environmental Studies",
    "subCatagory": "Tourism in Transition: Exploring a Sustainable Future",
    "time": "Estimated 5 weeks",
    "provider": "WageningenX",
    "source": "edx",
    "Audit": "Free",
    "certificate": "Optional upgrade available",
    "courseLink": "https://www.edx.org/course/tourism-and-climate-change",
    "enrolled": "After a course session ends, it will be",
    "rating": 4.1,
    "image": "https://prod-discovery.edx-cdn.org/media/course/image/9fcbd2de-7330-41b4-a928-0d60900ba026-dad4801962b8.small.jpeg"
  }
]