[
  {
    "name": "Big Data Analytical Platform on Alibaba Cloud",
    "level": "Not Defined",
    "desciption": "Course Description",
    "catagory": "Information Technology",
    "subCatagory": "Cloud Computing",
    "time": "Course 2 of 3 in the",
    "provider": "Alibaba Cloud Academy",
    "source": "Coursera",
    "Audit": "Free",
    "certificate": "Flexible deadlines",
    "courseLink": "https://www.coursera.org/learn/alibabacloudbigdata",
    "enrolled": "1 hour to complete",
    "rating": 4.4,
    "image": "https://d3njjcbhbojbot.cloudfront.net/api/utilities/v1/imageproxy/http://coursera-university-assets.s3.amazonaws.com/d3/469db239ca4981bf66b95af9b5591c/Fang-Xinglogo.png"
  },
  {
    "name": "Building Modern Node.js Applications on AWS",
    "level": "Not Defined",
    "desciption": "In modern cloud native application development, it’s oftentimes the goal to build out serverless architectures that are scalable, are highly available, and are fully managed. This means less operational overhead for you and your business, and more focusing on the applications and business specific projects that differentiate you in your marketplace. In this course, we will be covering how to build a modern, greenfield serverless backend on AWS.",
    "catagory": "Information Technology",
    "subCatagory": "Cloud Computing",
    "time": "Course 2 of 3 in the",
    "provider": "Amazon Web Services",
    "source": "Coursera",
    "Audit": "Free",
    "certificate": "Flexible deadlines",
    "courseLink": "https://www.coursera.org/learn/building-modern-node-applications-on-aws",
    "enrolled": "7,382",
    "rating": 4.5,
    "image": "https://d3njjcbhbojbot.cloudfront.net/api/utilities/v1/imageproxy/http://coursera-university-assets.s3.amazonaws.com/a4/7cd68a658840ddbb95c38cdd0bbc8e/aws-logo-icon-PNG-Transparent-Background.png"
  },
  {
    "name": "Building Modern Java Applications on AWS",
    "level": "Not Defined",
    "desciption": "In modern cloud native application development, it’s oftentimes the goal to build out serverless architectures that are scalable, are highly available, and are fully managed. This means less operational overhead for you and your business, and more focusing on the applications and business specific projects that differentiate you in your marketplace. In this course, we will be covering how to build a modern, greenfield serverless backend on AWS.",
    "catagory": "Information Technology",
    "subCatagory": "Cloud Computing",
    "time": "Course 2 of 4 in the",
    "provider": "Amazon Web Services",
    "source": "Coursera",
    "Audit": "Free",
    "certificate": "Flexible deadlines",
    "courseLink": "https://www.coursera.org/learn/building-modern-java-applications-on-aws",
    "enrolled": "7,636",
    "rating": 4.6,
    "image": "https://d3njjcbhbojbot.cloudfront.net/api/utilities/v1/imageproxy/http://coursera-university-assets.s3.amazonaws.com/a4/7cd68a658840ddbb95c38cdd0bbc8e/aws-logo-icon-PNG-Transparent-Background.png"
  },
  {
    "name": "AWS IoT: Developing and Deploying an Internet of Things",
    "level": "Intermediate Level",
    "desciption": "There are billions of devices in homes, factories, oil wells, hospitals, cars, and thousands of other places. With the proliferation of devices, you increasingly need solutions to connect them, and collect, store, and analyze device data. AWS IoT provides broad and deep functionality, spanning the edge to the cloud, so you can build IoT solutions for virtually any use case across a wide range of devices.",
    "catagory": "Information Technology",
    "subCatagory": "Cloud Computing",
    "time": "Approx. 7 hours to complete",
    "provider": "Amazon Web Services",
    "source": "Coursera",
    "Audit": "Free",
    "certificate": "Flexible deadlines",
    "courseLink": "https://www.coursera.org/learn/aws-iot-developing-and-deploying-an-internet-of-things",
    "enrolled": "7,838",
    "rating": 4.6,
    "image": "https://d3njjcbhbojbot.cloudfront.net/api/utilities/v1/imageproxy/http://coursera-university-assets.s3.amazonaws.com/a4/7cd68a658840ddbb95c38cdd0bbc8e/aws-logo-icon-PNG-Transparent-Background.png"
  },
  {
    "name": "Building Containerized Applications on AWS",
    "level": "Not Defined",
    "desciption": "This course introduces you to container technologies and how they can be used to modernize your applications, as well as exploring how different AWS services can be used to manage and orchestrate those containers.",
    "catagory": "Information Technology",
    "subCatagory": "Cloud Computing",
    "time": "Approx. 12 hours to complete",
    "provider": "Amazon Web Services",
    "source": "Coursera",
    "Audit": "Free",
    "certificate": "Flexible deadlines",
    "courseLink": "https://www.coursera.org/learn/containerized-apps-on-aws",
    "enrolled": "18,154",
    "rating": 4.5,
    "image": "https://d3njjcbhbojbot.cloudfront.net/api/utilities/v1/imageproxy/http://coursera-university-assets.s3.amazonaws.com/a4/7cd68a658840ddbb95c38cdd0bbc8e/aws-logo-icon-PNG-Transparent-Background.png"
  },
  {
    "name": "AWS Fundamentals: Addressing Security Risk",
    "level": "Beginner Level",
    "desciption": "Welcome to AWS Fundamentals: Addressing Security Risk!",
    "catagory": "Information Technology",
    "subCatagory": "Cloud Computing",
    "time": "Approx. 7 hours to complete",
    "provider": "Amazon Web Services",
    "source": "Coursera",
    "Audit": "Free",
    "certificate": "Flexible deadlines",
    "courseLink": "https://www.coursera.org/learn/aws-fundamentals-addressing-security-risk",
    "enrolled": "52,804",
    "rating": 4.4,
    "image": "https://d3njjcbhbojbot.cloudfront.net/api/utilities/v1/imageproxy/http://coursera-university-assets.s3.amazonaws.com/a4/7cd68a658840ddbb95c38cdd0bbc8e/aws-logo-icon-PNG-Transparent-Background.png"
  },
  {
    "name": "Building Modern Python Applications on AWS",
    "level": "Not Defined",
    "desciption": "In modern cloud native application development, it’s oftentimes the goal to build out serverless architectures that are scalable, are highly available, and are fully managed. This means less operational overhead for you and your business, and more focusing on the applications and business specific projects that differentiate you in your marketplace. In this course, we will be covering how to build a modern, greenfield serverless backend on AWS.",
    "catagory": "Information Technology",
    "subCatagory": "Cloud Computing",
    "time": "Course 2 of 4 in the",
    "provider": "Amazon Web Services",
    "source": "Coursera",
    "Audit": "Free",
    "certificate": "Flexible deadlines",
    "courseLink": "https://www.coursera.org/learn/building-modern-python-applications-on-aws",
    "enrolled": "69,846",
    "rating": 4.5,
    "image": "https://d3njjcbhbojbot.cloudfront.net/api/utilities/v1/imageproxy/http://coursera-university-assets.s3.amazonaws.com/a4/7cd68a658840ddbb95c38cdd0bbc8e/aws-logo-icon-PNG-Transparent-Background.png"
  },
  {
    "name": "AWS Fundamentals: Building Serverless Applications",
    "level": "Beginner Level",
    "desciption": "This course will introduce you to Amazon Web Services (AWS) serverless architecture. Through demonstrations and hands-on exercises you'll learn skills in building and deploying serverless solutions.",
    "catagory": "Information Technology",
    "subCatagory": "Cloud Computing",
    "time": "Approx. 12 hours to complete",
    "provider": "Amazon Web Services",
    "source": "Coursera",
    "Audit": "Free",
    "certificate": "Flexible deadlines",
    "courseLink": "https://www.coursera.org/learn/aws-fundamentals-building-serverless-applications",
    "enrolled": "77,964",
    "rating": 4.7,
    "image": "https://d3njjcbhbojbot.cloudfront.net/api/utilities/v1/imageproxy/http://coursera-university-assets.s3.amazonaws.com/a4/7cd68a658840ddbb95c38cdd0bbc8e/aws-logo-icon-PNG-Transparent-Background.png"
  },
  {
    "name": "Exam Prep: AWS Certified SysOps Administrator – Associate",
    "level": "Intermediate Level",
    "desciption": "The AWS Certified SysOps Administrator – Associate certification validates technical expertise in deployment, management, security, and operations on the AWS Cloud. This intermediate-level official exam prep course from Amazon Web Services (AWS) is designed to help you quantify your preparedness to successfully pass this certification. The course follows the certification exam guide (https://d1.awsstatic.com/training-and-certification/docs-sysops-associate/AWS-Certified-SysOps-Administrator-Associate_Exam-Guide.pdf) to analyze the exam’s various topic domains, review use cases and learn how they map to both SysOps on AWS and to specific areas of study.",
    "catagory": "Information Technology",
    "subCatagory": "Cloud Computing",
    "time": "Approx. 8 hours to complete",
    "provider": "Amazon Web Services",
    "source": "Coursera",
    "Audit": "Free",
    "certificate": "Flexible deadlines",
    "courseLink": "https://www.coursera.org/learn/exam-prep-aws-sysops-administrator",
    "enrolled": "2 hours to complete",
    "rating": "",
    "image": "https://d3njjcbhbojbot.cloudfront.net/api/utilities/v1/imageproxy/http://coursera-university-assets.s3.amazonaws.com/a4/7cd68a658840ddbb95c38cdd0bbc8e/aws-logo-icon-PNG-Transparent-Background.png"
  },
  {
    "name": "How to Buy Cloud - Strategies for Cloud Procurement",
    "level": "Not Defined",
    "desciption": "Cloud computing represents a fundamental shift in the way that organizations operate business systems and digital services. The nature of running software workloads in the Cloud, with on-demand resources, pay-as-you-go pricing and security and compliance requirements make Cloud Acquisition processes very different from traditional IT procurement models.",
    "catagory": "Information Technology",
    "subCatagory": "Cloud Computing",
    "time": "Approx. 7 hours to complete",
    "provider": "Amazon Web Services",
    "source": "Coursera",
    "Audit": "Free",
    "certificate": "Flexible deadlines",
    "courseLink": "https://www.coursera.org/learn/aws-how-to-buy-cloud",
    "enrolled": "2 hours to complete",
    "rating": "",
    "image": "https://d3njjcbhbojbot.cloudfront.net/api/utilities/v1/imageproxy/http://coursera-university-assets.s3.amazonaws.com/a4/7cd68a658840ddbb95c38cdd0bbc8e/aws-logo-icon-PNG-Transparent-Background.png"
  },
  {
    "name": "Improve Your Java Code Using Amazon CodeGuru",
    "level": "Intermediate Level",
    "desciption": "Learn how to use Amazon CodeGuru Reviewer to automatically identify issues and vulnerabilities to improve your code quality with Improve your Python Code using Amazon CodeGuru. This course is designed for Python developers who are interested in learning how to use CodeGuru Reviewer to save time and improve their code review process.",
    "catagory": "Information Technology",
    "subCatagory": "Cloud Computing",
    "time": "Course 4 of 4 in the",
    "provider": "Amazon Web Services",
    "source": "Coursera",
    "Audit": "Free",
    "certificate": "Flexible deadlines",
    "courseLink": "https://www.coursera.org/learn/aws-improve-java-code-amazon-codeguru",
    "enrolled": "2 hours to complete",
    "rating": "",
    "image": "https://d3njjcbhbojbot.cloudfront.net/api/utilities/v1/imageproxy/http://coursera-university-assets.s3.amazonaws.com/a4/7cd68a658840ddbb95c38cdd0bbc8e/aws-logo-icon-PNG-Transparent-Background.png"
  },
  {
    "name": "Getting Started with Automation 360",
    "level": "Intermediate Level",
    "desciption": "Automation 360(tm) is the leading cloud-native end-to-end intelligent automation platform used by the world's top enterprises to automate business processes across systems and applications.",
    "catagory": "Information Technology",
    "subCatagory": "Cloud Computing",
    "time": "Approx. 5 hours to complete",
    "provider": "Automation Anywhere",
    "source": "Coursera",
    "Audit": "Free",
    "certificate": "Flexible deadlines",
    "courseLink": "https://www.coursera.org/learn/automation-360",
    "enrolled": "19 minutes to complete",
    "rating": "",
    "image": "https://d3njjcbhbojbot.cloudfront.net/api/utilities/v1/imageproxy/http://coursera-university-assets.s3.amazonaws.com/6d/79cf9028264a33ab05dbaca929cfac/aai-tagline-tm-_coursera.png"
  },
  {
    "name": "Cloud Machine Learning Engineering and MLOps",
    "level": "Not Defined",
    "desciption": "Welcome to the fourth course in the Building Cloud Computing Solutions at Scale Specialization! In this course, you will build upon the Cloud computing and data engineering concepts introduced in the first three courses to apply Machine Learning Engineering to real-world projects. First, you will develop Machine Learning Engineering applications and use software development best practices to create Machine Learning Engineering applications. Then, you will learn to use AutoML to solve problems more efficiently than traditional machine learning approaches alone. Finally, you will dive into emerging topics in Machine Learning including MLOps, Edge Machine Learning and AI APIs.",
    "catagory": "Information Technology",
    "subCatagory": "Cloud Computing",
    "time": "Course 4 of 4 in the",
    "provider": "Duke University",
    "source": "Coursera",
    "Audit": "Free",
    "certificate": "Flexible deadlines",
    "courseLink": "https://www.coursera.org/learn/cloud-machine-learning-engineering-mlops-duke",
    "enrolled": "4 hours to complete",
    "rating": 4.8,
    "image": "https://d3njjcbhbojbot.cloudfront.net/api/utilities/v1/imageproxy/https://coursera-university-assets.s3.amazonaws.com/6d/3cb3e06c357d40ef60000fb3d12d72/dukesquare_blue.png"
  },
  {
    "name": "Cloud Data Engineering",
    "level": "Not Defined",
    "desciption": "Welcome to the third course in the Building Cloud Computing Solutions at Scale Specialization! In this course, you will learn how to apply Data Engineering to real-world projects using the Cloud computing concepts introduced in the first two courses of this series. By the end of this course, you will be able to develop Data Engineering applications and use software development best practices to create data engineering applications. These will include continuous deployment, code quality tools, logging, instrumentation and monitoring. Finally, you will use Cloud-native technologies to tackle complex data engineering solutions.",
    "catagory": "Information Technology",
    "subCatagory": "Cloud Computing",
    "time": "Course 3 of 4 in the",
    "provider": "Duke University",
    "source": "Coursera",
    "Audit": "Free",
    "certificate": "Flexible deadlines",
    "courseLink": "https://www.coursera.org/learn/cloud-data-engineering-duke",
    "enrolled": "4 hours to complete",
    "rating": 4.7,
    "image": "https://d3njjcbhbojbot.cloudfront.net/api/utilities/v1/imageproxy/https://coursera-university-assets.s3.amazonaws.com/6d/3cb3e06c357d40ef60000fb3d12d72/dukesquare_blue.png"
  },
  {
    "name": "Software Defined Networking",
    "level": "Not Defined",
    "desciption": "This course provides an introduction to data center networking technologies, more specifically software-defined networking. It covers the history behind SDN, description of networks in data-centers, a concrete data-center network architecture (Microsoft VL2), and traffic engineering.",
    "catagory": "Information Technology",
    "subCatagory": "Cloud Computing",
    "time": "Course 1 of 4 in the",
    "provider": "Georgia Institute of Technology",
    "source": "Coursera",
    "Audit": "Free",
    "certificate": "Flexible deadlines",
    "courseLink": "https://www.coursera.org/learn/sdnetworking",
    "enrolled": "3,325",
    "rating": 4.6,
    "image": "https://d3njjcbhbojbot.cloudfront.net/api/utilities/v1/imageproxy/https://coursera-university-assets.s3.amazonaws.com/a5/b9f3b0ed1911e4b974a91400b6b11f/Yellow-GT-logo-360x360.png"
  },
  {
    "name": "Cloud Applications",
    "level": "Not Defined",
    "desciption": "This course provides an introduction to the development and support for Cloud-native applications, more specifically it delves into best practices of developing applications; migrating on premise applications to the cloud; the basic building blocks and properties expected from Cloud applications. The course also provide highlights of some novel cloud applications, including geo-distributed computations.",
    "catagory": "Information Technology",
    "subCatagory": "Cloud Computing",
    "time": "Course 3 of 4 in the",
    "provider": "Georgia Institute of Technology",
    "source": "Coursera",
    "Audit": "Free",
    "certificate": "Flexible deadlines",
    "courseLink": "https://www.coursera.org/learn/cloud-app",
    "enrolled": "1 hour to complete",
    "rating": 4.2,
    "image": "https://d3njjcbhbojbot.cloudfront.net/api/utilities/v1/imageproxy/https://coursera-university-assets.s3.amazonaws.com/a5/b9f3b0ed1911e4b974a91400b6b11f/Yellow-GT-logo-360x360.png"
  },
  {
    "name": "Configuration Management and the Cloud",
    "level": "Beginner Level",
    "desciption": "In this course, you’ll learn how to apply automation to manage fleets of computers. You’ll understand how to automate the process for deploying new computers, keeping those machines updated, managing large-scale changes, and a lot more. We'll discuss managing both physical machines running in our offices and virtual machines running in the Cloud.",
    "catagory": "Information Technology",
    "subCatagory": "Cloud Computing",
    "time": "Course 5 of 6 in the",
    "provider": "Google",
    "source": "Coursera",
    "Audit": "Free",
    "certificate": "Flexible deadlines",
    "courseLink": "https://www.coursera.org/learn/configuration-management-cloud",
    "enrolled": "51,135",
    "rating": 4.8,
    "image": "https://d3njjcbhbojbot.cloudfront.net/api/utilities/v1/imageproxy/http://coursera-university-assets.s3.amazonaws.com/4a/cb36835ae3421187080898a7ecc11d/Google-G_360x360.png"
  },
  {
    "name": "Enterprise Database Migration",
    "level": "Intermediate Level",
    "desciption": "This course is intended to give architects, engineers, and developers the skills required to help enterprise customers architect, plan, execute, and test database migration projects. Through a combination of presentations, demos, and hands-on labs participants move databases to Google Cloud while taking advantage of various services.",
    "catagory": "Information Technology",
    "subCatagory": "Cloud Computing",
    "time": "Approx. 19 hours to complete",
    "provider": "Google Cloud",
    "source": "Coursera",
    "Audit": "Free",
    "certificate": "Flexible deadlines",
    "courseLink": "https://www.coursera.org/learn/enterprise-database-migration",
    "enrolled": "1,664",
    "rating": "",
    "image": "https://d3njjcbhbojbot.cloudfront.net/api/utilities/v1/imageproxy/http://coursera-university-assets.s3.amazonaws.com/4e/c2f4c0f4bb11e69a33576c875f4294/cloud-twitter-avatar.png"
  },
  {
    "name": "Understanding Google Cloud Security and Operations",
    "level": "Beginner Level",
    "desciption": "This course examines cost management, security, and operations in the cloud. First, it explores how businesses can choose to maintain some or none of their own infrastructure by purchasing IT services from a cloud provider. Next, it explains how the responsibility of data security is shared between the cloud provider and the business, and explores the defense-in-depth security built into Google Cloud. Finally, it covers how IT teams and business leaders need to rethink IT resource management in the cloud and how Google Cloud resource monitoring tools can help them to maintain control and visibility over their cloud environment.",
    "catagory": "Information Technology",
    "subCatagory": "Cloud Computing",
    "time": "Course 4 of 4 in the",
    "provider": "Google Cloud",
    "source": "Coursera",
    "Audit": "Free",
    "certificate": "Flexible deadlines",
    "courseLink": "https://www.coursera.org/learn/understanding-google-cloud-security-and-operations",
    "enrolled": "3,231",
    "rating": 4.8,
    "image": "https://d3njjcbhbojbot.cloudfront.net/api/utilities/v1/imageproxy/http://coursera-university-assets.s3.amazonaws.com/4e/c2f4c0f4bb11e69a33576c875f4294/cloud-twitter-avatar.png"
  },
  {
    "name": "Gmail",
    "level": "Beginner Level",
    "desciption": "Gmail is Google’s cloud based email service that allows you to access your messages from any computer or device with just a web browser.",
    "catagory": "Information Technology",
    "subCatagory": "Cloud Computing",
    "time": "Course 1 of 8 in the",
    "provider": "Google Cloud",
    "source": "Coursera",
    "Audit": "Free",
    "certificate": "Flexible deadlines",
    "courseLink": "https://www.coursera.org/learn/gmail",
    "enrolled": "7,121",
    "rating": 4.8,
    "image": "https://d3njjcbhbojbot.cloudfront.net/api/utilities/v1/imageproxy/http://coursera-university-assets.s3.amazonaws.com/4e/c2f4c0f4bb11e69a33576c875f4294/cloud-twitter-avatar.png"
  },
  {
    "name": "Mitigating Security Vulnerabilities on Google Cloud",
    "level": "Intermediate Level",
    "desciption": "In this self-paced training course, participants learn mitigations for attacks at many points in a Google Cloud-based infrastructure, including Distributed Denial-of-Service attacks, phishing attacks, and threats involving content classification and use. They also learn about the Security Command Center, cloud logging and audit logging, and using Forseti to view overall compliance with your organization's security policies.",
    "catagory": "Information Technology",
    "subCatagory": "Cloud Computing",
    "time": "Approx. 8 hours to complete",
    "provider": "Google Cloud",
    "source": "Coursera",
    "Audit": "Free",
    "certificate": "Flexible deadlines",
    "courseLink": "https://www.coursera.org/learn/mitigating-security-vulnerabilites-gcp",
    "enrolled": "13,655",
    "rating": 4.7,
    "image": "https://d3njjcbhbojbot.cloudfront.net/api/utilities/v1/imageproxy/http://coursera-university-assets.s3.amazonaws.com/4e/c2f4c0f4bb11e69a33576c875f4294/cloud-twitter-avatar.png"
  },
  {
    "name": "Migrating to Google Cloud",
    "level": "Intermediate Level",
    "desciption": "This course introduces participants to the strategies to migrate from a source environment to Google Cloud. Participants are introduced to Google Cloud's fundamental concepts and more in depth topics, like creating virtual machines, configuring networks and managing access and identities. The course then covers the installation and migration process of Migrate for Compute Engine, including special features like test clones and wave migrations.",
    "catagory": "Information Technology",
    "subCatagory": "Cloud Computing",
    "time": "Approx. 19 hours to complete",
    "provider": "Google Cloud",
    "source": "Coursera",
    "Audit": "Free",
    "certificate": "Flexible deadlines",
    "courseLink": "https://www.coursera.org/learn/migrating-to-gcp",
    "enrolled": "34,089",
    "rating": 4.5,
    "image": "https://d3njjcbhbojbot.cloudfront.net/api/utilities/v1/imageproxy/http://coursera-university-assets.s3.amazonaws.com/4e/c2f4c0f4bb11e69a33576c875f4294/cloud-twitter-avatar.png"
  },
  {
    "name": "Reliable Google Cloud Infrastructure: Design and Process",
    "level": "Advanced Level",
    "desciption": "This course equips students to build highly reliable and efficient solutions on Google Cloud using proven design patterns. It is a continuation of the Architecting with Google Compute Engine or Architecting with Google Kubernetes Engine courses and assumes hands-on experience with the technologies covered in either of those courses. Through a combination of presentations, design activities, and hands-on labs, participants learn to define and balance business and technical requirements to design Google Cloud deployments that are highly reliable, highly available, secure, and cost-effective.",
    "catagory": "Information Technology",
    "subCatagory": "Cloud Computing",
    "time": "Approx. 8 hours to complete",
    "provider": "Google Cloud",
    "source": "Coursera",
    "Audit": "Free",
    "certificate": "Flexible deadlines",
    "courseLink": "https://www.coursera.org/learn/cloud-infrastructure-design-process",
    "enrolled": "91,674",
    "rating": 4.7,
    "image": "https://d3njjcbhbojbot.cloudfront.net/api/utilities/v1/imageproxy/http://coursera-university-assets.s3.amazonaws.com/4e/c2f4c0f4bb11e69a33576c875f4294/cloud-twitter-avatar.png"
  },
  {
    "name": "Getting Started with Google Kubernetes Engine",
    "level": "Intermediate Level",
    "desciption": "In this course, each module aims to build on your ability to interact with GKE, and includes hands-on labs for you to experience functionalities first-hand. In the first module, you'll be introduced to a range of Google Cloud services and features, with a view to helping you choose the right Google Cloud services to create your own cloud solution. You'll learn about creating a container using Cloud Build, and store a container in Container Registry. You'll also compare and contrast the features of Kubernetes and Google Kubernetes Engine, also referred to as GKE. In addition to conceptualizing the Kubernetes architecture, you'll deploy a Kubernetes cluster using GKE, deploy Pods to a GKE cluster, and view and manage Kubernetes objects.",
    "catagory": "Information Technology",
    "subCatagory": "Cloud Computing",
    "time": "Course 5 of 5 in the",
    "provider": "Google Cloud",
    "source": "Coursera",
    "Audit": "Free",
    "certificate": "Flexible deadlines",
    "courseLink": "https://www.coursera.org/learn/google-kubernetes-engine",
    "enrolled": "98,840",
    "rating": 4.5,
    "image": "https://d3njjcbhbojbot.cloudfront.net/api/utilities/v1/imageproxy/http://coursera-university-assets.s3.amazonaws.com/4e/c2f4c0f4bb11e69a33576c875f4294/cloud-twitter-avatar.png"
  },
  {
    "name": "Elastic Google Cloud Infrastructure: Scaling and Automation",
    "level": "Intermediate Level",
    "desciption": "This accelerated on-demand course introduces participants to the comprehensive and flexible infrastructure and platform services provided by Google Cloud. Through a combination of video lectures, demos, and hands-on labs, participants explore and deploy solution elements, including securely interconnecting networks, load balancing, autoscaling, infrastructure automation and managed services.",
    "catagory": "Information Technology",
    "subCatagory": "Cloud Computing",
    "time": "Approx. 7 hours to complete",
    "provider": "Google Cloud",
    "source": "Coursera",
    "Audit": "Free",
    "certificate": "Flexible deadlines",
    "courseLink": "https://www.coursera.org/learn/gcp-infrastructure-scaling-automation",
    "enrolled": "103,576",
    "rating": 4.7,
    "image": "https://d3njjcbhbojbot.cloudfront.net/api/utilities/v1/imageproxy/http://coursera-university-assets.s3.amazonaws.com/4e/c2f4c0f4bb11e69a33576c875f4294/cloud-twitter-avatar.png"
  },
  {
    "name": "Upgrading and Monitoring the Apigee Hybrid API Platform",
    "level": "Beginner Level",
    "desciption": "This course discusses the upgrade process for Apigee hybrid, and teaches you how to monitor and troubleshoot the hybrid runtime plane components.",
    "catagory": "Information Technology",
    "subCatagory": "Cloud Computing",
    "time": "Course 3 of 3 in the",
    "provider": "Google Cloud",
    "source": "Coursera",
    "Audit": "Free",
    "certificate": "Flexible deadlines",
    "courseLink": "https://www.coursera.org/learn/upgrading-monitoring-and-troubleshooting-apigee-hybrid-api-platform",
    "enrolled": "14 minutes to complete",
    "rating": "",
    "image": "https://d3njjcbhbojbot.cloudfront.net/api/utilities/v1/imageproxy/http://coursera-university-assets.s3.amazonaws.com/4e/c2f4c0f4bb11e69a33576c875f4294/cloud-twitter-avatar.png"
  },
  {
    "name": "Architecting and Installing the Apigee Hybrid API Platform",
    "level": "Beginner Level",
    "desciption": "This course introduces you to the fundamentals and practices used to install and manage Google Cloud's Apigee API Platform for hybrid cloud. Through a combination of lectures, hands-on labs, and supplemental materials,",
    "catagory": "Information Technology",
    "subCatagory": "Cloud Computing",
    "time": "Course 1 of 3 in the",
    "provider": "Google Cloud",
    "source": "Coursera",
    "Audit": "Free",
    "certificate": "Flexible deadlines",
    "courseLink": "https://www.coursera.org/learn/fundamentals-installation-of-apigee-hybrid-api-platform",
    "enrolled": "19 minutes to complete",
    "rating": 4.5,
    "image": "https://d3njjcbhbojbot.cloudfront.net/api/utilities/v1/imageproxy/http://coursera-university-assets.s3.amazonaws.com/4e/c2f4c0f4bb11e69a33576c875f4294/cloud-twitter-avatar.png"
  },
  {
    "name": "Managing and Securing the Apigee Hybrid API Platform",
    "level": "Beginner Level",
    "desciption": "This course discusses how environments are managed in Apigee hybrid, and how runtime plane components are secured.",
    "catagory": "Information Technology",
    "subCatagory": "Cloud Computing",
    "time": "Course 2 of 3 in the",
    "provider": "Google Cloud",
    "source": "Coursera",
    "Audit": "Free",
    "certificate": "Flexible deadlines",
    "courseLink": "https://www.coursera.org/learn/management-and-security-of-apigee-hybrid-api-platform",
    "enrolled": "19 minutes to complete",
    "rating": "",
    "image": "https://d3njjcbhbojbot.cloudfront.net/api/utilities/v1/imageproxy/http://coursera-university-assets.s3.amazonaws.com/4e/c2f4c0f4bb11e69a33576c875f4294/cloud-twitter-avatar.png"
  },
  {
    "name": "Introduction to Containers w/ Docker, Kubernetes & OpenShift",
    "level": "Beginner Level",
    "desciption": "After completing this course, you will be able to build applications in a cloud native way using containerization tools and technologies, and deploy your applications in any public, private or hybrid cloud at incredible scale. This course introduces you to containers and explains how containers differ from virtual machines. It also covers the importance of containers in cloud computing, as well as the emerging ecosystem of related technologies such as Docker, Kubernetes, Red Hat OpenShift, and Istio.",
    "catagory": "Information Technology",
    "subCatagory": "Cloud Computing",
    "time": "Course 5 of 10 in the",
    "provider": "IBM",
    "source": "Coursera",
    "Audit": "Free",
    "certificate": "Flexible deadlines",
    "courseLink": "https://www.coursera.org/learn/ibm-containers-docker-kubernetes-openshift",
    "enrolled": "18,503",
    "rating": 4.4,
    "image": "https://d3njjcbhbojbot.cloudfront.net/api/utilities/v1/imageproxy/http://coursera-university-assets.s3.amazonaws.com/bb/f5ced2bdd4437aa79f00eb1bf7fbf0/IBM-Logo-Blk---Square.png"
  },
  {
    "name": "Introduction to Cloud Computing",
    "level": "Beginner Level",
    "desciption": "This course introduces you to the core concepts of cloud computing. You gain the foundational knowledge required for understanding cloud computing from a business perspective as also for becoming a cloud practitioner. You understand the definition and essential characteristics of cloud computing, its history, the business case for cloud computing, and emerging technology usecases enabled by cloud. We introduce you to some of the prominent service providers of our times (e.g. AWS, Google, IBM, Microsoft, etc.) the services they offer, and look at some case studies of cloud computing across industry verticals.",
    "catagory": "Information Technology",
    "subCatagory": "Cloud Computing",
    "time": "Approx. 12 hours to complete",
    "provider": "IBM",
    "source": "Coursera",
    "Audit": "Free",
    "certificate": "Flexible deadlines",
    "courseLink": "https://www.coursera.org/learn/introduction-to-cloud",
    "enrolled": "52,654",
    "rating": 4.7,
    "image": "https://d3njjcbhbojbot.cloudfront.net/api/utilities/v1/imageproxy/http://coursera-university-assets.s3.amazonaws.com/bb/f5ced2bdd4437aa79f00eb1bf7fbf0/IBM-Logo-Blk---Square.png"
  },
  {
    "name": "Private Cloud Management on IBM Power Systems",
    "level": "Not Defined",
    "desciption": "IBM PowerVC, an Infrastructure as a Service (IaaS) enabling software, provides a self-service cloud console for managing IBM Power Systems. It is built on OpenStack. OpenStack is a collection of open-source software projects that enterprises can use to run their own private cloud infrastructure.",
    "catagory": "Information Technology",
    "subCatagory": "Cloud Computing",
    "time": "Course 3 of 3 in the",
    "provider": "IBM",
    "source": "Coursera",
    "Audit": "Free",
    "certificate": "Flexible deadlines",
    "courseLink": "https://www.coursera.org/learn/private-cloud-ibm-power-systems",
    "enrolled": "2 hours to complete",
    "rating": 5,
    "image": "https://d3njjcbhbojbot.cloudfront.net/api/utilities/v1/imageproxy/http://coursera-university-assets.s3.amazonaws.com/bb/f5ced2bdd4437aa79f00eb1bf7fbf0/IBM-Logo-Blk---Square.png"
  },
  {
    "name": "Building Cloud Native and Multicloud",
    "level": "Beginner Level",
    "desciption": "In this course, we will cover the core concepts and practices of building and running Cloud Native applications and how to run these applications in a multicloud environment. We will cover technologies and practices including; microservices, DevOps, CI/CD, Docker, Kubernetes, and OpenShift.",
    "catagory": "Information Technology",
    "subCatagory": "Cloud Computing",
    "time": "Approx. 12 hours to complete",
    "provider": "IBM",
    "source": "Coursera",
    "Audit": "Free",
    "certificate": "Flexible deadlines",
    "courseLink": "https://www.coursera.org/learn/ibm-building-cloud-native-and-multicloud",
    "enrolled": "2 hours to complete",
    "rating": "",
    "image": "https://d3njjcbhbojbot.cloudfront.net/api/utilities/v1/imageproxy/http://coursera-university-assets.s3.amazonaws.com/bb/f5ced2bdd4437aa79f00eb1bf7fbf0/IBM-Logo-Blk---Square.png"
  },
  {
    "name": "Juniper Networks Junos Automation Basics and XML",
    "level": "Not Defined",
    "desciption": "This course introduces you to the Junos operating system (Junos OS) that runs on Juniper Networks routers, switches, and security devices. You will learn Junos OS automation concepts and principles and how Junos OS configuration management and operations can be performed using popular automation tools. You will also learn about Extensible Markup Language (XML) and how it is used to store Junos OS device configuration and exchange data with external automation tools. Students new to the Junos operating system (Junos OS) are encouraged to view the first module which provides an overview of Junos Operating System prior to beginning the automation and DevOps content.",
    "catagory": "Information Technology",
    "subCatagory": "Cloud Computing",
    "time": "Course 1 of 3 in the",
    "provider": "Juniper Networks",
    "source": "Coursera",
    "Audit": "Free",
    "certificate": "Flexible deadlines",
    "courseLink": "https://www.coursera.org/learn/juniper-automation-xml",
    "enrolled": "5 hours to complete",
    "rating": "",
    "image": "https://d3njjcbhbojbot.cloudfront.net/api/utilities/v1/imageproxy/http://coursera-university-assets.s3.amazonaws.com/2d/a3ae26ff454784993475a4a895407d/210469_DIGITAL_Coursera-Image-Selection_600x600.png"
  },
  {
    "name": "Data Processing with Azure",
    "level": "Intermediate Level",
    "desciption": "This Azure training course is designed to equip students with the knowledge need to process, store and analyze data for making informed business decisions. Through this Azure course, the student will understand what big data is along with the importance of big data analytics, which will improve the students mathematical and programming skills. Students will learn the most effective method of using essential analytical tools such as Python, R, and Apache Spark.",
    "catagory": "Information Technology",
    "subCatagory": "Cloud Computing",
    "time": "Approx. 13 hours to complete",
    "provider": "LearnQuest",
    "source": "Coursera",
    "Audit": "Free",
    "certificate": "Flexible deadlines",
    "courseLink": "https://www.coursera.org/learn/data-processing-with-azure",
    "enrolled": "6,360",
    "rating": 3.7,
    "image": "https://d3njjcbhbojbot.cloudfront.net/api/utilities/v1/imageproxy/http://coursera-university-assets.s3.amazonaws.com/91/3ae3bf6d924c9180182672d7302dab/LearnQuest-logo_1200x1200.png"
  },
  {
    "name": "Getting Started with Azure",
    "level": "Beginner Level",
    "desciption": "This course in an introduction to Microsoft Azure services.  Students will gain familiarity with core Azure topics and practice implementation of infrastructure components.",
    "catagory": "Information Technology",
    "subCatagory": "Cloud Computing",
    "time": "Approx. 20 hours to complete",
    "provider": "LearnQuest",
    "source": "Coursera",
    "Audit": "Free",
    "certificate": "Flexible deadlines",
    "courseLink": "https://www.coursera.org/learn/cloud-azure-intro",
    "enrolled": "24,063",
    "rating": 4.3,
    "image": "https://d3njjcbhbojbot.cloudfront.net/api/utilities/v1/imageproxy/http://coursera-university-assets.s3.amazonaws.com/91/3ae3bf6d924c9180182672d7302dab/LearnQuest-logo_1200x1200.png"
  },
  {
    "name": "Fundamentals of Cloud Computing",
    "level": "Not Defined",
    "desciption": "This course is the second of a series that aims to prepare you for a role working in data analytics. In this course, you will be introduced to many of the core concepts of cloud computing. You will learn about the primary deployment models. We’ll go through the common cloud computing service models. The hands on material offers the opportunity to review and configure a cloud account. This course covers a wide variety of topics that are critical for understanding cloud computing and are designed to give you an introduction and overview as you begin to build relevant knowledge and skills.",
    "catagory": "Information Technology",
    "subCatagory": "Cloud Computing",
    "time": "Course 2 of 4 in the",
    "provider": "LearnQuest",
    "source": "Coursera",
    "Audit": "Free",
    "certificate": "Flexible deadlines",
    "courseLink": "https://www.coursera.org/learn/fundamentals-of-cloud-computing",
    "enrolled": "6 hours to complete",
    "rating": "",
    "image": "https://d3njjcbhbojbot.cloudfront.net/api/utilities/v1/imageproxy/http://coursera-university-assets.s3.amazonaws.com/91/3ae3bf6d924c9180182672d7302dab/LearnQuest-logo_1200x1200.png"
  },
  {
    "name": "Computer Vision in Microsoft Azure",
    "level": "Not Defined",
    "desciption": "In Microsoft Azure, the Computer Vision cognitive service uses pre-trained models to analyze images, enabling software developers to easily build applications\"see\" the world and make sense of it. This ability to process images is the key to creating software that can emulate human visual perception. In this course, you'll explore some of these capabilities as you learn how to use the Computer Vision service to analyze images.",
    "catagory": "Information Technology",
    "subCatagory": "Cloud Computing",
    "time": "Course 3 of 5 in the",
    "provider": "Microsoft",
    "source": "Coursera",
    "Audit": "Free",
    "certificate": "Flexible deadlines",
    "courseLink": "https://www.coursera.org/learn/computer-vision-microsoft-azure",
    "enrolled": "3 hours to complete",
    "rating": 4.8,
    "image": "https://d3njjcbhbojbot.cloudfront.net/api/utilities/v1/imageproxy/http://coursera-university-assets.s3.amazonaws.com/46/64c3f350f74186ace99af2238f58db/Microsoft-icn_sq_360x360.png"
  },
  {
    "name": "Oracle Cloud Infrastructure Operations Associate",
    "level": "Not Defined",
    "desciption": "Welcome to the course Oracle Cloud Infrastructure Operations Associate. This course is intended for DevOps professionals and operations engineers aspiring to take the Oracle Cloud Infrastructure Cloud Operations Associate Certification. The course walks you through some of the day-to-day operational activities that you might find yourself managing in the Oracle Cloud Infrastructure ecosystem.",
    "catagory": "Information Technology",
    "subCatagory": "Cloud Computing",
    "time": "Approx. 13 hours to complete",
    "provider": "Oracle",
    "source": "Coursera",
    "Audit": "Free",
    "certificate": "Flexible deadlines",
    "courseLink": "https://www.coursera.org/learn/oracle-cloud-infrastructure-operations-associate",
    "enrolled": "3 hours to complete",
    "rating": "",
    "image": "https://d3njjcbhbojbot.cloudfront.net/api/utilities/v1/imageproxy/http://coursera-university-assets.s3.amazonaws.com/37/2cb887cbd64af9be0d30fe702a1a70/Square_logo_landing_page.png"
  },
  {
    "name": "Oracle Cloud Infrastructure Architect Associate",
    "level": "Not Defined",
    "desciption": "Welcome to the course Oracle Cloud Infrastructure Architect Associate. The course prepares you for the  Oracle Cloud Infrastructure Architect Associate Certification. Kickstart your journey on Oracle Cloud by getting to know its Architecture, User Management, Basics of VCN and network security, Autoscaling and more.",
    "catagory": "Information Technology",
    "subCatagory": "Cloud Computing",
    "time": "Approx. 20 hours to complete",
    "provider": "Oracle",
    "source": "Coursera",
    "Audit": "Free",
    "certificate": "Flexible deadlines",
    "courseLink": "https://www.coursera.org/learn/oracle-cloud-infrastructure-architect-associate",
    "enrolled": "4 hours to complete",
    "rating": "",
    "image": "https://d3njjcbhbojbot.cloudfront.net/api/utilities/v1/imageproxy/http://coursera-university-assets.s3.amazonaws.com/37/2cb887cbd64af9be0d30fe702a1a70/Square_logo_landing_page.png"
  },
  {
    "name": "Oracle Cloud Infrastructure Architect Professional",
    "level": "Not Defined",
    "desciption": "Welcome to the course Oracle Cloud Infrastructure Architect Professional. This course prepares you for the highest level of OCI certification, Oracle Cloud Infrastructure Architect Professional. Take a deep dive into designing and deploying Oracle Cloud Infrastructure solutions and learn Cloud-Native, microservices and serverless architectures.",
    "catagory": "Information Technology",
    "subCatagory": "Cloud Computing",
    "time": "Approx. 20 hours to complete",
    "provider": "Oracle",
    "source": "Coursera",
    "Audit": "Free",
    "certificate": "Flexible deadlines",
    "courseLink": "https://www.coursera.org/learn/oracle-cloud-infrastructure-architect-professional",
    "enrolled": "4 hours to complete",
    "rating": "",
    "image": "https://d3njjcbhbojbot.cloudfront.net/api/utilities/v1/imageproxy/http://coursera-university-assets.s3.amazonaws.com/37/2cb887cbd64af9be0d30fe702a1a70/Square_logo_landing_page.png"
  },
  {
    "name": "Tencent Cloud Practitioner",
    "level": "Beginner Level",
    "desciption": "This course is primarily aimed at cloud professionals that are interested in learning about Tencent Cloud's products and services. The course equips learners with a foundational knowledge in cloud computing and prepares them to take the Tencent Cloud Practitioner examination. After completing this course, learners will be able to explain the different features, advantages, uses cases, and billing methods of several core Tencent Cloud products.",
    "catagory": "Information Technology",
    "subCatagory": "Cloud Computing",
    "time": "Approx. 9 hours to complete",
    "provider": "Tencent Cloud",
    "source": "Coursera",
    "Audit": "Free",
    "certificate": "Flexible deadlines",
    "courseLink": "https://www.coursera.org/learn/tencent-cloud-practitioner",
    "enrolled": "1 hour to complete",
    "rating": "",
    "image": "https://d3njjcbhbojbot.cloudfront.net/api/utilities/v1/imageproxy/http://coursera-university-assets.s3.amazonaws.com/7c/ac0641344f4584904ac0a1825e231e/02_Tcloud_logo_Eng_ver-copy.png"
  },
  {
    "name": "Tencent Cloud Solutions Architect Associate",
    "level": "Intermediate Level",
    "desciption": "This course is primarily aimed at cloud professionals that are interested in learning about Tencent Cloud‘s cloud architectures. The course equips learners with a foundational knowledge in cloud architecture design and prepares them to take the Tencent Cloud Solutions Architect Associate examination. After completing this course, learners will be able to design cloud solutions that incorporate the principles of high availability, high security, high scalability, and cost optimization.",
    "catagory": "Information Technology",
    "subCatagory": "Cloud Computing",
    "time": "Approx. 7 hours to complete",
    "provider": "Tencent Cloud",
    "source": "Coursera",
    "Audit": "Free",
    "certificate": "Flexible deadlines",
    "courseLink": "https://www.coursera.org/learn/tencent-cloud-solutions-architect-associate",
    "enrolled": "1 hour to complete",
    "rating": "",
    "image": "https://d3njjcbhbojbot.cloudfront.net/api/utilities/v1/imageproxy/http://coursera-university-assets.s3.amazonaws.com/7c/ac0641344f4584904ac0a1825e231e/02_Tcloud_logo_Eng_ver-copy.png"
  },
  {
    "name": "Smart Device & Mobile Emerging Technologies",
    "level": "Beginner Level",
    "desciption": "Every day you use your smartphone. Your smartphone wakes you up, it is the first thing you use in the morning, and the last thing you check (e.g., alarm setting) before you sleep. In addition, you use it all day. A typical cellphone user touches their mobile phone 2,617 times a day (Dscout report based on 2017) and people spend over 4 hours a day on their mobile phones (Hackernoon report) on average. Smartphones and smart watches are very useful and will become even more useful due to their smaller sizes, lighter weights, versatile functionalities, advanced mobile communications & wireless networking (e.g., Wi-Fi & Bluetooth) technologies. In this course, the start-of-the-art smartphone and smart watch technology and components in addition to the global market trends and future forecasts are introduced. Since everybody uses smartphones and smart watches, knowing the details about the most globally used electronic device will definitely help you in all aspects of new product and app design & development, as well as business planning. In addition, the core technology and components of the world’s most popular smartphones (i.e., the Samsung Galaxy Note8 and Apple iPhone X) and smart watches (i.e., Samsung Gear S3 and the Apple Watch Series 3) are introduced along with details of the iOS and Android smartphone OSs (Operating Systems) and mobile communications 1G to 5G (for details on Wi-Fi and Bluetooth, please take my course “IoT Wireless & Cloud Emerging Technology”). This course ends with projects that teach how to analyze the components of smartphones and check the mobile network. Consequently, this course will prepare you to be more successful in businesses strategic planning in the upcoming smart device era. I cordially welcome you in to the amazing internal dynamics of the smart device world!",
    "catagory": "Information Technology",
    "subCatagory": "Cloud Computing",
    "time": "Course 2 of 4 in the",
    "provider": "Yonsei University",
    "source": "Coursera",
    "Audit": "Free",
    "certificate": "Flexible deadlines",
    "courseLink": "https://www.coursera.org/learn/smart-device-mobile-emerging-technologies",
    "enrolled": "15,698",
    "rating": 4.7,
    "image": "https://d3njjcbhbojbot.cloudfront.net/api/utilities/v1/imageproxy/https://coursera-university-assets.s3.amazonaws.com/79/ef4a80c5a111e5a5ce35080560fd45/coursera_logo.png"
  },
  {
    "name": "AWS Fundamentals: Migrating to the Cloud",
    "level": "Intermediate Level",
    "desciption": "This four week course focuses on migrating workloads to AWS.  We will focus on  analyzing your current environment, planning your migration, AWS services that are commonly used during your migration, and the actual migration steps.",
    "catagory": "Information Technology",
    "subCatagory": "Data Management",
    "time": "Approx. 9 hours to complete",
    "provider": "Amazon Web Services",
    "source": "Coursera",
    "Audit": "Free",
    "certificate": "Flexible deadlines",
    "courseLink": "https://www.coursera.org/learn/aws-fundamentals-cloud-migration",
    "enrolled": "50,993",
    "rating": 4.6,
    "image": "https://d3njjcbhbojbot.cloudfront.net/api/utilities/v1/imageproxy/http://coursera-university-assets.s3.amazonaws.com/a4/7cd68a658840ddbb95c38cdd0bbc8e/aws-logo-icon-PNG-Transparent-Background.png"
  },
  {
    "name": "Making the Case for Robotic Process Automation",
    "level": "Not Defined",
    "desciption": "Overview",
    "catagory": "Information Technology",
    "subCatagory": "Data Management",
    "time": "Approx. 5 hours to complete",
    "provider": "Association of International Certified Professional Accountants",
    "source": "Coursera",
    "Audit": "Free",
    "certificate": "Flexible deadlines",
    "courseLink": "https://www.coursera.org/learn/robotic-process-automation",
    "enrolled": "5,165",
    "rating": 4.1,
    "image": "https://d3njjcbhbojbot.cloudfront.net/api/utilities/v1/imageproxy/http://coursera-university-assets.s3.amazonaws.com/3a/bd132051294ac58dedebd3657a8050/Screen-Shot-2019-04-26-at-12.33.54-PM.png"
  },
  {
    "name": "Cognitive Solutions and RPA Analytics",
    "level": "Beginner Level",
    "desciption": "Millions of companies in the world today are processing endless documents in various formats. Although Robotic Process Automation (RPA) thrives in almost every industry and is growing fast, it works well only with structured data sources.",
    "catagory": "Information Technology",
    "subCatagory": "Data Management",
    "time": "Course 4 of 4 in the",
    "provider": "Automation Anywhere",
    "source": "Coursera",
    "Audit": "Free",
    "certificate": "Flexible deadlines",
    "courseLink": "https://www.coursera.org/learn/cognitive-solutions-rpa-analytics",
    "enrolled": "3,350",
    "rating": 4.3,
    "image": "https://d3njjcbhbojbot.cloudfront.net/api/utilities/v1/imageproxy/http://coursera-university-assets.s3.amazonaws.com/6d/79cf9028264a33ab05dbaca929cfac/aai-tagline-tm-_coursera.png"
  },
  {
    "name": "Mastering Digital Twins",
    "level": "Beginner Level",
    "desciption": "In this course, you will learn about Digital Twins fundamentals, how they represent a concept of integration for product-related data. The concept of digital twins is a response to the increasing digitalisation of product development, production, and products themselves.",
    "catagory": "Information Technology",
    "subCatagory": "Data Management",
    "time": "",
    "provider": "EIT Digital",
    "source": "Coursera",
    "Audit": "Free",
    "certificate": "Flexible deadlines",
    "courseLink": "https://www.coursera.org/learn/mastering-digital-twins",
    "enrolled": "5,844",
    "rating": 4,
    "image": "https://d3njjcbhbojbot.cloudfront.net/api/utilities/v1/imageproxy/http://coursera-university-assets.s3.amazonaws.com/47/4593ad45fe4e708142c75bc9057d0d/4-square-no-borders-general.png"
  },
  {
    "name": "Data Engineering and Machine Learning using Spark",
    "level": "Beginner Level",
    "desciption": "Organizations need skilled, forward-thinking Big Data practitioners who can apply their business and technical skills to unstructured data such as tweets, posts, pictures, audio files, videos, sensor data, and satellite imagery and more to identify behaviors and preferences of prospects, clients, competitors, and others.",
    "catagory": "Information Technology",
    "subCatagory": "Data Management",
    "time": "Approx. 6 hours to complete",
    "provider": "IBM",
    "source": "Coursera",
    "Audit": "Free",
    "certificate": "Flexible deadlines",
    "courseLink": "https://www.coursera.org/learn/data-engineering-and-machine-learning-using-spark",
    "enrolled": "1,520",
    "rating": "",
    "image": "https://d3njjcbhbojbot.cloudfront.net/api/utilities/v1/imageproxy/http://coursera-university-assets.s3.amazonaws.com/bb/f5ced2bdd4437aa79f00eb1bf7fbf0/IBM-Logo-Blk---Square.png"
  },
  {
    "name": "Introduction to Big Data with Spark and Hadoop",
    "level": "Beginner Level",
    "desciption": "Bernard Marr defines Big Data as the digital trace that we are generating in this digital era. In this course, you will learn about the characteristics of Big Data and its application in Big Data Analytics. You will gain an understanding about the features, benefits, limitations, and applications of some of the Big Data processing tools. You’ll explore how Hadoop and Hive help leverage the benefits of Big Data while overcoming some of the challenges it poses.",
    "catagory": "Information Technology",
    "subCatagory": "Data Management",
    "time": "Approx. 12 hours to complete",
    "provider": "IBM",
    "source": "Coursera",
    "Audit": "Free",
    "certificate": "Flexible deadlines",
    "courseLink": "https://www.coursera.org/learn/introduction-to-big-data-with-spark-hadoop",
    "enrolled": "2,761",
    "rating": 4.1,
    "image": "https://d3njjcbhbojbot.cloudfront.net/api/utilities/v1/imageproxy/http://coursera-university-assets.s3.amazonaws.com/bb/f5ced2bdd4437aa79f00eb1bf7fbf0/IBM-Logo-Blk---Square.png"
  },
  {
    "name": "Python Project for Data Engineering",
    "level": "Intermediate Level",
    "desciption": "This mini-course is intended to apply foundational Python skills by implementing different techniques to collect and work with data. Assume the role of a Data Engineer and extract data from multiple file formats, transform it into specific datatypes, and then load it into a single source for analysis. Continue with the course and test your knowledge by implementing webscraping and extracting data with APIs all with the help of multiple hands-on labs. After completing this course you will have acquired the confidence to begin collecting large datasets from multiple sources and transform them into one primary source, or begin web scraping to gain valuable business insights all with the use of Python.",
    "catagory": "Information Technology",
    "subCatagory": "Data Management",
    "time": "Approx. 5 hours to complete",
    "provider": "IBM",
    "source": "Coursera",
    "Audit": "Free",
    "certificate": "Flexible deadlines",
    "courseLink": "https://www.coursera.org/learn/python-project-for-data-engineering",
    "enrolled": "5,801",
    "rating": 4.6,
    "image": "https://d3njjcbhbojbot.cloudfront.net/api/utilities/v1/imageproxy/http://coursera-university-assets.s3.amazonaws.com/bb/f5ced2bdd4437aa79f00eb1bf7fbf0/IBM-Logo-Blk---Square.png"
  },
  {
    "name": "Explore Core Data Concepts in Microsoft Azure",
    "level": "Not Defined",
    "desciption": "In this course, you will learn the fundamentals of database concepts in a cloud environment, get basic skilling in cloud data services, and build your foundational knowledge of cloud data services within Microsoft Azure. You will identify and describe core data concepts such as relational, non-relational, big data, and analytics, and explore how this technology is implemented with Microsoft Azure. You will explore the roles, tasks, and responsibilities in the world of data.",
    "catagory": "Information Technology",
    "subCatagory": "Data Management",
    "time": "Course 1 of 5 in the",
    "provider": "Microsoft",
    "source": "Coursera",
    "Audit": "Free",
    "certificate": "Flexible deadlines",
    "courseLink": "https://www.coursera.org/learn/explore-core-data-concepts-microsoft-azure",
    "enrolled": "3,080",
    "rating": 4.7,
    "image": "https://d3njjcbhbojbot.cloudfront.net/api/utilities/v1/imageproxy/http://coursera-university-assets.s3.amazonaws.com/46/64c3f350f74186ace99af2238f58db/Microsoft-icn_sq_360x360.png"
  },
  {
    "name": "Modern Data Warehouse Analytics in Microsoft Azure",
    "level": "Not Defined",
    "desciption": "In this course, you will learn the fundamentals of database concepts in a cloud environment, get basic skilling in cloud data services, and build your foundational knowledge of cloud data services within Microsoft Azure. You will explore the processing options available for building data analytics solutions in Azure. You will explore Azure Synapse Analytics, Azure Databricks, and Azure HDInsight.",
    "catagory": "Information Technology",
    "subCatagory": "Data Management",
    "time": "Course 4 of 5 in the",
    "provider": "Microsoft",
    "source": "Coursera",
    "Audit": "Free",
    "certificate": "Flexible deadlines",
    "courseLink": "https://www.coursera.org/learn/data-warehouse-analytics-microsoft-azure",
    "enrolled": "3 hours to complete",
    "rating": 4.6,
    "image": "https://d3njjcbhbojbot.cloudfront.net/api/utilities/v1/imageproxy/http://coursera-university-assets.s3.amazonaws.com/46/64c3f350f74186ace99af2238f58db/Microsoft-icn_sq_360x360.png"
  },
  {
    "name": "Oracle Autonomous Database Administration",
    "level": "Not Defined",
    "desciption": "Welcome to the course Oracle Autonomous Database Administration. This course helps DBAs to deploy and administer Autonomous databases, and prepares them for the Oracle Autonomous Database Cloud Specialist Certification.",
    "catagory": "Information Technology",
    "subCatagory": "Data Management",
    "time": "Approx. 13 hours to complete",
    "provider": "Oracle",
    "source": "Coursera",
    "Audit": "Free",
    "certificate": "Flexible deadlines",
    "courseLink": "https://www.coursera.org/learn/oracle-autonomous-database-administration",
    "enrolled": "5 hours to complete",
    "rating": "",
    "image": "https://d3njjcbhbojbot.cloudfront.net/api/utilities/v1/imageproxy/http://coursera-university-assets.s3.amazonaws.com/37/2cb887cbd64af9be0d30fe702a1a70/Square_logo_landing_page.png"
  },
  {
    "name": "Practices of Digital Transformation",
    "level": "Not Defined",
    "desciption": "The course “Practices of digital transformations”, developed by SPbU together with ETU , contains the necessary materials for digitalization of business processes of an enterprise in the context of modern infocommunication infrastructures.",
    "catagory": "Information Technology",
    "subCatagory": "Data Management",
    "time": "Approx. 8 hours to complete",
    "provider": "Saint Petersburg State University",
    "source": "Coursera",
    "Audit": "Free",
    "certificate": "Flexible deadlines",
    "courseLink": "https://www.coursera.org/learn/pracdig-eng",
    "enrolled": "2 hours to complete",
    "rating": 3.5,
    "image": "https://d3njjcbhbojbot.cloudfront.net/api/utilities/v1/imageproxy/https://coursera-university-assets.s3.amazonaws.com/f7/9cff8f7e909ad6d37a2f94eb5cfd4f/CoA_Medium_color.png"
  },
  {
    "name": "Business Intelligence and Visual Analytics",
    "level": "Not Defined",
    "desciption": "Building on “Data Warehousing and Business Intelligence,” this course focuses on data visualization and visual analytics. Starting with a thorough coverage of what data visualization is and what type of visualization is good for a given purpose, the course quickly dives into development of practical skills and knowledge about visual analytics by way of using one of the most popular visual analytics tools: SAS Viya, a cloud-based analytics platform. An overview of cloud architecture, automation, and machine learning is also provided.",
    "catagory": "Information Technology",
    "subCatagory": "Data Management",
    "time": "Course 3 of 3 in the",
    "provider": "University of California, Irvine",
    "source": "Coursera",
    "Audit": "Free",
    "certificate": "Flexible deadlines",
    "courseLink": "https://www.coursera.org/learn/business-intelligence-visual-analytics",
    "enrolled": "2 hours to complete",
    "rating": "",
    "image": "https://d3njjcbhbojbot.cloudfront.net/api/utilities/v1/imageproxy/https://coursera-university-assets.s3.amazonaws.com/39/31c7a00bb411e4b2adb7c560fb2da9/UCI_MB_PI_WM_300x300_YellowonBlue.png"
  },
  {
    "name": "Aruba Network Security Basics",
    "level": "Beginner Level",
    "desciption": "In Aruba Network Security Basics, you will explore what threats pose a risk to a basic computer network and what security technologies are available to harden your devices against these attacks. How do messages get encrypted? What exactly is Malware? What technologies can we deploy that will allow networks to defend themselves? Our lives and business rely on having trusted secure access to our networks, but what does it take to ensure that security? The Aruba Network Security Basics course is a starting point for individuals interested in a career as a security professional, and for anyone to who wants to get familiar with Aruba’s security technologies. To get deeper technical knowledge with Aruba network security, see the Aruba Certified Network Security Associate (ACNSA) here: www.arubanetworks.com/support-services/training-services/certified-network-security-associate/",
    "catagory": "Information Technology",
    "subCatagory": "Networking",
    "time": "Approx. 5 hours to complete",
    "provider": "Aruba, a Hewlett Packard Enterprise company",
    "source": "Coursera",
    "Audit": "Free",
    "certificate": "Flexible deadlines",
    "courseLink": "https://www.coursera.org/learn/aruba-network-security-basics",
    "enrolled": "2 hours to complete",
    "rating": "",
    "image": "https://d3njjcbhbojbot.cloudfront.net/api/utilities/v1/imageproxy/http://coursera-university-assets.s3.amazonaws.com/3a/1d739057e94707b27af29c2684e00e/Mini-Aruba-orange-logo.png"
  },
  {
    "name": "Cloud-Based Network Design & Management Techniques",
    "level": "Intermediate Level",
    "desciption": "This 2-part eLearning course builds an understanding of modern cloud-network design and management techniques, crystalizing lofty ideas of \"cloud\" and \"edge\" so you can embrace the latest industry trends and best-practices.",
    "catagory": "Information Technology",
    "subCatagory": "Networking",
    "time": "Approx. 3 hours to complete",
    "provider": "Aruba, a Hewlett Packard Enterprise company",
    "source": "Coursera",
    "Audit": "Free",
    "certificate": "Flexible deadlines",
    "courseLink": "https://www.coursera.org/learn/cloud-based-network-design-and-management",
    "enrolled": "2 hours to complete",
    "rating": "",
    "image": "https://d3njjcbhbojbot.cloudfront.net/api/utilities/v1/imageproxy/http://coursera-university-assets.s3.amazonaws.com/3a/1d739057e94707b27af29c2684e00e/Mini-Aruba-orange-logo.png"
  },
  {
    "name": "Networking in Google Cloud: Defining and Implementing Networks",
    "level": "Intermediate Level",
    "desciption": "Learn about the broad variety of networking options on Google Cloud. This course uses lectures, demos, and hands-on labs to help you explore and deploy Google Cloud networking technologies, including Virtual Private Cloud (VPC) networks, subnets, and firewalls; interconnection among networks; load balancing; Cloud DNS; Cloud CDN; and Cloud NAT. You'll also learn about common network design patterns and automated deployment using Cloud Deployment Manager or Terraform.",
    "catagory": "Information Technology",
    "subCatagory": "Networking",
    "time": "Approx. 9 hours to complete",
    "provider": "Google Cloud",
    "source": "Coursera",
    "Audit": "Free",
    "certificate": "Flexible deadlines",
    "courseLink": "https://www.coursera.org/learn/networking-gcp-defining-implementing-networks",
    "enrolled": "26,008",
    "rating": 4.8,
    "image": "https://d3njjcbhbojbot.cloudfront.net/api/utilities/v1/imageproxy/http://coursera-university-assets.s3.amazonaws.com/4e/c2f4c0f4bb11e69a33576c875f4294/cloud-twitter-avatar.png"
  },
  {
    "name": "Intel® Network Academy - Network Transformation 101",
    "level": "Beginner Level",
    "desciption": "Welcome to the Intel® Network Academy – a comprehensive training program on network transformation. In this program, we will be covering the topic areas of software defined infrastructure (SDI) network functions virtualization (NFV), software-defined networking (SDN) and beyond. The Network Academy includes a broad collection of online content and technical training aimed to assist technical professionals in the network industry to improve their knowledge of key Intel® technologies, industry trends, and technical aspects of NFV deployments.",
    "catagory": "Information Technology",
    "subCatagory": "Networking",
    "time": "Approx. 18 hours to complete",
    "provider": "Intel",
    "source": "Coursera",
    "Audit": "Free",
    "certificate": "Flexible deadlines",
    "courseLink": "https://www.coursera.org/learn/network-transformation-101",
    "enrolled": "24,587",
    "rating": 4.5,
    "image": "https://d3njjcbhbojbot.cloudfront.net/api/utilities/v1/imageproxy/http://coursera-university-assets.s3.amazonaws.com/17/c51cacf1b54aa18fbad3bdeabf36eb/logo-energyblue-3000px.png"
  },
  {
    "name": "Cryptography",
    "level": "Beginner Level",
    "desciption": "Welcome to Cryptography!",
    "catagory": "Information Technology",
    "subCatagory": "Security",
    "time": "Course 4 of 6 in the",
    "provider": "(ISC)²",
    "source": "Coursera",
    "Audit": "Free",
    "certificate": "Flexible deadlines",
    "courseLink": "https://www.coursera.org/learn/cryptography-sscp",
    "enrolled": "3,010",
    "rating": 4.8,
    "image": "https://d3njjcbhbojbot.cloudfront.net/api/utilities/v1/imageproxy/http://coursera-university-assets.s3.amazonaws.com/ec/361c90ba8711e7b86081e40eb490a0/isc2-logo-180x180-white-bg.png"
  },
  {
    "name": "Networks and Communications Security",
    "level": "Beginner Level",
    "desciption": "Welcome to Networks and Communications Security Course!",
    "catagory": "Information Technology",
    "subCatagory": "Security",
    "time": "Course 5 of 6 in the",
    "provider": "(ISC)²",
    "source": "Coursera",
    "Audit": "Free",
    "certificate": "Flexible deadlines",
    "courseLink": "https://www.coursera.org/learn/network-security-communications-sscp",
    "enrolled": "3,593",
    "rating": 4.7,
    "image": "https://d3njjcbhbojbot.cloudfront.net/api/utilities/v1/imageproxy/http://coursera-university-assets.s3.amazonaws.com/ec/361c90ba8711e7b86081e40eb490a0/isc2-logo-180x180-white-bg.png"
  },
  {
    "name": "Identifying, Monitoring, and Analyzing Risk and Incident Response and Recovery",
    "level": "Beginner Level",
    "desciption": "Risk Identification, Monitoring, and Analysis: In the Risk Identification, Monitoring, and Analysis session, you will learn how to identify, measure, and control losses associated with adverse events. You will review, analyze, select, and evaluate safeguards for mitigating risk.You will learn processes for collecting information, providing methods of identifying security events, assigning priority levels, taking the appropriate actions, and reporting the findings to the correct individuals. After collection of the details from monitoring, we can analyze to determine if the system is being operated in accordance with accepted industry practices, and in compliance with organization policies and procedures.",
    "catagory": "Information Technology",
    "subCatagory": "Security",
    "time": "Course 3 of 6 in the",
    "provider": "(ISC)²",
    "source": "Coursera",
    "Audit": "Free",
    "certificate": "Flexible deadlines",
    "courseLink": "https://www.coursera.org/learn/incident-response-recovery-risks-sscp",
    "enrolled": "3,675",
    "rating": 4.8,
    "image": "https://d3njjcbhbojbot.cloudfront.net/api/utilities/v1/imageproxy/http://coursera-university-assets.s3.amazonaws.com/ec/361c90ba8711e7b86081e40eb490a0/isc2-logo-180x180-white-bg.png"
  },
  {
    "name": "Security Awareness Training",
    "level": "Not Defined",
    "desciption": "The security of an organization is of the utmost importance and every member of the organization's staff plays a vital role in defending against cyber threats. One of the best ways to protect the organization is to institute a company-wide security-awareness training initiative.",
    "catagory": "Information Technology",
    "subCatagory": "Security",
    "time": "Approx. 2 hours to complete",
    "provider": "(ISC)²",
    "source": "Coursera",
    "Audit": "Free",
    "certificate": "Flexible deadlines",
    "courseLink": "https://www.coursera.org/learn/security-awareness-training",
    "enrolled": "9,270",
    "rating": 4.6,
    "image": "https://d3njjcbhbojbot.cloudfront.net/api/utilities/v1/imageproxy/http://coursera-university-assets.s3.amazonaws.com/ec/361c90ba8711e7b86081e40eb490a0/isc2-logo-180x180-white-bg.png"
  },
  {
    "name": "Understanding, Using, and Securing Crypto and Digital Assets",
    "level": "Beginner Level",
    "desciption": "This specialization offers the latest developments in blockchain technology through a highly engaging learning experience with animated video components and intuitive course flow to maximize your knowledge retention.",
    "catagory": "Information Technology",
    "subCatagory": "Security",
    "time": "Course 3 of 3 in the",
    "provider": "Association of International Certified Professional Accountants",
    "source": "Coursera",
    "Audit": "Free",
    "certificate": "Flexible deadlines",
    "courseLink": "https://www.coursera.org/learn/blcf20b",
    "enrolled": "1,631",
    "rating": 4.8,
    "image": "https://d3njjcbhbojbot.cloudfront.net/api/utilities/v1/imageproxy/http://coursera-university-assets.s3.amazonaws.com/3a/bd132051294ac58dedebd3657a8050/Screen-Shot-2019-04-26-at-12.33.54-PM.png"
  },
  {
    "name": "Check Point Jump Start: Network Security",
    "level": "Not Defined",
    "desciption": "In this course brought to you by industry leader Check Point, they will cover cybersecurity threats and elements of Check Point's Security Management architecture. This course will prepare you for the exam, #156-412, at PearsonVUE.(https://home.pearsonvue.com/checkpoint)",
    "catagory": "Information Technology",
    "subCatagory": "Security",
    "time": "Approx. 5 hours to complete",
    "provider": "Check Point Software Technologies Ltd.",
    "source": "Coursera",
    "Audit": "Free",
    "certificate": "Flexible deadlines",
    "courseLink": "https://www.coursera.org/learn/check-point-jump-start-network-security",
    "enrolled": "5,654",
    "rating": 4.5,
    "image": "https://d3njjcbhbojbot.cloudfront.net/api/utilities/v1/imageproxy/http://coursera-university-assets.s3.amazonaws.com/1f/f6fb1015b0496fa507d3b13e973ed9/CP_ltd_stacked_pos_print_square.png"
  },
  {
    "name": "Check Point Jump Start: Maestro Hyperscale Network Security",
    "level": "Not Defined",
    "desciption": "In this course brought to you by industry leader Check Point, they will cover the Maestro Orchestrator initial installation, creation and configuration of security group via the web user interface and SmartConsole features. This course provides a demonstration of the Maestro product. Course will prepare you for their exam, #156-412, at PearsonVUE.",
    "catagory": "Information Technology",
    "subCatagory": "Security",
    "time": "Approx. 4 hours to complete",
    "provider": "Check Point Software Technologies Ltd.",
    "source": "Coursera",
    "Audit": "Free",
    "certificate": "Flexible deadlines",
    "courseLink": "https://www.coursera.org/learn/check-point-jump-start-maestro",
    "enrolled": "1 hour to complete",
    "rating": "",
    "image": "https://d3njjcbhbojbot.cloudfront.net/api/utilities/v1/imageproxy/http://coursera-university-assets.s3.amazonaws.com/1f/f6fb1015b0496fa507d3b13e973ed9/CP_ltd_stacked_pos_print_square.png"
  },
  {
    "name": "IT Security: Defense against the digital dark arts",
    "level": "Beginner Level",
    "desciption": "This course covers a wide variety of IT security concepts, tools, and best practices. It introduces threats and attacks and the many ways they can show up. We’ll give you some background of encryption algorithms and how they’re used to safeguard data. Then, we’ll dive into the three As of information security: authentication, authorization, and accounting. We’ll also cover network security solutions, ranging from firewalls to Wifi encryption options. The course is rounded out by putting all these elements together into a multi-layered, in-depth security architecture, followed by recommendations on how to integrate a culture of security into your organization or team.",
    "catagory": "Information Technology",
    "subCatagory": "Security",
    "time": "Approx. 30 hours to complete",
    "provider": "Google",
    "source": "Coursera",
    "Audit": "Free",
    "certificate": "Flexible deadlines",
    "courseLink": "https://www.coursera.org/learn/it-security",
    "enrolled": "195,046",
    "rating": 4.8,
    "image": "https://d3njjcbhbojbot.cloudfront.net/api/utilities/v1/imageproxy/http://coursera-university-assets.s3.amazonaws.com/4a/cb36835ae3421187080898a7ecc11d/Google-G_360x360.png"
  },
  {
    "name": "IBM Cybersecurity Analyst Assessment",
    "level": "Intermediate Level",
    "desciption": "A growing number of exciting, well-paying jobs in today’s security industry do not require a college degree. This is the final course required to assess your acquired knowledge and skills from from the previous two specializations, IT Fundamentals of Cybersecurity and Security Analyst Fundamentals, to become job-ready for a cybersecurity analyst role.",
    "catagory": "Information Technology",
    "subCatagory": "Security",
    "time": "Course 8 of 8 in the",
    "provider": "IBM",
    "source": "Coursera",
    "Audit": "Free",
    "certificate": "Flexible deadlines",
    "courseLink": "https://www.coursera.org/learn/ibm-cybersecurity-analyst-assessment",
    "enrolled": "7,140",
    "rating": 4.7,
    "image": "https://d3njjcbhbojbot.cloudfront.net/api/utilities/v1/imageproxy/http://coursera-university-assets.s3.amazonaws.com/bb/f5ced2bdd4437aa79f00eb1bf7fbf0/IBM-Logo-Blk---Square.png"
  },
  {
    "name": "Penetration Testing, Incident Response and Forensics",
    "level": "Beginner Level",
    "desciption": "This course gives you the background needed to gain Cybersecurity skills as part of the Cybersecurity Security Analyst Professional Certificate program.",
    "catagory": "Information Technology",
    "subCatagory": "Security",
    "time": "Approx. 17 hours to complete",
    "provider": "IBM",
    "source": "Coursera",
    "Audit": "Free",
    "certificate": "Flexible deadlines",
    "courseLink": "https://www.coursera.org/learn/ibm-penetration-testing-incident-response-forensics",
    "enrolled": "24,014",
    "rating": 4.6,
    "image": "https://d3njjcbhbojbot.cloudfront.net/api/utilities/v1/imageproxy/http://coursera-university-assets.s3.amazonaws.com/bb/f5ced2bdd4437aa79f00eb1bf7fbf0/IBM-Logo-Blk---Square.png"
  },
  {
    "name": "Cybersecurity Roles, Processes & Operating System Security",
    "level": "Beginner Level",
    "desciption": "This course gives you the background needed to understand basic Cybersecurity  around people. process and technology.  You will learn:",
    "catagory": "Information Technology",
    "subCatagory": "Security",
    "time": "Approx. 15 hours to complete",
    "provider": "IBM",
    "source": "Coursera",
    "Audit": "Free",
    "certificate": "Flexible deadlines",
    "courseLink": "https://www.coursera.org/learn/cybersecurity-roles-processes-operating-system-security",
    "enrolled": "57,092",
    "rating": 4.6,
    "image": "https://d3njjcbhbojbot.cloudfront.net/api/utilities/v1/imageproxy/http://coursera-university-assets.s3.amazonaws.com/bb/f5ced2bdd4437aa79f00eb1bf7fbf0/IBM-Logo-Blk---Square.png"
  },
  {
    "name": "NIST 800-171",
    "level": "Not Defined",
    "desciption": "NIST SP 800-171 is a cybersecurity framework of 110 controls in 14 families published by the National Institute of Standards and Technology (NIST). This learning path will teach you how to comply with the requirements of NIST 800-171. You will understand what CUI is and how to identify it; what a nonfederal information systems is; how to understand each of the 110 requirements in the framework and satisfy each of them if necessary; how to create a Body of Evidence (BOE) including Organizational Policy or Procedures; a System Security Plan (SSP) and Plans of Action and Milestones (POAM). Upon completion of this course, you will have the knowledge and skills to implement the controls required by the NIST 800-171 framework and build your BOE.",
    "catagory": "Information Technology",
    "subCatagory": "Security",
    "time": "Course 3 of 3 in the",
    "provider": "Infosec",
    "source": "Coursera",
    "Audit": "Free",
    "certificate": "Flexible deadlines",
    "courseLink": "https://www.coursera.org/learn/nist-800-171",
    "enrolled": "1 hour to complete",
    "rating": "",
    "image": "https://d3njjcbhbojbot.cloudfront.net/api/utilities/v1/imageproxy/http://coursera-university-assets.s3.amazonaws.com/19/43197e3878421ba4f5022a0cb9c34e/Infosec_RGB_RGB_Square.png"
  },
  {
    "name": "Data Privacy Fundamentals",
    "level": "Beginner Level",
    "desciption": "This course is designed to introduce data privacy to a wide audience and help each participant see how data privacy has evolved as a compelling concern to public and private organizations as well as individuals. In this course, you will hear from legal and technical experts and practitioners who encounter data privacy issues daily. This course will review theories of data privacy as well as data privacy in the context of social media and artificial intelligence. It will also explore data privacy issues in journalism, surveillance, new technologies like facial recognition and biometrics. Completion of the course will enable the participant to be eligible for CPE credit.",
    "catagory": "Information Technology",
    "subCatagory": "Security",
    "time": "Approx. 9 hours to complete",
    "provider": "Northeastern University",
    "source": "Coursera",
    "Audit": "Free",
    "certificate": "Flexible deadlines",
    "courseLink": "https://www.coursera.org/learn/northeastern-data-privacy",
    "enrolled": "7,836",
    "rating": 4.8,
    "image": "https://d3njjcbhbojbot.cloudfront.net/api/utilities/v1/imageproxy/http://coursera-university-assets.s3.amazonaws.com/0f/a2cb901a6f11e9ae48e9624f538bca/NU_MonoNU_CMYK_RB-_3_.png"
  },
  {
    "name": "Cryptography: Boolean functions and related problems",
    "level": "Advanced Level",
    "desciption": "The course invites you to learn more about cryptography; you'll learn some important math which stands behind the ciphers, and defines how resistant the particular cipher will be to different types of attacks.",
    "catagory": "Information Technology",
    "subCatagory": "Security",
    "time": "Approx. 5 hours to complete",
    "provider": "Novosibirsk State University",
    "source": "Coursera",
    "Audit": "Free",
    "certificate": "Flexible deadlines",
    "courseLink": "https://www.coursera.org/learn/cryptography-boolean-functions",
    "enrolled": "2,279",
    "rating": 4.4,
    "image": "https://d3njjcbhbojbot.cloudfront.net/api/utilities/v1/imageproxy/https://coursera-university-assets.s3.amazonaws.com/72/8fd860b3cf11e591c5857b81285498/nnn.png"
  },
  {
    "name": "Palo Alto Networks Cybersecurity Foundation",
    "level": "Intermediate Level",
    "desciption": "Palo Alto Networks Cybersecurity Foundation",
    "catagory": "Information Technology",
    "subCatagory": "Security",
    "time": "Course 1 of 4 in the",
    "provider": "Palo Alto Networks",
    "source": "Coursera",
    "Audit": "Free",
    "certificate": "Flexible deadlines",
    "courseLink": "https://www.coursera.org/learn/palo-alto-networks-cybersecurity-foundation-a",
    "enrolled": "2,069",
    "rating": 4.7,
    "image": "https://d3njjcbhbojbot.cloudfront.net/api/utilities/v1/imageproxy/http://coursera-university-assets.s3.amazonaws.com/fe/c23d4f48c04a0cafdfa6f19f825af1/logo2.png"
  },
  {
    "name": "Palo Alto Networks Cloud Security Fundamentals",
    "level": "Intermediate Level",
    "desciption": "In this Cloud Security Fundamentals course you will learn basic principles associated with securing the cloud and SaaS-based applications through Secure Access Service Edge architecture and identify concepts required to recognize and potentially mitigate attacks against traditional and hybrid datacenters as well as mission critical infrastructure. The course also demonstrates how to initially setup and configure containers on a docker bridge network and test the container security through the use of vulnerability scans and reports.",
    "catagory": "Information Technology",
    "subCatagory": "Security",
    "time": "Course 3 of 4 in the",
    "provider": "Palo Alto Networks",
    "source": "Coursera",
    "Audit": "Free",
    "certificate": "Flexible deadlines",
    "courseLink": "https://www.coursera.org/learn/palo-alto-networks-cloud-sec-fundamentals",
    "enrolled": "1 hour to complete",
    "rating": "",
    "image": "https://d3njjcbhbojbot.cloudfront.net/api/utilities/v1/imageproxy/http://coursera-university-assets.s3.amazonaws.com/fe/c23d4f48c04a0cafdfa6f19f825af1/logo2.png"
  },
  {
    "name": "Palo Alto Networks Security Operations  Fundamentals",
    "level": "Intermediate Level",
    "desciption": "In this Security Operations Fundamentals course you will gain an understanding of Security Pperations (SecOps) and the role it plays in protecting our digital way of life, for businesses and customers. You will focus on continuous improvement processes to collect high-fidelity intelligence, contextual data, and automated prevention workflows that quickly identify and respond to fast-evolving threats. The course also demonstrates how to leverage automation to reduce strain on analysts and execute the Security Operation Center’s (SOC) mission to identify, investigate, and mitigate threats.",
    "catagory": "Information Technology",
    "subCatagory": "Security",
    "time": "Course 4 of 4 in the",
    "provider": "Palo Alto Networks",
    "source": "Coursera",
    "Audit": "Free",
    "certificate": "Flexible deadlines",
    "courseLink": "https://www.coursera.org/learn/palo-alto-networks-security-operations-center-fundamentals",
    "enrolled": "1 hour to complete",
    "rating": "",
    "image": "https://d3njjcbhbojbot.cloudfront.net/api/utilities/v1/imageproxy/http://coursera-university-assets.s3.amazonaws.com/fe/c23d4f48c04a0cafdfa6f19f825af1/logo2.png"
  },
  {
    "name": "Information Systems Auditing, Controls and Assurance",
    "level": "Beginner Level",
    "desciption": "The course is awarded The Best Free Online Courses of All Time, and Best Online Courses of the Year (2021 Edition) by Class Central (http://www.classcentral.com).",
    "catagory": "Information Technology",
    "subCatagory": "Security",
    "time": "Approx. 9 hours to complete",
    "provider": "The Hong Kong University of Science and Technology",
    "source": "Coursera",
    "Audit": "Free",
    "certificate": "Flexible deadlines",
    "courseLink": "https://www.coursera.org/learn/information-systems-audit",
    "enrolled": "30,131",
    "rating": 4.7,
    "image": "https://d3njjcbhbojbot.cloudfront.net/api/utilities/v1/imageproxy/https://coursera-university-assets.s3.amazonaws.com/3a/37974779f7ad2a04626183c2f8951b/ustLogo.png"
  },
  {
    "name": "Cybersecurity for Data Science",
    "level": "Not Defined",
    "desciption": "This course aims to help anyone interested in data science understand the cybersecurity risks and the tools/techniques that can be used to mitigate those risks.  We will cover the distinctions between confidentiality, integrity, and availability, introduce learners to relevant cybersecurity tools and techniques including cryptographic tools, software resources, and policies that will be essential to data science. We will explore key tools and techniques for authentication and access control so producers, curators, and users of data can help ensure the security and privacy of the data.",
    "catagory": "Information Technology",
    "subCatagory": "Security",
    "time": "Course 3 of 4 in the",
    "provider": "University of Colorado Boulder",
    "source": "Coursera",
    "Audit": "Free",
    "certificate": "Flexible deadlines",
    "courseLink": "https://www.coursera.org/learn/cybersecurity-for-data-science",
    "enrolled": "2 hours to complete",
    "rating": "",
    "image": "https://d3njjcbhbojbot.cloudfront.net/api/utilities/v1/imageproxy/https://coursera-university-assets.s3.amazonaws.com/bb/16e85962a963ab3546196705d25865/CUBoulder_360x360.png"
  },
  {
    "name": "Proactive Computer Security",
    "level": "Beginner Level",
    "desciption": "I’ve heard this before – “I’m not sure my computer security practices are working”.  I reply “Have you tested them?”  This course is the fourth and final course in the Practical Computer Security specialization.  In this course, you’ll learn how to proactively test what you have put in place to protect your data.  In the first week you’ll be able to discuss the basics of deterrents and how to “trick” attackers into believing they’ve hit a goldmine of data away from your real systems.  In week 2, you’ll be able to understand and discuss the steps of penetration testing methodology.  In week 3, you will be able to understand and apply what you have learned on your own systems to test whether your systems are secure or not.  In week 4, we’ll discuss planning for your own methodology that you can apply to your own systems.  And finally in week 5, we’ll finish up with a project that will allow you to test your skills in a safe environment.",
    "catagory": "Information Technology",
    "subCatagory": "Security",
    "time": "Course 4 of 4 in the",
    "provider": "University of Colorado System",
    "source": "Coursera",
    "Audit": "Free",
    "certificate": "Flexible deadlines",
    "courseLink": "https://www.coursera.org/learn/proactive-computer-security",
    "enrolled": "13,126",
    "rating": 4.7,
    "image": "https://d3njjcbhbojbot.cloudfront.net/api/utilities/v1/imageproxy/https://coursera-university-assets.s3.amazonaws.com/f7/06e620f1a111e38144319a9c8ed320/cu-stand-alone_1_.png"
  },
  {
    "name": "Road to the CISO – Culminating Project Course",
    "level": "Intermediate Level",
    "desciption": "The ultimate destination for a security manager is the Chief Information Security Officer (or Chief Security Officer) a senior executive role responsible for all cybersecurity operations in the organization. But how do you get from entry-level IT or security employee to the CISO’s office and what do you need to know when you get there? This course examines the career path and requirements to be an effective CISO, as well as the roles and responsibilities of the position.",
    "catagory": "Information Technology",
    "subCatagory": "Security",
    "time": "Course 5 of 5 in the",
    "provider": "University System of Georgia",
    "source": "Coursera",
    "Audit": "Free",
    "certificate": "Flexible deadlines",
    "courseLink": "https://www.coursera.org/learn/road-to-ciso",
    "enrolled": "2,921",
    "rating": 5,
    "image": "https://d3njjcbhbojbot.cloudfront.net/api/utilities/v1/imageproxy/https://coursera-university-assets.s3.amazonaws.com/74/2e3bed61bdd472ff2de4270331f6c0/georgia.png"
  },
  {
    "name": "Managing Cybersecurity Incidents and Disasters",
    "level": "Beginner Level",
    "desciption": "Most organizations plan for routine operations, but what happens when unexpected events overtake the routine? This course examines contingency planning used to prepare for and manage non-normal operations, including cybersecurity incidents – like hacking attempts, web site defacement, denial of service attacks, information disclosures; a well as other natural and man-made cybersecurity disasters.",
    "catagory": "Information Technology",
    "subCatagory": "Security",
    "time": "Course 4 of 5 in the",
    "provider": "University System of Georgia",
    "source": "Coursera",
    "Audit": "Free",
    "certificate": "Flexible deadlines",
    "courseLink": "https://www.coursera.org/learn/managing-cybersecurity-incidents-and-disasters",
    "enrolled": "4,639",
    "rating": 4.8,
    "image": "https://d3njjcbhbojbot.cloudfront.net/api/utilities/v1/imageproxy/https://coursera-university-assets.s3.amazonaws.com/74/2e3bed61bdd472ff2de4270331f6c0/georgia.png"
  },
  {
    "name": "The Foundations of Cybersecurity",
    "level": "Beginner Level",
    "desciption": "In order to manage the cybersecurity function business, you must first understand its language and its environment.  This course covers the foundations of cybersecurity, including threats and vulnerabilities as well as the tools, technologies, and strategies used to manage it.",
    "catagory": "Information Technology",
    "subCatagory": "Security",
    "time": "Course 1 of 5 in the",
    "provider": "University System of Georgia",
    "source": "Coursera",
    "Audit": "Free",
    "certificate": "Flexible deadlines",
    "courseLink": "https://www.coursera.org/learn/foundations-cybersecurity",
    "enrolled": "10,467",
    "rating": 4.7,
    "image": "https://d3njjcbhbojbot.cloudfront.net/api/utilities/v1/imageproxy/https://coursera-university-assets.s3.amazonaws.com/74/2e3bed61bdd472ff2de4270331f6c0/georgia.png"
  },
  {
    "name": "Implementing a Risk Management Framework",
    "level": "Intermediate Level",
    "desciption": "The ultimate destination for a security manager is the Chief Information Security Officer (or Chief Security Officer) a senior executive role responsible for all cybersecurity operations in the organization. But how do you get from entry-level IT or security employee to the CISO’s office and what do you need to know when you get there? This course examines the career path and requirements to be an effective CISO, as well as the roles and responsibilities of the position.",
    "catagory": "Information Technology",
    "subCatagory": "Security",
    "time": "Course 4 of 4 in the",
    "provider": "University System of Georgia",
    "source": "Coursera",
    "Audit": "Free",
    "certificate": "Flexible deadlines",
    "courseLink": "https://www.coursera.org/learn/implementingriskmanagementframework",
    "enrolled": "3 hours to complete",
    "rating": "",
    "image": "https://d3njjcbhbojbot.cloudfront.net/api/utilities/v1/imageproxy/https://coursera-university-assets.s3.amazonaws.com/74/2e3bed61bdd472ff2de4270331f6c0/georgia.png"
  },
  {
    "name": "Cybersecurity Job Search and Interviews: Getting Started",
    "level": "Beginner Level",
    "desciption": "Are you planning to have a career in cybersecurity?",
    "catagory": "Information Technology",
    "subCatagory": "Security",
    "time": "Approx. 10 hours to complete",
    "provider": "University System of Georgia",
    "source": "Coursera",
    "Audit": "Free",
    "certificate": "Flexible deadlines",
    "courseLink": "https://www.coursera.org/learn/cybersecurity-jobs",
    "enrolled": "6 minutes to complete",
    "rating": "",
    "image": "https://d3njjcbhbojbot.cloudfront.net/api/utilities/v1/imageproxy/https://coursera-university-assets.s3.amazonaws.com/74/2e3bed61bdd472ff2de4270331f6c0/georgia.png"
  },
  {
    "name": "Logging, Monitoring and Observability in Google Cloud",
    "level": "Beginner Level",
    "desciption": "Learn how to monitor, troubleshoot, and improve your infrastructure and application performance. Guided by the principles of Site Reliability Engineering (SRE), this course features a combination of lectures, demos, hands-on labs, and real-world case studies. In this course, you'll gain experience with full-stack monitoring, real-time log management and analysis, debugging code in production, and profiling CPU and memory usage.",
    "catagory": "Information Technology",
    "subCatagory": "Support and Operations",
    "time": "Course 4 of 5 in the",
    "provider": "Google Cloud",
    "source": "Coursera",
    "Audit": "Free",
    "certificate": "Flexible deadlines",
    "courseLink": "https://www.coursera.org/learn/logging-monitoring-observability-google-cloud",
    "enrolled": "8,012",
    "rating": 4.7,
    "image": "https://d3njjcbhbojbot.cloudfront.net/api/utilities/v1/imageproxy/http://coursera-university-assets.s3.amazonaws.com/4e/c2f4c0f4bb11e69a33576c875f4294/cloud-twitter-avatar.png"
  },
  {
    "name": "Customer Service Fundamentals",
    "level": "Beginner Level",
    "desciption": "There are a growing number of exciting, well-paying jobs in today’s tech industry that do not require a traditional college degree, an one of the hottest areas with high demand is in IT customer service and support. Customer Service is a perfect entry point to start your career in IT, with a multitude of job openings ranging from onsite or remote help desk work to customer care or client support. We can help you get there with the Customer Service Fundamentals course.",
    "catagory": "Information Technology",
    "subCatagory": "Support and Operations",
    "time": "Approx. 24 hours to complete",
    "provider": "Knowledge Accelerators",
    "source": "Coursera",
    "Audit": "Free",
    "certificate": "Flexible deadlines",
    "courseLink": "https://www.coursera.org/learn/customer-service-fundamentals",
    "enrolled": "8,824",
    "rating": 4.8,
    "image": "https://d3njjcbhbojbot.cloudfront.net/api/utilities/v1/imageproxy/http://coursera-university-assets.s3.amazonaws.com/8b/865b183f2f4404a92c401c0105d033/KA_Logo_and_Slogan_PNG_Transparent_360x360px.png"
  },
  {
    "name": "An Introduction to Accessibility and Inclusive Design",
    "level": "Beginner Level",
    "desciption": "This course introduces some of the fundamental principles of accessibility and prepares learners for further study in accessibility and inclusive design. Learners will have an opportunity to explore the major types of disabilities and related assistive technology and adaptive strategies, the most salient contours of the legal landscape, and the major principles that guide universal design and accessible content creation. Spotlight guest videos will highlight firsthand perspectives on disability, as well as topics like disability etiquette, universal design and universal design for learning, accommodation in higher education, campus accessibility policy, and accessibility in a corporate setting.",
    "catagory": "Information Technology",
    "subCatagory": "Support and Operations",
    "time": "Approx. 15 hours to complete",
    "provider": "University of Illinois at Urbana-Champaign",
    "source": "Coursera",
    "Audit": "Free",
    "certificate": "Flexible deadlines",
    "courseLink": "https://www.coursera.org/learn/accessibility",
    "enrolled": "8,591",
    "rating": 4.8,
    "image": "https://d3njjcbhbojbot.cloudfront.net/api/utilities/v1/imageproxy/http://coursera-university-assets.s3.amazonaws.com/d8/42cdc0ab2011e8b910bdf80bed9f6c/CenterILblock-ISQUAREOrangeBackgrnd.png"
  },
  {
    "name": "Enterprise Systems",
    "level": "Not Defined",
    "desciption": "This course provides you with an understanding of what Enterprise Systems (also commonly termed as Enterprise Resource Planning Systems, ERPs) are. After learning about what these systems are, we would touch upon why these systems are useful to companies, through which you would get to see the various jobs and positions that are associated with the use and deployment of ERPs.",
    "catagory": "Information Technology",
    "subCatagory": "Support and Operations",
    "time": "Course 3 of 4 in the",
    "provider": "University of Minnesota",
    "source": "Coursera",
    "Audit": "Free",
    "certificate": "Flexible deadlines",
    "courseLink": "https://www.coursera.org/learn/enterprise-systems",
    "enrolled": "17,895",
    "rating": 4.8,
    "image": "https://d3njjcbhbojbot.cloudfront.net/api/utilities/v1/imageproxy/https://coursera-university-assets.s3.amazonaws.com/75/a144950f75d01464eef8e64003285c/FB-GoldM-maroon.png"
  }
]