[
  {
    "name": "Sign Language Science: Emergence and Evolution of Sign Language",
    "level": "Introductory",
    "desciption": "This course connects the emergence and evolution of signed languages to the history of the people who use these languages. You will learn this concept in depth, especially the legacy and heritage of American Sign Language (ASL).",
    "catagory": "Language Learning",
    "subCatagory": "American Sign Language Science",
    "time": "Estimated 4 weeks",
    "provider": "GeorgetownX",
    "source": "edx",
    "Audit": "Free",
    "certificate": "Optional upgrade available",
    "courseLink": "https://www.edx.org/course/emergence-and-evolution-of-sign-language",
    "enrolled": "9,601 already enrolled! After a course session ends, it will be",
    "rating": 4.7,
    "image": "https://prod-discovery.edx-cdn.org/media/course/image/1077721e-ed0d-4976-8445-a05f603d8cd4-3da09a092f00.small.jpeg"
  },
  {
    "name": "Sign Language Science: Factors Contributing to Nature Structure",
    "level": "Introductory",
    "desciption": "This course details the development of the type of grammar that occurs whenever a group of people develops and uses a signed language.",
    "catagory": "Language Learning",
    "subCatagory": "American Sign Language Science",
    "time": "Estimated 4 weeks",
    "provider": "GeorgetownX",
    "source": "edx",
    "Audit": "Free",
    "certificate": "Optional upgrade available",
    "courseLink": "https://www.edx.org/course/sign-language-factors-contributing-to-natural-stru",
    "enrolled": "After a course session ends, it will be",
    "rating": 4.3,
    "image": "https://prod-discovery.edx-cdn.org/media/course/image/d8baa212-26f8-46bc-a1ef-ba052e3c376f-d0ad84bd2e5a.small.jpeg"
  },
  {
    "name": "Basic Spanish 2: One Step Further",
    "level": "Introductory",
    "desciption": "Beginners course for learners of Spanish that focuses not only on language, but also on cultural aspects, specifically designed for English speakers.",
    "catagory": "Language Learning",
    "subCatagory": "Basic Spanish",
    "time": "Estimated 4 weeks",
    "provider": "UPValenciaX",
    "source": "edx",
    "Audit": "Free",
    "certificate": "Optional upgrade available",
    "courseLink": "https://www.edx.org/course/basic-spanish-2-one-step-further",
    "enrolled": "83,249 already enrolled! After a course session ends, it will be",
    "rating": 4.5,
    "image": "https://prod-discovery.edx-cdn.org/media/course/image/a3f40d71-9a62-489a-8221-d43d6506a232-f8bf497ce6d0.small.jpg"
  },
  {
    "name": "Basic Spanish 3: Getting there",
    "level": "Introductory",
    "desciption": "Beginners course for learners of Spanish that focuses not only on language but also on cultural aspects, specifically designed for English speakers.",
    "catagory": "Language Learning",
    "subCatagory": "Basic Spanish",
    "time": "Estimated 4 weeks",
    "provider": "UPValenciaX",
    "source": "edx",
    "Audit": "Free",
    "certificate": "Optional upgrade available",
    "courseLink": "https://www.edx.org/course/basic-spanish-3-getting-there",
    "enrolled": "26,931 already enrolled! After a course session ends, it will be",
    "rating": 4.4,
    "image": "https://prod-discovery.edx-cdn.org/media/course/image/e2dc9e49-95c6-48d7-affa-b840496bbfff-9d1cc2163fdf.small.jpeg"
  },
  {
    "name": "General Academic English | 生活英语进阶",
    "level": "Introductory",
    "desciption": "Do you want to join in academic communication on international conferences and read academic papers? Join us on a journey in academic English!",
    "catagory": "Language Learning",
    "subCatagory": "English Communication Skills",
    "time": "Estimated 8 weeks",
    "provider": "TsinghuaX",
    "source": "edx",
    "Audit": "Free",
    "certificate": "Optional upgrade available",
    "courseLink": "https://www.edx.org/course/general-academic-englishsheng-huo-ying-yu-jin-jie",
    "enrolled": "28,000 already enrolled! After a course session ends, it will be",
    "rating": 4.2,
    "image": "https://prod-discovery.edx-cdn.org/media/course/image/6078a341-6f48-4ec1-8e67-c48809734de5-a8de0c214c9f.small.png"
  },
  {
    "name": "Using Email for Networking in English",
    "level": "Introductory",
    "desciption": "Improve your writing skills. Write effective emails including great subject lines, greetings, and closings. You’ll be more confident as you communicate for business, send messages, expand your network, and search for jobs in English.",
    "catagory": "Language Learning",
    "subCatagory": "English for Business Networking",
    "time": "Estimated 4 weeks",
    "provider": "UWashingtonX",
    "source": "edx",
    "Audit": "Free",
    "certificate": "Optional upgrade available",
    "courseLink": "https://www.edx.org/course/using-email-for-networking-in-english",
    "enrolled": "79,107 already enrolled! After a course session ends, it will be",
    "rating": 4.2,
    "image": "https://prod-discovery.edx-cdn.org/media/course/image/311c2dc1-ec6c-4e97-8e96-83875f47229d-69432789d471.small.jpg"
  },
  {
    "name": "Attending a Networking Event",
    "level": "Introductory",
    "desciption": "Improve your ability to meet new people. Learn to give an “elevator pitch” (speech) to introduce yourself to new people and to highlight your key qualities. Make connections with people and use your skills to attend a networking event.",
    "catagory": "Language Learning",
    "subCatagory": "English for Business Networking",
    "time": "Estimated 8 weeks",
    "provider": "UWashingtonX",
    "source": "edx",
    "Audit": "Free",
    "certificate": "Optional upgrade available",
    "courseLink": "https://www.edx.org/course/attending-a-networking-event",
    "enrolled": "14,386 already enrolled! After a course session ends, it will be",
    "rating": 4.2,
    "image": "https://prod-discovery.edx-cdn.org/media/course/image/80ec23a3-ea03-4c26-b88c-1e923ba5902a-0a3cd71f4e4e.small.jpg"
  },
  {
    "name": "Preparing to Network in English",
    "level": "Introductory",
    "desciption": "Learn the basics of networking while you grow your social network and professional connections. Practice speaking to improve your English language skills for increased success in job hunting.",
    "catagory": "Language Learning",
    "subCatagory": "English for Business Networking",
    "time": "Estimated 6 weeks",
    "provider": "UWashingtonX",
    "source": "edx",
    "Audit": "Free",
    "certificate": "Optional upgrade available",
    "courseLink": "https://www.edx.org/course/preparing-to-network-in-english",
    "enrolled": "52,216 already enrolled! After a course session ends, it will be",
    "rating": 4.8,
    "image": "https://prod-discovery.edx-cdn.org/media/course/image/84960556-7bfe-4c56-9a91-7bf53ac97d23-0f14f36f6c69.small.jpg"
  },
  {
    "name": "Conducting an Informational Interview",
    "level": "Introductory",
    "desciption": "This is the capstone networking course. Put all the skills that you have learned into practice. You’ll introduce yourself, write effective email, highlight your best qualities, and conduct an informational interview with a person of your choice.",
    "catagory": "Language Learning",
    "subCatagory": "English for Business Networking",
    "time": "Estimated 8 weeks",
    "provider": "UWashingtonX",
    "source": "edx",
    "Audit": "Free",
    "certificate": "Optional upgrade available",
    "courseLink": "https://www.edx.org/course/conducting-an-informational-interview",
    "enrolled": "17,673 already enrolled! After a course session ends, it will be",
    "rating": 5,
    "image": "https://prod-discovery.edx-cdn.org/media/course/image/d0b087ce-727a-4456-b57a-792dd0c67ead-912526b545f7.small.jpg"
  },
  {
    "name": "Teach English Now! Capstone Project 2",
    "level": "Beginner Level",
    "desciption": "In the final Capstone Project, you will apply the skills you learned by doing practice teaching.  You will build on your assignments from the previous courses to refine your lesson plans and video-tape yourself presenting the lesson.  You will submit a total of ten videos.  If you have completed Teach English Now! Part 1 and Teach English Now! Part 2, you will submit your work for expert review to receive your ASU 150-hour TESOL Certificate from ASU, in addition to your Coursera certificates.",
    "catagory": "Language Learning",
    "subCatagory": "Learning English",
    "time": "Approx. 25 hours to complete",
    "provider": "Arizona State University",
    "source": "Coursera",
    "Audit": "Free",
    "certificate": "Flexible deadlines",
    "courseLink": "https://www.coursera.org/learn/teaching-english-capstone-2",
    "enrolled": "11,784",
    "rating": 4.9,
    "image": "https://d3njjcbhbojbot.cloudfront.net/api/utilities/v1/imageproxy/https://coursera-university-assets.s3.amazonaws.com/be/bf4290646811e5b6de89a29eb8ebc3/ASUlogo.png"
  },
  {
    "name": "Teach English Now! Technology Enriched Teaching",
    "level": "Beginner Level",
    "desciption": "This course focuses on the key concepts you need in order to effectively integrate technology into your teaching, without letting it overshadow language learning. Discover current and future trends in educational technology, along with strategies for implementing these trends in the classroom and beyond. As technology is continually evolving, learn how to keep up on current technological applications through professional development networks and training opportunities.",
    "catagory": "Language Learning",
    "subCatagory": "Learning English",
    "time": "Approx. 19 hours to complete",
    "provider": "Arizona State University",
    "source": "Coursera",
    "Audit": "Free",
    "certificate": "Flexible deadlines",
    "courseLink": "https://www.coursera.org/learn/tesol-technology",
    "enrolled": "30,737",
    "rating": 4.9,
    "image": "https://d3njjcbhbojbot.cloudfront.net/api/utilities/v1/imageproxy/https://coursera-university-assets.s3.amazonaws.com/be/bf4290646811e5b6de89a29eb8ebc3/ASUlogo.png"
  },
  {
    "name": "Business English: Finance and Economics",
    "level": "Intermediate Level",
    "desciption": "Do you work in finance or interact with finance professionals? Is it necessary to speak, write or understand English in your career? Follow the authentic characters in this course as they work through common business situations in finance and economics. Learn from your successes and failure, and think critically about your own communication options. After taking this course, you will be able to read and create efficient e-mails, reports, and impactful presentations with words and phrases commonly used in finance and economics. Communicate clearly under pressure utilizing recently learned strategies, and obtain immediate feedback about the efficiency of your business communication skills in English from other finance professionals around the world! Gain the English communication skills that you desire and that global managers expect.",
    "catagory": "Language Learning",
    "subCatagory": "Learning English",
    "time": "Course 2 of 4 in the",
    "provider": "Arizona State University",
    "source": "Coursera",
    "Audit": "Free",
    "certificate": "Flexible deadlines",
    "courseLink": "https://www.coursera.org/learn/finance-economics-english",
    "enrolled": "31,061",
    "rating": 4.7,
    "image": "https://d3njjcbhbojbot.cloudfront.net/api/utilities/v1/imageproxy/https://coursera-university-assets.s3.amazonaws.com/be/bf4290646811e5b6de89a29eb8ebc3/ASUlogo.png"
  },
  {
    "name": "Business English: Marketing and Sales",
    "level": "Intermediate Level",
    "desciption": "If you work in marketing, sales, or advertising, you already know that effective communication is a requirement. This can be even more difficult when expressing your ideas in a persuasive manner in English.  In this course, you will learn to use English more efficiently while joining successful global professionals around the world. Develop your skills along with authentic characters that work in marketing and also work hard to improve their communication skills. Learn from your successes and failures, reflect on your own style, strengths, and improvement areas. After taking this course, you will be able to:",
    "catagory": "Language Learning",
    "subCatagory": "Learning English",
    "time": "Course 3 of 4 in the",
    "provider": "Arizona State University",
    "source": "Coursera",
    "Audit": "Free",
    "certificate": "Flexible deadlines",
    "courseLink": "https://www.coursera.org/learn/marketing-sales-english",
    "enrolled": "38,007",
    "rating": 4.7,
    "image": "https://d3njjcbhbojbot.cloudfront.net/api/utilities/v1/imageproxy/https://coursera-university-assets.s3.amazonaws.com/be/bf4290646811e5b6de89a29eb8ebc3/ASUlogo.png"
  },
  {
    "name": "Teach English Now! Second Language Listening, Speaking, and Pronunciation",
    "level": "Beginner Level",
    "desciption": "In this course, you will be introduced to some of the challenges of teaching and learning listening and speaking, such as paralinguistics, performance variables, reduced and regional forms, and differing types of oral discourse. Don't worry--you'll learn what those mean, too! Then you'll learn how to ease the acquisition of listening and speaking for your students. The course also highlights the powerful opportunity to include pronunciation in listening and speaking classes and offers strategies to incorporate pronunciation activities.",
    "catagory": "Language Learning",
    "subCatagory": "Learning English",
    "time": "Approx. 19 hours to complete",
    "provider": "Arizona State University",
    "source": "Coursera",
    "Audit": "Free",
    "certificate": "Flexible deadlines",
    "courseLink": "https://www.coursera.org/learn/tesol-speaking",
    "enrolled": "54,400",
    "rating": 4.9,
    "image": "https://d3njjcbhbojbot.cloudfront.net/api/utilities/v1/imageproxy/https://coursera-university-assets.s3.amazonaws.com/be/bf4290646811e5b6de89a29eb8ebc3/ASUlogo.png"
  },
  {
    "name": "Business English: Management and Leadership",
    "level": "Intermediate Level",
    "desciption": "Are you a business executive or a manager who uses English in your career? Then you know that good business communication in English requires focus, vocabulary, and specific linguistic structures. In this course, you will follow along a recently promoted manager as she builds and leads her team to success. Together, you will practice the language and styles of communication  needed in English for",
    "catagory": "Language Learning",
    "subCatagory": "Learning English",
    "time": "Course 1 of 4 in the",
    "provider": "Arizona State University",
    "source": "Coursera",
    "Audit": "Free",
    "certificate": "Flexible deadlines",
    "courseLink": "https://www.coursera.org/learn/management-leadership-english",
    "enrolled": "55,737",
    "rating": 4.8,
    "image": "https://d3njjcbhbojbot.cloudfront.net/api/utilities/v1/imageproxy/https://coursera-university-assets.s3.amazonaws.com/be/bf4290646811e5b6de89a29eb8ebc3/ASUlogo.png"
  },
  {
    "name": "Teach English Now! Second Language Reading, Writing, and Grammar",
    "level": "Beginner Level",
    "desciption": "In this course, you will learn ideas for teaching reading and writing courses, and how to include grammar instruction within them.  Learn how to help students with differing types of reading problems and how to implement both intensive and extensive reading strategies.  Learn strategies to engage students in the stages of writing--pre-writing, writing, and post-writing.  Find out about different writing problems that students may encounter.  Incorporate grammar through the use of noticing and input enhancement.",
    "catagory": "Language Learning",
    "subCatagory": "Learning English",
    "time": "Approx. 21 hours to complete",
    "provider": "Arizona State University",
    "source": "Coursera",
    "Audit": "Free",
    "certificate": "Flexible deadlines",
    "courseLink": "https://www.coursera.org/learn/tesol-writing",
    "enrolled": "72,421",
    "rating": 4.9,
    "image": "https://d3njjcbhbojbot.cloudfront.net/api/utilities/v1/imageproxy/https://coursera-university-assets.s3.amazonaws.com/be/bf4290646811e5b6de89a29eb8ebc3/ASUlogo.png"
  },
  {
    "name": "Build Your Professional ePortfolio in English",
    "level": "Not Defined",
    "desciption": "Roughly half of the world’s population is already online and so setting yourself apart from the crowd is more important than ever before.  One of the best ways to do that is by creating your own ePortfolio.  An ePortfolio is a site that showcases or shows your background, your resume, and samples of your work.  In this course, you will learn step by step how to build the site and you’ll learn the grammar, vocabulary and writing skills needed to create it.  You will learn how to apply information from your ePortfolio to other online tools like LinkedIn, Twitter, Instagram and YouTube in order to network with others so that you get a job or connect with other professionals.  For each step in that process, you will listen to lectures, take comprehension quizzes, and learn how to use English appropriately to each part of your site.  You will also complete self and peer assessments and gain the needed skills to make your ePortfolio a reality and establish yourself online.",
    "catagory": "Language Learning",
    "subCatagory": "Learning English",
    "time": "Course 3 of 4 in the",
    "provider": "Georgia Institute of Technology",
    "source": "Coursera",
    "Audit": "Free",
    "certificate": "Flexible deadlines",
    "courseLink": "https://www.coursera.org/learn/eportfolio-english",
    "enrolled": "82,872",
    "rating": 4.7,
    "image": "https://d3njjcbhbojbot.cloudfront.net/api/utilities/v1/imageproxy/https://coursera-university-assets.s3.amazonaws.com/a5/b9f3b0ed1911e4b974a91400b6b11f/Yellow-GT-logo-360x360.png"
  },
  {
    "name": "Big data and Language 1",
    "level": "Beginner Level",
    "desciption": "In this course, students will understand characteristics of language through big data. Students will learn how to collect and analyze big data, and find linguistic features from the data. A number of approaches to the linguistic analysis of written and spoken texts will be discussed.",
    "catagory": "Language Learning",
    "subCatagory": "Learning English",
    "time": "Approx. 4 hours to complete",
    "provider": "Korea Advanced Institute of Science and Technology(KAIST)",
    "source": "Coursera",
    "Audit": "Free",
    "certificate": "Flexible deadlines",
    "courseLink": "https://www.coursera.org/learn/big-data-language-1",
    "enrolled": "5,041",
    "rating": 4.5,
    "image": "https://d3njjcbhbojbot.cloudfront.net/api/utilities/v1/imageproxy/https://coursera-university-assets.s3.amazonaws.com/8a/21f6206ef211e4a748b17946e50bcf/__-__-1.png"
  },
  {
    "name": "Grant Proposal",
    "level": "Intermediate Level",
    "desciption": "The course provides guidance on developing a strong application that will allow reviewers to better evaluate the science and merit of your proposal. You will learn how to put your ideas into proper words, arrange a clear and concise paper and search grant market for potential funder. You will also learn how to react to negative feedback from reviewers and resubmit your proposal. The course focuses on useful project management tools and possible budget pitfalls.",
    "catagory": "Language Learning",
    "subCatagory": "Learning English",
    "time": "Approx. 18 hours to complete",
    "provider": "Moscow Institute of Physics and Technology",
    "source": "Coursera",
    "Audit": "Free",
    "certificate": "Flexible deadlines",
    "courseLink": "https://www.coursera.org/learn/grant-proposal",
    "enrolled": "15,136",
    "rating": 4.5,
    "image": "https://d3njjcbhbojbot.cloudfront.net/api/utilities/v1/imageproxy/https://coursera-university-assets.s3.amazonaws.com/48/291dfd1736174fa3dc51726f58884c/logo_square400x400eng_notext_inv.png"
  },
  {
    "name": "Translation in Practice",
    "level": "Beginner Level",
    "desciption": "This course offers you basic but valuable techniques used by a good translator in the translation between English and Chinese. We’ll discuss what is translation, what is good translation, and learn about how to produce good translations.",
    "catagory": "Language Learning",
    "subCatagory": "Learning English",
    "time": "Approx. 23 hours to complete",
    "provider": "Nanjing University",
    "source": "Coursera",
    "Audit": "Free",
    "certificate": "Flexible deadlines",
    "courseLink": "https://www.coursera.org/learn/translation-in-practice",
    "enrolled": "22,633",
    "rating": 4.2,
    "image": "https://d3njjcbhbojbot.cloudfront.net/api/utilities/v1/imageproxy/https://coursera-university-assets.s3.amazonaws.com/05/b6a640398411e4b1d2891705d795a0/Square-logo-for-university-page---Nanjing.png"
  },
  {
    "name": "English Language Teaching: Classroom Management",
    "level": "Beginner Level",
    "desciption": "The course will introduce students to important aspects of classroom management: class size and mixed abilities, grouping students, and error correction and feedback. It will look at how teaching a large class differs from teaching one-to-one, how to teach different content, and issues in teaching different students and special educational needs (SENs). Students will be exposed to ways of organizing whole-class work, pair work and group work, and individualized work. Finally, the course will cover different types of students’ errors and how to deal with them, how to deliver supportive feedback, and ways of providing feedback for both written and spoken English. By the end of the course, students will have a fuller understanding of classroom management in English Language Teaching.",
    "catagory": "Language Learning",
    "subCatagory": "Learning English",
    "time": "Approx. 11 hours to complete",
    "provider": "National Research Tomsk State University",
    "source": "Coursera",
    "Audit": "Free",
    "certificate": "Flexible deadlines",
    "courseLink": "https://www.coursera.org/learn/english-language-teaching-classroom-management",
    "enrolled": "1 hour to complete",
    "rating": "",
    "image": "https://d3njjcbhbojbot.cloudfront.net/api/utilities/v1/imageproxy/https://coursera-university-assets.s3.amazonaws.com/6b/43429059de11e58c5b5104eb6e83b9/TSU2-01.png"
  },
  {
    "name": "English Language Teaching: An Introduction",
    "level": "Beginner Level",
    "desciption": "The course will introduce students to basic concepts and issues in English Language Teaching. It will explore the history of ELT, mainstream approaches and new trends. Students will be familiarized with such methodologies as Grammar Translation, Audiolingualism, Presentation, Practice and Production, Communication Language Teaching, Task-based Learning, and Content and Language Integrated Learning as well as alternative methods and approaches such as Storyline and Dogme ELT. Students will examine English as an International Language, the Common European Framework of Reference and also developments in English Language Teaching as a Profession such as the qualifications and professional development needed to be a teacher. Finally, the course will consider implications for ELT such as lifelong learning, digital literacy and teaching English online. By the end of the course, students will have a fuller understanding of English Language Teaching and current issues in the sphere.",
    "catagory": "Language Learning",
    "subCatagory": "Learning English",
    "time": "Approx. 12 hours to complete",
    "provider": "National Research Tomsk State University",
    "source": "Coursera",
    "Audit": "Free",
    "certificate": "Flexible deadlines",
    "courseLink": "https://www.coursera.org/learn/english-language-teaching-an-introduction",
    "enrolled": "1 hour to complete",
    "rating": "",
    "image": "https://d3njjcbhbojbot.cloudfront.net/api/utilities/v1/imageproxy/https://coursera-university-assets.s3.amazonaws.com/6b/43429059de11e58c5b5104eb6e83b9/TSU2-01.png"
  },
  {
    "name": "English Language Teaching: Materials and Planning",
    "level": "Beginner Level",
    "desciption": "The course will introduce students to important aspects of materials and planning: using coursebooks, adapting & supplementing materials, and lesson planning. It will explore both the advantages and disadvantages of coursebooks, and how to approach choosing and evaluating coursebooks. Students will examine the rationale behind adapting and supplementing materials, what to consider in terms of adapting materials, and how to supplement materials in practice. Finally, the course will focus on different perspectives on a lesson, how to determine lesson aims and content, and how to sequence lesson components effectively. By the end of the course, students will have a fuller understanding of materials and planning in English Language Teaching.",
    "catagory": "Language Learning",
    "subCatagory": "Learning English",
    "time": "Approx. 15 hours to complete",
    "provider": "National Research Tomsk State University",
    "source": "Coursera",
    "Audit": "Free",
    "certificate": "Flexible deadlines",
    "courseLink": "https://www.coursera.org/learn/english-language-teaching-materials-and-planning",
    "enrolled": "1 hour to complete",
    "rating": "",
    "image": "https://d3njjcbhbojbot.cloudfront.net/api/utilities/v1/imageproxy/https://coursera-university-assets.s3.amazonaws.com/6b/43429059de11e58c5b5104eb6e83b9/TSU2-01.png"
  },
  {
    "name": "English for Common Interactions in the Workplace: Basic Level",
    "level": "Not Defined",
    "desciption": "In a professional environment, we’re often faced with the need to respond appropriately according to what the situation calls for, whether it be related to situations in daily life or the workplace.",
    "catagory": "Language Learning",
    "subCatagory": "Learning English",
    "time": "Approx. 8 hours to complete",
    "provider": "Pontificia Universidad Católica de Chile",
    "source": "Coursera",
    "Audit": "Free",
    "certificate": "Flexible deadlines",
    "courseLink": "https://www.coursera.org/learn/english-common-interactions-workplace-basic-level",
    "enrolled": "77,030",
    "rating": 4.7,
    "image": "https://d3njjcbhbojbot.cloudfront.net/api/utilities/v1/imageproxy/https://coursera-university-assets.s3.amazonaws.com/89/d0ddf06ad611e4b53d95ff03ce5aa7/360px.png"
  },
  {
    "name": "The amazing world of the ethnic groups of Yunnan Province",
    "level": "Intermediate Level",
    "desciption": "Yunnan, abbreviated as Yun and called Dian for short, is a multi-ethnic province which has historically been situated in the southwest frontier of China. Over time, the ethnic minorities evolved into splendid cultures, each with their own unique social life, religious beliefs and customs. The course is taught in English and provides an introduction to 25 ethnic minorities in Yunnan Province, namely the Yi, Bai, Hani, Dai, Zhuang, Miao, Hui, Lisu, Lahu, Wa, Naxi, Yao, Jingpo, Tibetan, Bulang, Buyi, Achang, Pumi, Mongolian, Nu, Jinuo, De'ang, Shui, Man and Dulong nationalities. By participating in this course, you will gain fascinating insights into the culture of each ethnic group as we look in turn together at their geographical location, population distribution, language, costumes and diet, festivals and holidays, religious beliefs, literature and art, etc. This course aims to improve your English and bring these amazing people groups in Yunnan Province to life. we are sure you will thoroughly enjoy this course.",
    "catagory": "Language Learning",
    "subCatagory": "Learning English",
    "time": "Approx. 18 hours to complete",
    "provider": "Shanghai Jiao Tong University",
    "source": "Coursera",
    "Audit": "Free",
    "certificate": "Flexible deadlines",
    "courseLink": "https://www.coursera.org/learn/ethnic-yunnan",
    "enrolled": "3 hours to complete",
    "rating": "",
    "image": "https://d3njjcbhbojbot.cloudfront.net/api/utilities/v1/imageproxy/https://coursera-university-assets.s3.amazonaws.com/18/8ae455893dd9386c855414acf90ed8/________.png"
  },
  {
    "name": "Business English for Cross-cultural Communication",
    "level": "Not Defined",
    "desciption": "This course aims to prepare you for working in an cross-cultural Business setting. We'll learn about common cross-cultural theories and how they are relevant to everyday business practices in a globalised world. By combining all of your vocabulary, reading, speaking, and writing skills that you acquired in the previous three courses, you will learn how language plays an important role in cross-cultural communication. You will also enhance your cross-cultural understanding and will be able to use vocabulary, tone and style, and spoken and written communication skills within a cross-cultural Business context. Skills learned in this course help prepare you to deliver the professional business presentation in the Capstone project.",
    "catagory": "Language Learning",
    "subCatagory": "Learning English",
    "time": "Course 4 of 5 in the",
    "provider": "The Hong Kong University of Science and Technology",
    "source": "Coursera",
    "Audit": "Free",
    "certificate": "Flexible deadlines",
    "courseLink": "https://www.coursera.org/learn/cross-cultural-communication-business",
    "enrolled": "24,346",
    "rating": 4.7,
    "image": "https://d3njjcbhbojbot.cloudfront.net/api/utilities/v1/imageproxy/https://coursera-university-assets.s3.amazonaws.com/3a/37974779f7ad2a04626183c2f8951b/ustLogo.png"
  },
  {
    "name": "Business English: Basics",
    "level": "Not Defined",
    "desciption": "This course aims to improve your Business English language skills by developing your vocabulary and reading skills and your understanding of tone, style and knowledge of communication methods. We'll also cover how these language skills can enhance audience analysis, business case analysis and basic business communication strategies. Skills learned in this course will often be referred to and needed to complete the speaking, writing and cross-cultural communications courses of this Specialization.",
    "catagory": "Language Learning",
    "subCatagory": "Learning English",
    "time": "Course 1 of 5 in the",
    "provider": "The Hong Kong University of Science and Technology",
    "source": "Coursera",
    "Audit": "Free",
    "certificate": "Flexible deadlines",
    "courseLink": "https://www.coursera.org/learn/business-english",
    "enrolled": "102,073",
    "rating": 4.5,
    "image": "https://d3njjcbhbojbot.cloudfront.net/api/utilities/v1/imageproxy/https://coursera-university-assets.s3.amazonaws.com/3a/37974779f7ad2a04626183c2f8951b/ustLogo.png"
  },
  {
    "name": "English for Effective Business Speaking",
    "level": "Not Defined",
    "desciption": "This course aims to improve your Business English speaking skills by developing your use of vocabulary, grammar, pronunciation, spoken communication skills within a Business context, and your ability to deliver professional business speeches for specific purposes. Skills learned in this course will be used in the cross-cultural communications course and help prepare you to deliver the professional business presentation in the Capstone project.",
    "catagory": "Language Learning",
    "subCatagory": "Learning English",
    "time": "Course 3 of 5 in the",
    "provider": "The Hong Kong University of Science and Technology",
    "source": "Coursera",
    "Audit": "Free",
    "certificate": "Flexible deadlines",
    "courseLink": "https://www.coursera.org/learn/business-english-vocabulary",
    "enrolled": "107,437",
    "rating": 4.6,
    "image": "https://d3njjcbhbojbot.cloudfront.net/api/utilities/v1/imageproxy/https://coursera-university-assets.s3.amazonaws.com/3a/37974779f7ad2a04626183c2f8951b/ustLogo.png"
  },
  {
    "name": "English for Teaching Purposes",
    "level": "Not Defined",
    "desciption": "Thinking about teaching your university subject in English but it’s not the Language you normally use?",
    "catagory": "Language Learning",
    "subCatagory": "Learning English",
    "time": "Approx. 13 hours to complete",
    "provider": "Universitat Autònoma de Barcelona",
    "source": "Coursera",
    "Audit": "Free",
    "certificate": "Flexible deadlines",
    "courseLink": "https://www.coursera.org/learn/teaching-english",
    "enrolled": "70,498",
    "rating": 4.7,
    "image": "https://d3njjcbhbojbot.cloudfront.net/api/utilities/v1/imageproxy/http://coursera-university-assets.s3.amazonaws.com/17/92e470e1d011e89f11d9841245921d/logo-UAB-quadrat.png"
  },
  {
    "name": "Teaching Intermediate Grammar Project",
    "level": "Intermediate Level",
    "desciption": "This is the final project for the Teach English: Intermediate Grammar specialization. You should have basic knowledge of intermediate grammar and teaching methodology in order to complete this course. In this course, you will create a portfolio including all of the following for one specific intermediate grammar point: a lesson plan for the grammar point, a video of yourself introducing the grammar point, two related practice exercises or activities with handouts, an informal assessment, and a formal assessment with answer key. To do this, you will put into practice all of the skills that you have learned in the previous three courses. Finally, you will share your portfolio with other learners to demonstrate the skills you have learned and receive feedback, and you will get the chance to learn from others as you give them feedback on their portfolios. After you complete this course, you will have the skills you need to effectively create your own lesson plans, practice exercises and assessments needed to teach grammar to intermediate-level students.",
    "catagory": "Language Learning",
    "subCatagory": "Learning English",
    "time": "Course 4 of 4 in the",
    "provider": "University of California, Irvine",
    "source": "Coursera",
    "Audit": "Free",
    "certificate": "Flexible deadlines",
    "courseLink": "https://www.coursera.org/learn/teaching-english-grammar-project",
    "enrolled": "1,510",
    "rating": "",
    "image": "https://d3njjcbhbojbot.cloudfront.net/api/utilities/v1/imageproxy/https://coursera-university-assets.s3.amazonaws.com/39/31c7a00bb411e4b2adb7c560fb2da9/UCI_MB_PI_WM_300x300_YellowonBlue.png"
  },
  {
    "name": "TOEFL Test-Taking Strategies",
    "level": "Not Defined",
    "desciption": "This course prepares non-native speakers of English to take the TOEFL iBT exam by providing helpful tips and proven techniques for successfully completing the reading, listening, speaking, and writing sections of the iBT. In this course, you will learn a variety of strategies such as note-taking, using templates, and analyzing speech patterns, and you will review many sample questions and responses.",
    "catagory": "Language Learning",
    "subCatagory": "Learning English",
    "time": "Course 3 of 3 in the",
    "provider": "University of California, Irvine",
    "source": "Coursera",
    "Audit": "Free",
    "certificate": "Flexible deadlines",
    "courseLink": "https://www.coursera.org/learn/toefl-test-taking-strategies",
    "enrolled": "1,540",
    "rating": 4.9,
    "image": "https://d3njjcbhbojbot.cloudfront.net/api/utilities/v1/imageproxy/https://coursera-university-assets.s3.amazonaws.com/39/31c7a00bb411e4b2adb7c560fb2da9/UCI_MB_PI_WM_300x300_YellowonBlue.png"
  },
  {
    "name": "Learn English: Beginning Grammar Specialization",
    "level": "Beginner Level",
    "desciption": "Start Learning English Today. Use beginning-level English grammar with confidence.",
    "catagory": "Language Learning",
    "subCatagory": "Learning English",
    "time": "Approximately 3 months to complete",
    "provider": "University of California, Irvine",
    "source": "Coursera",
    "Audit": "Paid",
    "certificate": "Shareable Certificate",
    "courseLink": "https://www.coursera.org/specializations/learn-english-beginning-grammar",
    "enrolled": "3,776",
    "rating": 4.8,
    "image": "https://d3njjcbhbojbot.cloudfront.net/api/utilities/v1/imageproxy/https://coursera-university-assets.s3.amazonaws.com/39/31c7a00bb411e4b2adb7c560fb2da9/UCI_MB_PI_WM_300x300_YellowonBlue.png"
  },
  {
    "name": "Word Forms and Simple Present Tense",
    "level": "Beginner Level",
    "desciption": "In this course, “Word Forms and Simple Present Tense,” you will learn about different word forms, like nouns, proper nouns, plural forms and singular forms. You will learn when to use the articles “a” and “an.” You will also learn about the BE verb in English, how to form it and when to use it. Then you will learn how to form other verbs in the simple present, including some spelling rules, and how to make negative forms.",
    "catagory": "Language Learning",
    "subCatagory": "Learning English",
    "time": "Course 1 of 3 in the",
    "provider": "University of California, Irvine",
    "source": "Coursera",
    "Audit": "Free",
    "certificate": "Flexible deadlines",
    "courseLink": "https://www.coursera.org/learn/word-forms-simple-present-tense",
    "enrolled": "5,287",
    "rating": 4.8,
    "image": "https://d3njjcbhbojbot.cloudfront.net/api/utilities/v1/imageproxy/https://coursera-university-assets.s3.amazonaws.com/39/31c7a00bb411e4b2adb7c560fb2da9/UCI_MB_PI_WM_300x300_YellowonBlue.png"
  },
  {
    "name": "TOEFL Reading and Listening Sections Skills Mastery",
    "level": "Not Defined",
    "desciption": "This course prepares non-native speakers of English to take the reading and listening sections of the TOEFL iBT exam. This course takes a close look at every type of listening and reading question that you may encounter on the test and provides effective strategies for tackling each type. Expanding your vocabulary, a critical part of improving your overall skills in English, is another focal point of this course.",
    "catagory": "Language Learning",
    "subCatagory": "Learning English",
    "time": "Course 1 of 3 in the",
    "provider": "University of California, Irvine",
    "source": "Coursera",
    "Audit": "Free",
    "certificate": "Flexible deadlines",
    "courseLink": "https://www.coursera.org/learn/toefl-reading-listening-sections-skills-mastery",
    "enrolled": "5,761",
    "rating": 4.5,
    "image": "https://d3njjcbhbojbot.cloudfront.net/api/utilities/v1/imageproxy/https://coursera-university-assets.s3.amazonaws.com/39/31c7a00bb411e4b2adb7c560fb2da9/UCI_MB_PI_WM_300x300_YellowonBlue.png"
  },
  {
    "name": "The Music of American English Pronunciation",
    "level": "Beginner Level",
    "desciption": "In this third course of The Pronunciation of American English specialization, you will learn and practice the \"music\" of American English, the features of pronunciation such as stress, rhythm, and intonation that will help improve your listening comprehension as well as your ability to communicate more clearly. Each week you will receive practical advice from successful English learners and practice an effective technique called shadowing to improve your pronunciation of the musical features of English.  You will also have opportunities to record yourself and to respond to the recordings of other learners.",
    "catagory": "Language Learning",
    "subCatagory": "Learning English",
    "time": "Course 3 of 4 in the",
    "provider": "University of California, Irvine",
    "source": "Coursera",
    "Audit": "Free",
    "certificate": "Flexible deadlines",
    "courseLink": "https://www.coursera.org/learn/american-english-pronunciation-music",
    "enrolled": "8,012",
    "rating": 4.9,
    "image": "https://d3njjcbhbojbot.cloudfront.net/api/utilities/v1/imageproxy/https://coursera-university-assets.s3.amazonaws.com/39/31c7a00bb411e4b2adb7c560fb2da9/UCI_MB_PI_WM_300x300_YellowonBlue.png"
  },
  {
    "name": "Advanced Grammar & Punctuation Project",
    "level": "Advanced Level",
    "desciption": "If you have taken the three courses in this specialization, you have learned a lot of grammar in the past few months. This will be a big help to your studies or your career. This project will help you process what you've learned and help you remember it forever. In this course, you will create a grammar portfolio of the difficult or interesting English grammatical structures that you studied in the previous courses. Your portfolio will include several items that you create, such as two scripts that you will write, in which you showcase proper use of grammar points you've learned. You will then record a video performing each script and using the grammar. You can record these two videos alone or with friends. You can be creative and make funny skits like your teachers did in all of the fun videos you watched in this specialization or use your own creative style. The items you create for your portfolio will help you review the material you've learned and will be a memorable project that you can keep with you long after this course ends.",
    "catagory": "Language Learning",
    "subCatagory": "Learning English",
    "time": "Course 4 of 4 in the",
    "provider": "University of California, Irvine",
    "source": "Coursera",
    "Audit": "Free",
    "certificate": "Flexible deadlines",
    "courseLink": "https://www.coursera.org/learn/advanced-grammar-project",
    "enrolled": "8,507",
    "rating": 4.7,
    "image": "https://d3njjcbhbojbot.cloudfront.net/api/utilities/v1/imageproxy/https://coursera-university-assets.s3.amazonaws.com/39/31c7a00bb411e4b2adb7c560fb2da9/UCI_MB_PI_WM_300x300_YellowonBlue.png"
  },
  {
    "name": "Intermediate Grammar Project",
    "level": "Intermediate Level",
    "desciption": "If you have taken the three courses in this specialization, you have learned a lot of grammar in the last few months. This will be a big help to your studies or your career. This capstone project will help you process what you've learned and help you remember it forever. You will create a grammar scrapbook of the difficult or interesting English grammatical structures that you studied in the specialization. You will choose a multi-media tool of your choice, such as video or e-book, to showcase proper use of the grammar. You will also give authentic examples of the grammar found in articles, movies, or songs to make the scrapbook interesting. This will be a scrapbook that you can keep with you long after this specialization ends.",
    "catagory": "Language Learning",
    "subCatagory": "Learning English",
    "time": "Course 4 of 4 in the",
    "provider": "University of California, Irvine",
    "source": "Coursera",
    "Audit": "Free",
    "certificate": "Flexible deadlines",
    "courseLink": "https://www.coursera.org/learn/intermediate-grammar-capstone",
    "enrolled": "10,916",
    "rating": 4.8,
    "image": "https://d3njjcbhbojbot.cloudfront.net/api/utilities/v1/imageproxy/https://coursera-university-assets.s3.amazonaws.com/39/31c7a00bb411e4b2adb7c560fb2da9/UCI_MB_PI_WM_300x300_YellowonBlue.png"
  },
  {
    "name": "Tricky English Grammar",
    "level": "Not Defined",
    "desciption": "English is a difficult language to learn because of its many obscure grammatical rules, which are fairly easy to mess up--even for native speakers. While it’s easy for non-native speakers to get overwhelmed by confusing grammar rules, in this course, we'll provide you with tips that will help you understand the rules more easily and give you lots of practice with the tricky grammar of everyday English.",
    "catagory": "Language Learning",
    "subCatagory": "Learning English",
    "time": "Course 3 of 4 in the",
    "provider": "University of California, Irvine",
    "source": "Coursera",
    "Audit": "Free",
    "certificate": "Flexible deadlines",
    "courseLink": "https://www.coursera.org/learn/tricky-english-grammar",
    "enrolled": "93,043",
    "rating": 4.8,
    "image": "https://d3njjcbhbojbot.cloudfront.net/api/utilities/v1/imageproxy/https://coursera-university-assets.s3.amazonaws.com/39/31c7a00bb411e4b2adb7c560fb2da9/UCI_MB_PI_WM_300x300_YellowonBlue.png"
  },
  {
    "name": "Tricky American English Pronunciation",
    "level": "Beginner Level",
    "desciption": "In this course, you’ll practice the sounds of American English that might sometimes be confusing. You'll practice both consonant and vowel sounds. You’ll also learn about the things that give English its special “music,” such as how to stress the right syllable in a word, how to make your voice go up and down in a natural-sounding melody, and how to naturally connect sounds and words. Learning these things will help you speak more clearly and make sure that others can understand what you're saying.",
    "catagory": "Language Learning",
    "subCatagory": "Learning English",
    "time": "Approx. 21 hours to complete",
    "provider": "University of California, Irvine",
    "source": "Coursera",
    "Audit": "Free",
    "certificate": "Flexible deadlines",
    "courseLink": "https://www.coursera.org/learn/tricky-american-english-pronunciation",
    "enrolled": "194,645",
    "rating": 4.7,
    "image": "https://d3njjcbhbojbot.cloudfront.net/api/utilities/v1/imageproxy/https://coursera-university-assets.s3.amazonaws.com/39/31c7a00bb411e4b2adb7c560fb2da9/UCI_MB_PI_WM_300x300_YellowonBlue.png"
  },
  {
    "name": "Blended Language Learning: Design and Practice for Teachers",
    "level": "Intermediate Level",
    "desciption": "This course is for language educators who wish to learn how to build and teach a blended language course. You may receive 1.5 Graduate Teacher Education credits (GRTE) for completing this course. See below for more information.",
    "catagory": "Language Learning",
    "subCatagory": "Learning English",
    "time": "Approx. 21 hours to complete",
    "provider": "University of Colorado Boulder",
    "source": "Coursera",
    "Audit": "Free",
    "certificate": "Flexible deadlines",
    "courseLink": "https://www.coursera.org/learn/blended-language-learning-design-practice-for-teachers",
    "enrolled": "8,805",
    "rating": 4.8,
    "image": "https://d3njjcbhbojbot.cloudfront.net/api/utilities/v1/imageproxy/https://coursera-university-assets.s3.amazonaws.com/bb/16e85962a963ab3546196705d25865/CUBoulder_360x360.png"
  },
  {
    "name": "Advanced Interviewing Techniques",
    "level": "Not Defined",
    "desciption": "People interviewing for jobs today often fail because they are using yesterday's strategies. Recruiting technology has become more sophisticated, and the best employers are constantly changing the way interviews are done. This course gives you detailed strategies for handling tough competency-based, or behavioral,  interviews so that you can communicate the knowledge, skills, and abilities that you have and that employers demand.",
    "catagory": "Language Learning",
    "subCatagory": "Learning English",
    "time": "Course 3 of 5 in the",
    "provider": "University of Maryland, College Park",
    "source": "Coursera",
    "Audit": "Free",
    "certificate": "Flexible deadlines",
    "courseLink": "https://www.coursera.org/learn/interview-techniques",
    "enrolled": "34,191",
    "rating": 4.7,
    "image": "https://d3njjcbhbojbot.cloudfront.net/api/utilities/v1/imageproxy/https://coursera-university-assets.s3.amazonaws.com/bb/a5eeb3ba2d291192b62945619da422/umd_square.png"
  },
  {
    "name": "Successful Interviewing",
    "level": "Not Defined",
    "desciption": "The goal of hiring managers is not just to hire people who need a job. It’s to hire people who believe in their organization, its mission and the work that’s involved in the job position. Every hiring manager knows: Hire people to do a job and they’ll work for your money. Hire people who believe in the work and they’ll work for their passion.",
    "catagory": "Language Learning",
    "subCatagory": "Learning English",
    "time": "Course 2 of 5 in the",
    "provider": "University of Maryland, College Park",
    "source": "Coursera",
    "Audit": "Free",
    "certificate": "Flexible deadlines",
    "courseLink": "https://www.coursera.org/learn/successful-interviewing",
    "enrolled": "42,232",
    "rating": 4.6,
    "image": "https://d3njjcbhbojbot.cloudfront.net/api/utilities/v1/imageproxy/https://coursera-university-assets.s3.amazonaws.com/bb/a5eeb3ba2d291192b62945619da422/umd_square.png"
  },
  {
    "name": "English for Media Literacy",
    "level": "Not Defined",
    "desciption": "Welcome to English for Media Literacy, a course created by the University of Pennsylvania, and funded by the U.S. Department of State Bureau of Educational and Cultural Affairs, Office of English Language Programs.",
    "catagory": "Language Learning",
    "subCatagory": "Learning English",
    "time": "Approx. 42 hours to complete",
    "provider": "University of Pennsylvania",
    "source": "Coursera",
    "Audit": "Free",
    "certificate": "Flexible deadlines",
    "courseLink": "https://www.coursera.org/learn/media",
    "enrolled": "74,055",
    "rating": 4.9,
    "image": "https://d3njjcbhbojbot.cloudfront.net/api/utilities/v1/imageproxy/https://coursera-university-assets.s3.amazonaws.com/5e/4003d6fe94ae4089d5daf13129a515/penn-logo.png"
  },
  {
    "name": "English for Journalism",
    "level": "Not Defined",
    "desciption": "Welcome to English for Journalism, a course created by the University of Pennsylvania, and funded by the U.S. Department of State Bureau of Educational and Cultural Affairs, Office of English Language Programs.",
    "catagory": "Language Learning",
    "subCatagory": "Learning English",
    "time": "Approx. 43 hours to complete",
    "provider": "University of Pennsylvania",
    "source": "Coursera",
    "Audit": "Free",
    "certificate": "Flexible deadlines",
    "courseLink": "https://www.coursera.org/learn/journalism",
    "enrolled": "177,169",
    "rating": 4.8,
    "image": "https://d3njjcbhbojbot.cloudfront.net/api/utilities/v1/imageproxy/https://coursera-university-assets.s3.amazonaws.com/5e/4003d6fe94ae4089d5daf13129a515/penn-logo.png"
  },
  {
    "name": "English for Business and Entrepreneurship",
    "level": "Beginner Level",
    "desciption": "Welcome to English for Business and Entrepreneurship, a course created by the University of Pennsylvania, and funded by the U.S. Department of State Bureau of Educational and Cultural Affairs, Office of English Language Programs.",
    "catagory": "Language Learning",
    "subCatagory": "Learning English",
    "time": "Approx. 32 hours to complete",
    "provider": "University of Pennsylvania",
    "source": "Coursera",
    "Audit": "Free",
    "certificate": "Flexible deadlines",
    "courseLink": "https://www.coursera.org/learn/business",
    "enrolled": "345,321",
    "rating": 4.9,
    "image": "https://d3njjcbhbojbot.cloudfront.net/api/utilities/v1/imageproxy/https://coursera-university-assets.s3.amazonaws.com/5e/4003d6fe94ae4089d5daf13129a515/penn-logo.png"
  },
  {
    "name": "English for Career Development",
    "level": "Not Defined",
    "desciption": "Welcome to English for Career Development, a course created by the University of Pennsylvania, and funded by the U.S. Department of State Bureau of Educational and Cultural Affairs, Office of English Language Programs.",
    "catagory": "Language Learning",
    "subCatagory": "Learning English",
    "time": "Approx. 40 hours to complete",
    "provider": "University of Pennsylvania",
    "source": "Coursera",
    "Audit": "Free",
    "certificate": "Flexible deadlines",
    "courseLink": "https://www.coursera.org/learn/careerdevelopment",
    "enrolled": "1,529,135",
    "rating": 4.8,
    "image": "https://d3njjcbhbojbot.cloudfront.net/api/utilities/v1/imageproxy/https://coursera-university-assets.s3.amazonaws.com/5e/4003d6fe94ae4089d5daf13129a515/penn-logo.png"
  },
  {
    "name": "Lesson | Business English Skills: Introducing Yourself in Business Settings",
    "level": "Not Defined",
    "desciption": "This lesson is part of a full course, Business English Networking. Take this lesson to get a short tutorial on the learning objectives covered. To dive deeper into this topic, take the full course.",
    "catagory": "Language Learning",
    "subCatagory": "Learning English",
    "time": "Approx. 1 hour to complete",
    "provider": "University of Washington",
    "source": "Coursera",
    "Audit": "Free",
    "certificate": "Flexible deadlines",
    "courseLink": "https://www.coursera.org/learn/lesson-business-english-skills-introducing-yourself-in-business-settings",
    "enrolled": "18,224",
    "rating": 4.3,
    "image": "https://d3njjcbhbojbot.cloudfront.net/api/utilities/v1/imageproxy/https://coursera-university-assets.s3.amazonaws.com/8c/ff2f50afdf11e5ae9d8158e68cbd96/UW_square_180x180.png"
  },
  {
    "name": "Business English: Networking",
    "level": "Intermediate Level",
    "desciption": "This course begins with a welcome message and an overview of the Specialization. After this introduction, you will be asked to take a proficiency test to see if this course is right for you.",
    "catagory": "Language Learning",
    "subCatagory": "Learning English",
    "time": "Course 1 of 5 in the",
    "provider": "University of Washington",
    "source": "Coursera",
    "Audit": "Free",
    "certificate": "Flexible deadlines",
    "courseLink": "https://www.coursera.org/learn/business-english-intro",
    "enrolled": "162,095",
    "rating": 4.8,
    "image": "https://d3njjcbhbojbot.cloudfront.net/api/utilities/v1/imageproxy/https://coursera-university-assets.s3.amazonaws.com/8c/ff2f50afdf11e5ae9d8158e68cbd96/UW_square_180x180.png"
  },
  {
    "name": "Low Intermediate English: Planning & Organization",
    "level": "Not Defined",
    "desciption": "In this course, you will learn important language for planning your life, including your social life, your travels, and your work. Learning activities in this course will take place on Voxy, an engaging language learning platform that automatically adapts to your current level and your performance across reading, listening, speaking, grammar, and vocabulary skills so that every lesson is optimized for rapid improvement.",
    "catagory": "Language Learning",
    "subCatagory": "Learning English",
    "time": "Course 4 of 7 in the",
    "provider": "Voxy",
    "source": "Coursera",
    "Audit": "Free",
    "certificate": "Flexible deadlines",
    "courseLink": "https://www.coursera.org/learn/low-intermediate-english-planning-organization",
    "enrolled": "3 hours to complete",
    "rating": "",
    "image": "https://d3njjcbhbojbot.cloudfront.net/api/utilities/v1/imageproxy/http://coursera-university-assets.s3.amazonaws.com/17/7d490082884627b9974192397b6ef8/Logo-Voxy-vertical--aqua-e-navy-.png"
  },
  {
    "name": "Low Intermediate English: Shopping & Customer Service",
    "level": "Not Defined",
    "desciption": "In this course, you will learn important language to describe how you shop, review what you’ve bought, and assist customers. Learning activities in this course will take place on Voxy, an engaging language learning platform that automatically adapts to your current level and your performance across reading, listening, speaking, grammar, and vocabulary skills so that every lesson is optimized for rapid improvement.",
    "catagory": "Language Learning",
    "subCatagory": "Learning English",
    "time": "Course 5 of 7 in the",
    "provider": "Voxy",
    "source": "Coursera",
    "Audit": "Free",
    "certificate": "Flexible deadlines",
    "courseLink": "https://www.coursera.org/learn/low-intermediate-english-shopping-customer-service",
    "enrolled": "3 hours to complete",
    "rating": "",
    "image": "https://d3njjcbhbojbot.cloudfront.net/api/utilities/v1/imageproxy/http://coursera-university-assets.s3.amazonaws.com/17/7d490082884627b9974192397b6ef8/Logo-Voxy-vertical--aqua-e-navy-.png"
  },
  {
    "name": "Mandarin Chinese Level 2",
    "level": "Introductory",
    "desciption": "Develop practical Mandarin skillswith extensive vocabulary, phrases and sentence structures used in daily communication and business environments.",
    "catagory": "Language Learning",
    "subCatagory": "Mandarin Communication",
    "time": "Estimated 6 weeks",
    "provider": "MandarinX",
    "source": "edx",
    "Audit": "Free",
    "certificate": "Optional upgrade available",
    "courseLink": "https://www.edx.org/course/mandarin-chinese-level-2",
    "enrolled": "11,569 already enrolled! After a course session ends, it will be",
    "rating": 4.9,
    "image": "https://prod-discovery.edx-cdn.org/media/course/image/0604a790-78e7-478d-95d2-78369c9aae56-f69a8cf50beb.small.jpg"
  },
  {
    "name": "Mandarin Chinese Essentials",
    "level": "Introductory",
    "desciption": "This course is your first crucial step to learning Mandarin Chinese. Learn essential skills for communicating in Chineseincluding tones, pinyin, grammar, characters, and basic structures all within the context of a business environment.",
    "catagory": "Language Learning",
    "subCatagory": "Mandarin Communication",
    "time": "Estimated 5 weeks",
    "provider": "MandarinX",
    "source": "edx",
    "Audit": "Free",
    "certificate": "Optional upgrade available",
    "courseLink": "https://www.edx.org/course/mandarin-chinese-essentials",
    "enrolled": "47,144 already enrolled! After a course session ends, it will be",
    "rating": 4.9,
    "image": "https://prod-discovery.edx-cdn.org/media/course/image/4a7e6a29-8141-4395-947d-96bc91db48f7-6ed7322b16cd.small.jpg"
  },
  {
    "name": "Mandarin Chinese Level 1",
    "level": "Introductory",
    "desciption": "Mandarin Chinese is rapidly becoming one of the top languages to learn, especially for business. Learnbasic language skills for business scenarios in Mandarin-speaking countries.",
    "catagory": "Language Learning",
    "subCatagory": "Mandarin Communication",
    "time": "Estimated 6 weeks",
    "provider": "MandarinX",
    "source": "edx",
    "Audit": "Free",
    "certificate": "Optional upgrade available",
    "courseLink": "https://www.edx.org/course/mandarin-chinese-level-1",
    "enrolled": "80,102 already enrolled! After a course session ends, it will be",
    "rating": 4.3,
    "image": "https://prod-discovery.edx-cdn.org/media/course/image/4c354854-5235-4119-8dbf-8b2f6ac678af-a6bcf0897aef.small.jpg"
  },
  {
    "name": "Mandarin Chinese Level 3",
    "level": "Intermediate",
    "desciption": "Advance your Mandarin Chinese by tackling different topics in dynamic business scenarios with extensive vocabulary and compound sentence structures.",
    "catagory": "Language Learning",
    "subCatagory": "Mandarin Communication",
    "time": "Estimated 6 weeks",
    "provider": "MandarinX",
    "source": "edx",
    "Audit": "Free",
    "certificate": "Optional upgrade available",
    "courseLink": "https://www.edx.org/course/mandarin-chinese-level-3",
    "enrolled": "10,712 already enrolled! After a course session ends, it will be",
    "rating": 5,
    "image": "https://prod-discovery.edx-cdn.org/media/course/image/60163e3e-b3dc-4d65-963e-030b8e7f298e-fc7df0a2c1b5.small.jpg"
  },
  {
    "name": "Mandarin Chinese for Business",
    "level": "Intermediate",
    "desciption": "Learn common Mandarin Chinese business phrases and understand Chinese culture so you can communicate professionally in the largest market in the world.",
    "catagory": "Language Learning",
    "subCatagory": "Mandarin Communication",
    "time": "Estimated 6 weeks",
    "provider": "MandarinX",
    "source": "edx",
    "Audit": "Free",
    "certificate": "Optional upgrade available",
    "courseLink": "https://www.edx.org/course/mandarin-chinese-for-business",
    "enrolled": "15,702 already enrolled! After a course session ends, it will be",
    "rating": 4.9,
    "image": "https://prod-discovery.edx-cdn.org/media/course/image/c4aaf598-e64a-401b-b73d-a6861244c983-ae30fc27a71e.small.jpg"
  },
  {
    "name": "More Chinese for Beginners",
    "level": "Not Defined",
    "desciption": "This is an advanced course for Chinese for beginners.",
    "catagory": "Language Learning",
    "subCatagory": "Other Languages",
    "time": "Approx. 27 hours to complete",
    "provider": "Peking University",
    "source": "Coursera",
    "Audit": "Free",
    "certificate": "Flexible deadlines",
    "courseLink": "https://www.coursera.org/learn/more-chinese-for-beginners",
    "enrolled": "49,772",
    "rating": 4.7,
    "image": "https://d3njjcbhbojbot.cloudfront.net/api/utilities/v1/imageproxy/https://coursera-university-assets.s3.amazonaws.com/38/d88a069e4cce7bfd0acb86c4c7d6bc/.png"
  },
  {
    "name": "Chinese for HSK 1",
    "level": "Beginner Level",
    "desciption": "Nǐ hǎo! 你好！Welcome to Chinese for HSK Level 1 - a Chinese course for beginners. My name is YU Bin. I am very happy to meet you here!",
    "catagory": "Language Learning",
    "subCatagory": "Other Languages",
    "time": "Course 1 of 4 in the",
    "provider": "Peking University",
    "source": "Coursera",
    "Audit": "Free",
    "certificate": "Flexible deadlines",
    "courseLink": "https://www.coursera.org/learn/hsk-1",
    "enrolled": "65,691",
    "rating": 4.9,
    "image": "https://d3njjcbhbojbot.cloudfront.net/api/utilities/v1/imageproxy/https://coursera-university-assets.s3.amazonaws.com/38/d88a069e4cce7bfd0acb86c4c7d6bc/.png"
  },
  {
    "name": "Chinese for Beginners",
    "level": "Not Defined",
    "desciption": "Nowadays, there is an increasing number of people who are interested in Chinese culture and language. And it is useful to know about the language when coming to China for travel or business. This is an ABC Chinese course for beginners, including introduction of phonetics and daily expressions. After taking this class, learners can have a basic understanding of Chinese Mandarin and make basic conversations of daily living such as exchanging personal information, talking about daily arrangements and food, asking about price, introducing the city and the weather, telling your hobbies etc. Selected topics and situations come from real life scenarios and can be used for everyday communications. In addition to the dialogues, the selection of reading materials and practice activities will make the content as rich and varied as possible, in order to stimulate the learners’ interests. This is an elementary course on Chinese speaking. The learners don’t need to study Chinese characters, so it is easier to follow and complete this course.",
    "catagory": "Language Learning",
    "subCatagory": "Other Languages",
    "time": "Approx. 21 hours to complete",
    "provider": "Peking University",
    "source": "Coursera",
    "Audit": "Free",
    "certificate": "Flexible deadlines",
    "courseLink": "https://www.coursera.org/learn/learn-chinese",
    "enrolled": "1,035,715",
    "rating": 4.8,
    "image": "https://d3njjcbhbojbot.cloudfront.net/api/utilities/v1/imageproxy/https://coursera-university-assets.s3.amazonaws.com/38/d88a069e4cce7bfd0acb86c4c7d6bc/.png"
  },
  {
    "name": "Russian for beginners 1. Русский язык: A1",
    "level": "Beginner Level",
    "desciption": "Russian is considered to be one of the world's most difficult languages. This course is aimed at helping those who are interested in understanding the basics of Russian language. Every unit of the course consists of several parts explaining vocabulary, phonetics (pronunciation), grammar, and provides examples of simple dialogues in Russian.",
    "catagory": "Language Learning",
    "subCatagory": "Other Languages",
    "time": "Course 2 of 4 in the",
    "provider": "Saint Petersburg State University",
    "source": "Coursera",
    "Audit": "Free",
    "certificate": "Flexible deadlines",
    "courseLink": "https://www.coursera.org/learn/russian-a1-part1",
    "enrolled": "15,236",
    "rating": 4.4,
    "image": "https://d3njjcbhbojbot.cloudfront.net/api/utilities/v1/imageproxy/https://coursera-university-assets.s3.amazonaws.com/f7/9cff8f7e909ad6d37a2f94eb5cfd4f/CoA_Medium_color.png"
  },
  {
    "name": "Fundamentals of the Chinese character writing. Part 2",
    "level": "Beginner Level",
    "desciption": "If you just finished the first course, you will definitely love the second one!",
    "catagory": "Language Learning",
    "subCatagory": "Other Languages",
    "time": "Approx. 14 hours to complete",
    "provider": "Saint Petersburg State University",
    "source": "Coursera",
    "Audit": "Free",
    "certificate": "Flexible deadlines",
    "courseLink": "https://www.coursera.org/learn/chinese-character-writing-2",
    "enrolled": "2 hours to complete",
    "rating": "",
    "image": "https://d3njjcbhbojbot.cloudfront.net/api/utilities/v1/imageproxy/https://coursera-university-assets.s3.amazonaws.com/f7/9cff8f7e909ad6d37a2f94eb5cfd4f/CoA_Medium_color.png"
  },
  {
    "name": "Mandarin Chinese for Intermediate Learners: Capstone Project",
    "level": "Intermediate Level",
    "desciption": "Mandarin Chinese: Capstone Project for Intermediate Learners\" is the fourth and final course of the MOOC specialization \"Learn Intermediate Mandarin Chinese\" created by Shanghai Jiao Tong University.",
    "catagory": "Language Learning",
    "subCatagory": "Other Languages",
    "time": "Course 4 of 4 in the",
    "provider": "Shanghai Jiao Tong University",
    "source": "Coursera",
    "Audit": "Free",
    "certificate": "Flexible deadlines",
    "courseLink": "https://www.coursera.org/learn/mandarin-chinese-intermediate-learner-capstone",
    "enrolled": "2,617",
    "rating": "",
    "image": "https://d3njjcbhbojbot.cloudfront.net/api/utilities/v1/imageproxy/https://coursera-university-assets.s3.amazonaws.com/18/8ae455893dd9386c855414acf90ed8/________.png"
  },
  {
    "name": "Mandarin Chinese for Intermediate Learners: Part 3",
    "level": "Intermediate Level",
    "desciption": "Mandarin Chinese 3: Chinese for Intermediate Learners\" is the third course of the MOOC specialization \"Learn Intermediate Mandarin Chinese\" created by Shanghai Jiao Tong University.",
    "catagory": "Language Learning",
    "subCatagory": "Other Languages",
    "time": "Course 3 of 4 in the",
    "provider": "Shanghai Jiao Tong University",
    "source": "Coursera",
    "Audit": "Free",
    "certificate": "Flexible deadlines",
    "courseLink": "https://www.coursera.org/learn/mandarin-chinese-intermediate-learner-3",
    "enrolled": "2,869",
    "rating": 4.8,
    "image": "https://d3njjcbhbojbot.cloudfront.net/api/utilities/v1/imageproxy/https://coursera-university-assets.s3.amazonaws.com/18/8ae455893dd9386c855414acf90ed8/________.png"
  },
  {
    "name": "Mandarin Chinese for Intermediate Learners: Part 2",
    "level": "Intermediate Level",
    "desciption": "Mandarin Chinese 2: Chinese for Intermediate Learners\" is the second course of the MOOC specialization \"Learn Intermediate Mandarin Chinese\" created by Shanghai Jiao Tong University.",
    "catagory": "Language Learning",
    "subCatagory": "Other Languages",
    "time": "Course 2 of 4 in the",
    "provider": "Shanghai Jiao Tong University",
    "source": "Coursera",
    "Audit": "Free",
    "certificate": "Flexible deadlines",
    "courseLink": "https://www.coursera.org/learn/mandarin-chinese-intermediate-learners-2",
    "enrolled": "3,291",
    "rating": 4,
    "image": "https://d3njjcbhbojbot.cloudfront.net/api/utilities/v1/imageproxy/https://coursera-university-assets.s3.amazonaws.com/18/8ae455893dd9386c855414acf90ed8/________.png"
  },
  {
    "name": "Business Chinese 1 中级汉语 （上）",
    "level": "Intermediate Level",
    "desciption": "《中级汉语(商务篇)》慕课是为汉语水平达到HSK三级的外国留学生制作的汉语学习慕课。它以汉语语言知识和交际技能为主要教学内容，培养留学生在一般工作情景和真实商务情境中运用汉语进行交际的能力，将生活汉语与商务汉语有机融合，情境设计贴近飞速发展的科技和商务生活，能同时满足留学生日常生活、学习和工作的需求。语法内容涵盖了HSK 三、四、五级考纲中的所有语法重点及要点；语料新鲜而实用，以HSK三、四、五级词汇为主。学习结束后汉语能达到HSK四、五级的水平，并兼具生活和基本商务交际语言技能。",
    "catagory": "Language Learning",
    "subCatagory": "Other Languages",
    "time": "Approx. 26 hours to complete",
    "provider": "Shanghai Jiao Tong University",
    "source": "Coursera",
    "Audit": "Free",
    "certificate": "Flexible deadlines",
    "courseLink": "https://www.coursera.org/learn/intermediate-business-chinese-1",
    "enrolled": "6,851",
    "rating": "",
    "image": "https://d3njjcbhbojbot.cloudfront.net/api/utilities/v1/imageproxy/https://coursera-university-assets.s3.amazonaws.com/18/8ae455893dd9386c855414acf90ed8/________.png"
  },
  {
    "name": "Mandarin Chinese for Intermediate Learners: Part 1",
    "level": "Not Defined",
    "desciption": "Mandarin Chinese 1: Chinese for Intermediate Learners\" is the first course of the MOOC specialization  \"Learn Intermediate Mandarin Chinese\" created by Shanghai Jiao Tong University.",
    "catagory": "Language Learning",
    "subCatagory": "Other Languages",
    "time": "Course 1 of 4 in the",
    "provider": "Shanghai Jiao Tong University",
    "source": "Coursera",
    "Audit": "Free",
    "certificate": "Flexible deadlines",
    "courseLink": "https://www.coursera.org/learn/mandarin-chinese-intermediate-learners-1",
    "enrolled": "8,662",
    "rating": 4.7,
    "image": "https://d3njjcbhbojbot.cloudfront.net/api/utilities/v1/imageproxy/https://coursera-university-assets.s3.amazonaws.com/18/8ae455893dd9386c855414acf90ed8/________.png"
  },
  {
    "name": "Mandarin Chinese 3: Chinese for Beginners",
    "level": "Beginner Level",
    "desciption": "Mandarin Chinese 3: Chinese for beginners is a beginner's course of Mandarin Chinese in continuation of Mandarin Chinese 2: Chinese for beginners. It uses lectures, short plays, interactive exercises and cultural tips to help learners build a fundamental capability of oral Chinese in real-life situations. At the end of the 5-lesson course, the learners will reach the following proficiency:",
    "catagory": "Language Learning",
    "subCatagory": "Other Languages",
    "time": "Course 3 of 4 in the",
    "provider": "Shanghai Jiao Tong University",
    "source": "Coursera",
    "Audit": "Free",
    "certificate": "Flexible deadlines",
    "courseLink": "https://www.coursera.org/learn/mandarin-chinese-3",
    "enrolled": "16,012",
    "rating": 4.9,
    "image": "https://d3njjcbhbojbot.cloudfront.net/api/utilities/v1/imageproxy/https://coursera-university-assets.s3.amazonaws.com/18/8ae455893dd9386c855414acf90ed8/________.png"
  },
  {
    "name": "Mandarin Chinese 2: Chinese for Beginners",
    "level": "Beginner Level",
    "desciption": "Mandarin Chinese 2: Chinese for beginners is a beginner's course of Mandarin Chinese in continuation of Mandarin Chinese 1: Chinese for beginners. It uses lectures, short plays, interactive exercises and cultural tips to help learners build a fundamental capability of oral Chinese in real-life situations. At the end of the 5-lesson course, the learners will reach the following proficiency:",
    "catagory": "Language Learning",
    "subCatagory": "Other Languages",
    "time": "Course 2 of 4 in the",
    "provider": "Shanghai Jiao Tong University",
    "source": "Coursera",
    "Audit": "Free",
    "certificate": "Flexible deadlines",
    "courseLink": "https://www.coursera.org/learn/mandarin-chinese-2",
    "enrolled": "16,833",
    "rating": 4.8,
    "image": "https://d3njjcbhbojbot.cloudfront.net/api/utilities/v1/imageproxy/https://coursera-university-assets.s3.amazonaws.com/18/8ae455893dd9386c855414acf90ed8/________.png"
  },
  {
    "name": "Mandarin Chinese 1: Chinese for Beginners",
    "level": "Beginner Level",
    "desciption": "Mandarin Chinese 1: Chinese for beginners is a beginner's course of Mandarin Chinese. It uses lectures, short plays, interactive exercises and cultural tips to help learners build a fundamental capability of oral Chinese in real-life situations. At the end of the 5-week course, the learners will reach the following proficiency:",
    "catagory": "Language Learning",
    "subCatagory": "Other Languages",
    "time": "Course 1 of 4 in the",
    "provider": "Shanghai Jiao Tong University",
    "source": "Coursera",
    "Audit": "Free",
    "certificate": "Flexible deadlines",
    "courseLink": "https://www.coursera.org/learn/mandarin-chinese-1",
    "enrolled": "65,328",
    "rating": 4.8,
    "image": "https://d3njjcbhbojbot.cloudfront.net/api/utilities/v1/imageproxy/https://coursera-university-assets.s3.amazonaws.com/18/8ae455893dd9386c855414acf90ed8/________.png"
  },
  {
    "name": "The Korean Alphabet: An Introduction to Hangeul",
    "level": "Beginner Level",
    "desciption": "This course introduces Korean characters,'Hangeul', and provides high-level knowledge related to Hangeul. In this course, the background of 'Hangul' is created, who made the Hangeul, and according to what principle it is systematically explained. It also introduces anecdotes related to Korean tourist destinations related to Hangeul and teaches how to write Hangeul. Learners can increase their understanding of Korea, learn Hangeul accurately, and cultivate high-level knowledge of Hangeul.",
    "catagory": "Language Learning",
    "subCatagory": "Other Languages",
    "time": "Approx. 18 hours to complete",
    "provider": "Sungkyunkwan University",
    "source": "Coursera",
    "Audit": "Free",
    "certificate": "Flexible deadlines",
    "courseLink": "https://www.coursera.org/learn/the-korean-alphabet-an-introduction-to-hangeul",
    "enrolled": "22,224",
    "rating": 4.6,
    "image": "https://d3njjcbhbojbot.cloudfront.net/api/utilities/v1/imageproxy/http://coursera-university-assets.s3.amazonaws.com/94/1f9d31eca84180a515b6ca25906944/Emblem_012.png"
  },
  {
    "name": "Learn to Speak Korean 1",
    "level": "Beginner Level",
    "desciption": "Welcome to Learn to Speak Korean 1!",
    "catagory": "Language Learning",
    "subCatagory": "Other Languages",
    "time": "Approx. 32 hours to complete",
    "provider": "Yonsei University",
    "source": "Coursera",
    "Audit": "Free",
    "certificate": "Flexible deadlines",
    "courseLink": "https://www.coursera.org/learn/learn-speak-korean1",
    "enrolled": "327,981",
    "rating": 4.9,
    "image": "https://d3njjcbhbojbot.cloudfront.net/api/utilities/v1/imageproxy/https://coursera-university-assets.s3.amazonaws.com/79/ef4a80c5a111e5a5ce35080560fd45/coursera_logo.png"
  },
  {
    "name": "Foundations of Medical Spanish",
    "level": "Introductory",
    "desciption": "Enhance your communication skills as a doctor or healthcare professional with this introductory Spanish course to engage better with Latin and Hispanic patients.",
    "catagory": "Language Learning",
    "subCatagory": "Others",
    "time": "Estimated 6 weeks",
    "provider": "AnahuacX",
    "source": "edx",
    "Audit": "Free",
    "certificate": "Optional upgrade available",
    "courseLink": "https://www.edx.org/course/foundations-of-medical-spanish",
    "enrolled": "After a course session ends, it will be",
    "rating": 5,
    "image": "https://prod-discovery.edx-cdn.org/media/course/image/c1f721ba-edfc-4ff2-a118-82f85fd8c711-cdf63fda090c.small.jpeg"
  },
  {
    "name": "Noongar Language and Culture",
    "level": "Introductory",
    "desciption": "Learn about the Noongar people of Western Australia, their culture and their language.",
    "catagory": "Language Learning",
    "subCatagory": "Others",
    "time": "Estimated 6 weeks",
    "provider": "CurtinX",
    "source": "edx",
    "Audit": "Free",
    "certificate": "Optional upgrade available",
    "courseLink": "https://www.edx.org/course/noongar-language-and-culture",
    "enrolled": "14,382 already enrolled! After a course session ends, it will be",
    "rating": 4.9,
    "image": "https://prod-discovery.edx-cdn.org/media/course/image/e8287993-0ef9-4f1d-8ee9-2c9a24b49fd4-eb5457cc264b.small.jpg"
  },
  {
    "name": "English@Work: CVs",
    "level": "Introductory",
    "desciption": "Be the last they have to read – Be the first they want to call!",
    "catagory": "Language Learning",
    "subCatagory": "Others",
    "time": "Estimated 4 weeks",
    "provider": "HKPolyUx",
    "source": "edx",
    "Audit": "Free",
    "certificate": "Optional upgrade available",
    "courseLink": "https://www.edx.org/course/englishwork-cvs",
    "enrolled": "After a course session ends, it will be",
    "rating": 4.3,
    "image": "https://prod-discovery.edx-cdn.org/media/course/image/3dedc265-ffb1-4d2a-b5dc-ddbf02450c8f-9ad197181965.small.png"
  },
  {
    "name": "English@Work: Advanced Interview Skills",
    "level": "Introductory",
    "desciption": "Tell your story so well interviewers can’t ignore you!",
    "catagory": "Language Learning",
    "subCatagory": "Others",
    "time": "Estimated 4 weeks",
    "provider": "HKPolyUx",
    "source": "edx",
    "Audit": "Free",
    "certificate": "Optional upgrade available",
    "courseLink": "https://www.edx.org/course/englishwork-advanced-interview-skills",
    "enrolled": "After a course session ends, it will be",
    "rating": 4.2,
    "image": "https://prod-discovery.edx-cdn.org/media/course/image/430a4403-8079-4f01-8e82-cee5dd3a943a-82106f9a1d46.small.jpeg"
  },
  {
    "name": "English@Work: Cover Letters",
    "level": "Introductory",
    "desciption": "Create a compelling cover letter and get that interview invite!",
    "catagory": "Language Learning",
    "subCatagory": "Others",
    "time": "Estimated 4 weeks",
    "provider": "HKPolyUx",
    "source": "edx",
    "Audit": "Free",
    "certificate": "Optional upgrade available",
    "courseLink": "https://www.edx.org/course/englishwork-cover-letters",
    "enrolled": "After a course session ends, it will be",
    "rating": 4.3,
    "image": "https://prod-discovery.edx-cdn.org/media/course/image/4a0ed15e-d2eb-48ec-a216-c958cde8cd3c-ba3c70a42362.small.png"
  },
  {
    "name": "English@Work: Basic Interview Skills",
    "level": "Introductory",
    "desciption": "Build a solid foundation to succeed in job interviews and get that ultimate call.",
    "catagory": "Language Learning",
    "subCatagory": "Others",
    "time": "Estimated 3 weeks",
    "provider": "HKPolyUx",
    "source": "edx",
    "Audit": "Free",
    "certificate": "Optional upgrade available",
    "courseLink": "https://www.edx.org/course/englishwork-basic-interview-skills",
    "enrolled": "After a course session ends, it will be",
    "rating": 4.3,
    "image": "https://prod-discovery.edx-cdn.org/media/course/image/df0da930-56e9-485f-b088-c06f9e0cbd42-21a692470f71.small.jpeg"
  },
  {
    "name": "Language, Proof and Logic",
    "level": "Introductory",
    "desciption": "The ability to reason is fundamental to human beings. Whatever the discipline or discourse it is important to be able to distinguish correct reasoning from incorrect reasoning. The consequences of incorrect reasoning can be minor, like getting lost on the way to a birthday party, or more significant, for example launching nuclear missiles at a flock of ducks, or permanently losing contact with a space craft.",
    "catagory": "Language Learning",
    "subCatagory": "Others",
    "time": "Estimated 15 weeks",
    "provider": "StanfordOnline",
    "source": "edx",
    "Audit": "Free",
    "certificate": "Optional upgrade available",
    "courseLink": "https://www.edx.org/course/language-proof-and-logic",
    "enrolled": "10,838 already enrolled! After a course session ends, it will be",
    "rating": 4,
    "image": "https://prod-discovery.edx-cdn.org/media/course/image/509a0d92-cf87-4fd6-bc45-7b23210208e7-5011fb6f6fef.small.jpeg"
  },
  {
    "name": "Tsinghua Chinese: Start Talking with 1.3 Billion People",
    "level": "Introductory",
    "desciption": "Beginners' Chinese course from China's top university.",
    "catagory": "Language Learning",
    "subCatagory": "Others",
    "time": "Estimated 6 weeks",
    "provider": "TsinghuaX",
    "source": "edx",
    "Audit": "Free",
    "certificate": "Optional upgrade available",
    "courseLink": "https://www.edx.org/course/tsinghua-chinese-start-talking-with-13-billion-peo",
    "enrolled": "65,106 already enrolled! After a course session ends, it will be",
    "rating": 4.8,
    "image": "https://prod-discovery.edx-cdn.org/media/course/image/9dbb2717-86c4-46ac-b88a-c2252846e703-3371889a3aab.small.jpg"
  },
  {
    "name": "Academic Writing Made Easy",
    "level": "Intermediate",
    "desciption": "Struggling with writing an academic text? This MOOC will ease the pain – and make your writing shine.",
    "catagory": "Language Learning",
    "subCatagory": "Others",
    "time": "Estimated 8 weeks",
    "provider": "TUMx",
    "source": "edx",
    "Audit": "Free",
    "certificate": "Optional upgrade available",
    "courseLink": "https://www.edx.org/course/academic-writing-made-easy-2",
    "enrolled": "54,835 already enrolled! After a course session ends, it will be",
    "rating": 4.4,
    "image": "https://prod-discovery.edx-cdn.org/media/course/image/ee757321-8abb-4bb6-ae9f-c7fd2df67977-a2fa3364c849.small.jpg"
  },
  {
    "name": "EmSAT English Preparation - Level 2",
    "level": "Intermediate",
    "desciption": "This EmSAT preparation course expands upon basic grammatical knowledge, develops general English vocabulary and develops critical thinking. To assist in preparation for the EmSAT exam learners develop exam strategies through their understanding of different reading and vocabulary question types.",
    "catagory": "Language Learning",
    "subCatagory": "Others",
    "time": "Estimated 6 weeks",
    "provider": "UAEUX",
    "source": "edx",
    "Audit": "Free",
    "certificate": "Optional upgrade available",
    "courseLink": "https://www.edx.org/course/emsat-english-preparation-level-2",
    "enrolled": "10,429 already enrolled! After a course session ends, it will be",
    "rating": 4.7,
    "image": "https://prod-discovery.edx-cdn.org/media/course/image/70c81f7c-790c-4a4c-a06b-bf7425263a8f-9b79ef54efe1.small.jpeg"
  },
  {
    "name": "EmSAT English Preparation - Level 1",
    "level": "Introductory",
    "desciption": "This Comprehension and Production course focuses on the pre-intermediate level and develops the learner’s reading, listening and study skills. Learners focus on high frequency and academic vocabulary, in addition to being introduced to the EmSAT exam structure.",
    "catagory": "Language Learning",
    "subCatagory": "Others",
    "time": "Estimated 6 weeks",
    "provider": "UAEUX",
    "source": "edx",
    "Audit": "Free",
    "certificate": "Optional upgrade available",
    "courseLink": "https://www.edx.org/course/emsat-english-preparation-level-1",
    "enrolled": "42,732 already enrolled! After a course session ends, it will be",
    "rating": 4.4,
    "image": "https://prod-discovery.edx-cdn.org/media/course/image/9a06628c-d96a-40df-b1e2-15306d082e1c-6bb2b641e9a9.small.jpeg"
  },
  {
    "name": "Steps in Japanese for Beginners2 Part2",
    "level": "Introductory",
    "desciption": "Learn how to ask the details about a situation and make requests to people.",
    "catagory": "Language Learning",
    "subCatagory": "Steps in Japanese for Beginners",
    "time": "Estimated 5 weeks",
    "provider": "WasedaX",
    "source": "edx",
    "Audit": "Free",
    "certificate": "Optional upgrade available",
    "courseLink": "https://www.edx.org/course/steps-in-japanese-for-beginners2-part2-2",
    "enrolled": "After a course session ends, it will be",
    "rating": 4.7,
    "image": "https://prod-discovery.edx-cdn.org/media/course/image/37b79d19-06b8-400a-865e-90e87af108ca-c69d2d5a0cd1.small.jpeg"
  },
  {
    "name": "Steps in Japanese for Beginners2 Part1",
    "level": "Introductory",
    "desciption": "Learn casual expressions which are used among people who know each other well and the small talk which helps build personal relationships.",
    "catagory": "Language Learning",
    "subCatagory": "Steps in Japanese for Beginners",
    "time": "Estimated 5 weeks",
    "provider": "WasedaX",
    "source": "edx",
    "Audit": "Free",
    "certificate": "Optional upgrade available",
    "courseLink": "https://www.edx.org/course/steps-in-japanese-for-beginners2-part1-2",
    "enrolled": "After a course session ends, it will be",
    "rating": 4.4,
    "image": "https://prod-discovery.edx-cdn.org/media/course/image/512a7a8d-898a-4db8-9067-97961850981d-21696e8805e3.small.jpeg"
  },
  {
    "name": "Steps in Japanese for Beginners1 Part1",
    "level": "Introductory",
    "desciption": "Learn basic Japanese expressions to survive in Japanese.",
    "catagory": "Language Learning",
    "subCatagory": "Steps in Japanese for Beginners",
    "time": "Estimated 5 weeks",
    "provider": "WasedaX",
    "source": "edx",
    "Audit": "Free",
    "certificate": "Optional upgrade available",
    "courseLink": "https://www.edx.org/course/steps-in-japanese-for-beginners1-part1-2",
    "enrolled": "88,336 already enrolled! After a course session ends, it will be",
    "rating": 4.7,
    "image": "https://prod-discovery.edx-cdn.org/media/course/image/840acc48-0d64-4a9d-a424-712406a034a6-2ba1eb03fbae.small.png"
  },
  {
    "name": "Steps in Japanese for Beginners2 Part3",
    "level": "Introductory",
    "desciption": "Learn how to explain a troubling situation, and how to ask for assistance from people.",
    "catagory": "Language Learning",
    "subCatagory": "Steps in Japanese for Beginners",
    "time": "Estimated 5 weeks",
    "provider": "WasedaX",
    "source": "edx",
    "Audit": "Free",
    "certificate": "Optional upgrade available",
    "courseLink": "https://www.edx.org/course/steps-in-japanese-for-beginners2-part3-2",
    "enrolled": "After a course session ends, it will be",
    "rating": 4.3,
    "image": "https://prod-discovery.edx-cdn.org/media/course/image/af0742f4-a177-4b4d-a3e0-e09d1d54ae9a-83d134d0c909.small.jpeg"
  },
  {
    "name": "Steps in Japanese for Beginners1 Part2",
    "level": "Introductory",
    "desciption": "Learn how to acquire essential information, as well as how to convey information to others.",
    "catagory": "Language Learning",
    "subCatagory": "Steps in Japanese for Beginners",
    "time": "Estimated 5 weeks",
    "provider": "WasedaX",
    "source": "edx",
    "Audit": "Free",
    "certificate": "Optional upgrade available",
    "courseLink": "https://www.edx.org/course/steps-in-japanese-for-beginners1-part2-2",
    "enrolled": "11,250 already enrolled! After a course session ends, it will be",
    "rating": 5,
    "image": "https://prod-discovery.edx-cdn.org/media/course/image/b51a22dc-638f-4490-9300-1e5f3083f9cd-54d0495e7fed.small.png"
  },
  {
    "name": "Steps in Japanese for Beginners1 Part3",
    "level": "Introductory",
    "desciption": "Learn important words and phrases for building relationships with other people.",
    "catagory": "Language Learning",
    "subCatagory": "Steps in Japanese for Beginners",
    "time": "Estimated 5 weeks",
    "provider": "WasedaX",
    "source": "edx",
    "Audit": "Free",
    "certificate": "Optional upgrade available",
    "courseLink": "https://www.edx.org/course/steps-in-japanese-for-beginners1-part3-2",
    "enrolled": "7,936 already enrolled! After a course session ends, it will be",
    "rating": 4.3,
    "image": "https://prod-discovery.edx-cdn.org/media/course/image/e2d36120-3a6f-4d67-b8d5-ab621ce58a79-a6f6d66ea5bb.small.png"
  },
  {
    "name": "Upper-Intermediate English: Business and Industry",
    "level": "Intermediate",
    "desciption": "Take your English language skills to the next level. Learn how to write letters, use appropriate verbal tenses and enhance your vocabulary and grammar, all within the context of business.",
    "catagory": "Language Learning",
    "subCatagory": "Upper-Intermediate English",
    "time": "Estimated 4 weeks",
    "provider": "UPValenciaX",
    "source": "edx",
    "Audit": "Free",
    "certificate": "Optional upgrade available",
    "courseLink": "https://www.edx.org/course/upper-intermediate-english-business",
    "enrolled": "126,166 already enrolled! After a course session ends, it will be",
    "rating": 4.2,
    "image": "https://prod-discovery.edx-cdn.org/media/course/image/01f5d0c5-b9e5-41ff-a0ff-e3067d1e75d1-4c1313303735.small.jpg"
  },
  {
    "name": "Upper-Intermediate English: Business and Globalization",
    "level": "Intermediate",
    "desciption": "Learn how to write letters, use appropriate verbal tenses and enhance your English vocabulary and grammar, all within the context of globalization.",
    "catagory": "Language Learning",
    "subCatagory": "Upper-Intermediate English",
    "time": "Estimated 4 weeks",
    "provider": "UPValenciaX",
    "source": "edx",
    "Audit": "Free",
    "certificate": "Optional upgrade available",
    "courseLink": "https://www.edx.org/course/upper-intermediate-english-globalization",
    "enrolled": "73,558 already enrolled! After a course session ends, it will be",
    "rating": 4.4,
    "image": "https://prod-discovery.edx-cdn.org/media/course/image/5e730135-3d10-465b-99da-ad52c8d43df9-af45f425aea8.small.jpg"
  },
  {
    "name": "Upper-Intermediate English: Business and Technology",
    "level": "Intermediate",
    "desciption": "Take your English language skills to the next level.We will discuss technological innovations as you enhance your English vocabulary and grammar and learn how to write a business plan.",
    "catagory": "Language Learning",
    "subCatagory": "Upper-Intermediate English",
    "time": "Estimated 4 weeks",
    "provider": "UPValenciaX",
    "source": "edx",
    "Audit": "Free",
    "certificate": "Optional upgrade available",
    "courseLink": "https://www.edx.org/course/upper-intermediate-english-technology-today",
    "enrolled": "57,962 already enrolled! After a course session ends, it will be",
    "rating": 4,
    "image": "https://prod-discovery.edx-cdn.org/media/course/image/b779ada8-5a68-45ba-abc8-12d3793cc417-fc5817bb73a5.small.jpg"
  },
  {
    "name": "Upper-Intermediate English: Business and Modern Life",
    "level": "Intermediate",
    "desciption": "Advance your English language skills as you learn how to rephrase sentences and prepare for an interview. Topics such as films, sports, and natural resources will also be discussed.",
    "catagory": "Language Learning",
    "subCatagory": "Upper-Intermediate English",
    "time": "Estimated 4 weeks",
    "provider": "UPValenciaX",
    "source": "edx",
    "Audit": "Free",
    "certificate": "Optional upgrade available",
    "courseLink": "https://www.edx.org/course/upper-intermediate-english-modern-life",
    "enrolled": "116,569 already enrolled! After a course session ends, it will be",
    "rating": 4.6,
    "image": "https://prod-discovery.edx-cdn.org/media/course/image/c7396192-c639-4cc5-9d37-0722d44a7138-cdaef269d3a7.small.jpg"
  }
]