[
  {
    "name": "Calculus 1B: Integration",
    "level": "Intermediate",
    "desciption": "Discover the integral—what it is and how to compute it. See how to use calculus to model real world phenomena. Part 2 of 3.",
    "catagory": "Math and Logic",
    "subCatagory": "18.01x Single Variable Calculus",
    "time": "Estimated 15 weeks",
    "provider": "MITx",
    "source": "edx",
    "Audit": "Free",
    "certificate": "Optional upgrade available",
    "courseLink": "https://www.edx.org/course/calculus-1b-integration",
    "enrolled": "50,351 already enrolled! After a course session ends, it will be",
    "rating": 4.8,
    "image": "https://prod-discovery.edx-cdn.org/media/course/image/9359cd1d-8478-4784-888b-dea198ce4722-3219c4264f1d.small.jpg"
  },
  {
    "name": "Calculus 1C: Coordinate Systems & Infinite Series",
    "level": "Intermediate",
    "desciption": "Master the calculus of curves and coordinate systems—approximate functions with polynomials and infinite series. Part 3 of 3.",
    "catagory": "Math and Logic",
    "subCatagory": "18.01x Single Variable Calculus",
    "time": "Estimated 13 weeks",
    "provider": "MITx",
    "source": "edx",
    "Audit": "Free",
    "certificate": "Optional upgrade available",
    "courseLink": "https://www.edx.org/course/calculus-1c-coordinate-systems-infinite-series",
    "enrolled": "34,230 already enrolled! After a course session ends, it will be",
    "rating": 4.2,
    "image": "https://prod-discovery.edx-cdn.org/media/course/image/fd92782d-f46f-401b-97d3-fc7bb0266c6f-d17d0dbc93e2.small.jpg"
  },
  {
    "name": "Differential Equations: Linear Algebra and NxN Systems of Differential Equations",
    "level": "Intermediate",
    "desciption": "Learn how to use linear algebra and MATLAB to solve large systems of differential equations.",
    "catagory": "Math and Logic",
    "subCatagory": "18.03x Differential Equations",
    "time": "Estimated 9 weeks",
    "provider": "MITx",
    "source": "edx",
    "Audit": "Free",
    "certificate": "Optional upgrade available",
    "courseLink": "https://www.edx.org/course/differential-equations-linear-algebra-and-nxn-syst",
    "enrolled": "17,579 already enrolled! After a course session ends, it will be",
    "rating": 4.2,
    "image": "https://prod-discovery.edx-cdn.org/media/course/image/539e0847-deeb-43d2-a6d0-258fad9fcba9-ed6c9e8f4bd3.small.jpg"
  },
  {
    "name": "Differential Equations: 2x2 Systems",
    "level": "Intermediate",
    "desciption": "In order to understand most phenomena in the world, we need to understand not just single equations, but systems of differential equations. In this course, we start with 2x2 systems.",
    "catagory": "Math and Logic",
    "subCatagory": "18.03x Differential Equations",
    "time": "Estimated 8 weeks",
    "provider": "MITx",
    "source": "edx",
    "Audit": "Free",
    "certificate": "Optional upgrade available",
    "courseLink": "https://www.edx.org/course/differential-equations-2x2-systems",
    "enrolled": "12,491 already enrolled! After a course session ends, it will be",
    "rating": 4.5,
    "image": "https://prod-discovery.edx-cdn.org/media/course/image/d5a7dfe1-6579-4b2a-b16c-8900f60968ef-e8dd34b2ec81.small.png"
  },
  {
    "name": "Matrix Algebra for Engineers",
    "level": "Beginner",
    "desciption": "This course is all about matrices, and concisely covers the linear algebra that an engineer should know.   The mathematics in this course is presented at the level of an advanced high school student, but typically students should take this course after completing a university-level single variable calculus course.  There are no derivatives or integrals in this course, but students are expected to have attained a sufficient level of mathematical maturity.  Nevertheless, anyone who wants to learn the basics of matrix algebra is welcome to join.",
    "catagory": "Math and Logic",
    "subCatagory": "Algebra & Geometry",
    "time": "4 weeks long, 19 hours worth of material",
    "provider": "The Hong Kong University of Science and Technology",
    "source": "Coursera",
    "Audit": "Free Online Course (Audit)",
    "certificate": "Paid Certificate Available",
    "courseLink": "https://www.classcentral.com/course/matrix-algebra-engineers-11986",
    "enrolled": "16200 already enrolled build",
    "rating": 4.8,
    "image": "https://d3njjcbhbojbot.cloudfront.net/api/utilities/v1/imageproxy/https://coursera-university-assets.s3.amazonaws.com/3a/37974779f7ad2a04626183c2f8951b/ustLogo.png"
  },
  {
    "name": "Linear Algebra IV: Orthogonality & Symmetric Matrices and the SVD",
    "level": "Intermediate",
    "desciption": "This course takes you through roughly five weeks of MATH 1554, Linear Algebra, as taught in the School of Mathematics at The Georgia Institute of Technology.",
    "catagory": "Math and Logic",
    "subCatagory": "Applications of Linear Algebra",
    "time": "Estimated 3 weeks",
    "provider": "GTx",
    "source": "edx",
    "Audit": "Free",
    "certificate": "Optional upgrade available",
    "courseLink": "https://www.edx.org/course/orthogonality-symmetric-matrices-and-the-svd",
    "enrolled": "After a course session ends, it will be",
    "rating": 4.3,
    "image": "https://prod-discovery.edx-cdn.org/media/course/image/52b6c2bf-2b08-4e7b-a7a5-faa2aa294d7e-3608f36e6e73.small.jpeg"
  },
  {
    "name": "Linear Algebra III: Determinants and Eigenvalues",
    "level": "Intermediate",
    "desciption": "This course takes you through roughly three weeks of MATH 1554, Linear Algebra, as taught in the School of Mathematics at The Georgia Institute of Technology.",
    "catagory": "Math and Logic",
    "subCatagory": "Applications of Linear Algebra",
    "time": "Estimated 3 weeks",
    "provider": "GTx",
    "source": "edx",
    "Audit": "Free",
    "certificate": "Optional upgrade available",
    "courseLink": "https://www.edx.org/course/determinants-and-eigenvalues",
    "enrolled": "After a course session ends, it will be",
    "rating": 4.9,
    "image": "https://prod-discovery.edx-cdn.org/media/course/image/c3d00ed5-8ead-4cce-9a3b-c6f12590e44b-b8753cb9a8c2.small.jpeg"
  },
  {
    "name": "Introduction to Calculus",
    "level": "Intermediate",
    "desciption": "The focus and themes of the Introduction to Calculus course address the most important foundations for applications of mathematics in science, engineering and commerce. The course emphasises the key ideas and historical motivation for calculus, while at the same time striking a balance between theory and application, leading to a mastery of key threshold concepts in foundational mathematics.",
    "catagory": "Math and Logic",
    "subCatagory": "Calculus",
    "time": "5 weeks long, 58 hours worth of material",
    "provider": "The University of Sydney",
    "source": "Coursera",
    "Audit": "Free Online Course (Audit)",
    "certificate": "Paid Certificate Available",
    "courseLink": "https://www.classcentral.com/course/introduction-to-calculus-12547",
    "enrolled": 757,
    "rating": 5,
    "image": "https://d3njjcbhbojbot.cloudfront.net/api/utilities/v1/imageproxy/https://coursera-university-assets.s3.amazonaws.com/b6/1c7980e65b11e585a5d1c2a17c7763/USY_Mono_Stacked_Logo_360x360.png"
  },
  {
    "name": "Introduction to Linear Models and Matrix Algebra",
    "level": "Intermediate",
    "desciption": "Learn to use R programming to apply linear models to analyze data in life sciences.",
    "catagory": "Math and Logic",
    "subCatagory": "Data Analysis for Life Sciences",
    "time": "Estimated 4 weeks",
    "provider": "HarvardX",
    "source": "edx",
    "Audit": "Free",
    "certificate": "Optional upgrade available",
    "courseLink": "https://www.edx.org/course/introduction-to-linear-models-and-matrix-algebra",
    "enrolled": "100,105 already enrolled! After a course session ends, it will be",
    "rating": 4.8,
    "image": "https://prod-discovery.edx-cdn.org/media/course/image/0673236f-aaf9-4e38-ba92-c990f4f7b4cb-909797220855.small.jpg"
  },
  {
    "name": "Introduction to Mathematical Thinking",
    "level": "Intermediate",
    "desciption": "Learn how to think the way mathematicians do – a powerful cognitive process developed over thousands of years.",
    "catagory": "Math and Logic",
    "subCatagory": "Foundations of Mathematics",
    "time": "9 weeks long, 38 hours worth of material",
    "provider": "Stanford University",
    "source": "Coursera",
    "Audit": "Free Online Course (Audit)",
    "certificate": "Paid Certificate Available",
    "courseLink": "https://www.classcentral.com/course/maththink-370",
    "enrolled": "9.2k",
    "rating": 4.4,
    "image": "https://d3njjcbhbojbot.cloudfront.net/api/utilities/v1/imageproxy/http://coursera-university-assets.s3.amazonaws.com/e8/7cc3d09d3f11e698dfff46d35f2da1/Stanford_Coursera_Logo.png"
  },
  {
    "name": "Linear Algebra I: Linear Equations",
    "level": "Intermediate",
    "desciption": "This course takes you through the first three weeks of MATH 1554, Linear Algebra, as taught in the School of Mathematics at The Georgia Institute of Technology.",
    "catagory": "Math and Logic",
    "subCatagory": "Introductory Linear Algebra",
    "time": "Estimated 3 weeks",
    "provider": "GTx",
    "source": "edx",
    "Audit": "Free",
    "certificate": "Optional upgrade available",
    "courseLink": "https://www.edx.org/course/linear-equations-part-1",
    "enrolled": "7,871 already enrolled! After a course session ends, it will be",
    "rating": 4.6,
    "image": "https://prod-discovery.edx-cdn.org/media/course/image/00a8431b-01a8-4f69-83b8-eab4785a71f8-a4819326bac8.small.jpeg"
  },
  {
    "name": "Linear Algebra II: Matrix Algebra",
    "level": "Intermediate",
    "desciption": "This course takes you through roughly three weeks of MATH 1554, Linear Algebra, as taught in the School of Mathematics at The Georgia Institute of Technology.",
    "catagory": "Math and Logic",
    "subCatagory": "Introductory Linear Algebra",
    "time": "Estimated 3 weeks",
    "provider": "GTx",
    "source": "edx",
    "Audit": "Free",
    "certificate": "Optional upgrade available",
    "courseLink": "https://www.edx.org/course/matrix-algebra",
    "enrolled": "After a course session ends, it will be",
    "rating": 4,
    "image": "https://prod-discovery.edx-cdn.org/media/course/image/61edae95-3737-485f-b7e8-bb84d2f3ecbe-cbc25e81aec7.small.jpeg"
  },
  {
    "name": "Quantitative Methods in Finance",
    "level": "Not Defined",
    "desciption": "Program covers the time value of money concepts and quantitative techniques applied in decision-making process in corporate finance and valuation of various financial instruments (stocks, bonds etc.).",
    "catagory": "Math and Logic",
    "subCatagory": "Math and Logic",
    "time": "Course 1 of 3 in the",
    "provider": "HSE University",
    "source": "Coursera",
    "Audit": "Free",
    "certificate": "Flexible deadlines",
    "courseLink": "https://www.coursera.org/learn/quantitative-methods-in-finance",
    "enrolled": "3,130",
    "rating": 4.5,
    "image": "https://d3njjcbhbojbot.cloudfront.net/api/utilities/v1/imageproxy/http://coursera-university-assets.s3.amazonaws.com/b1/90986f87ac4cbab18d95de27255442/HSE_white.png"
  },
  {
    "name": "Discrete Math and Analyzing Social Graphs",
    "level": "Not Defined",
    "desciption": "The main goal of this course is to introduce topics in Discrete Mathematics relevant to Data Analysis.",
    "catagory": "Math and Logic",
    "subCatagory": "Math and Logic",
    "time": "Course 1 of 4 in the",
    "provider": "HSE University",
    "source": "Coursera",
    "Audit": "Free",
    "certificate": "Flexible deadlines",
    "courseLink": "https://www.coursera.org/learn/discrete-math-and-analyzing-social-graphs",
    "enrolled": "29,292",
    "rating": 4.4,
    "image": "https://d3njjcbhbojbot.cloudfront.net/api/utilities/v1/imageproxy/http://coursera-university-assets.s3.amazonaws.com/b1/90986f87ac4cbab18d95de27255442/HSE_white.png"
  },
  {
    "name": "Stochastic processes",
    "level": "Intermediate Level",
    "desciption": "The purpose of this course is to equip students with theoretical knowledge and practical skills, which are necessary for the analysis of stochastic dynamical systems in economics, engineering and other fields.",
    "catagory": "Math and Logic",
    "subCatagory": "Math and Logic",
    "time": "Approx. 23 hours to complete",
    "provider": "HSE University",
    "source": "Coursera",
    "Audit": "Free",
    "certificate": "Flexible deadlines",
    "courseLink": "https://www.coursera.org/learn/stochasticprocesses",
    "enrolled": "40,134",
    "rating": 4.5,
    "image": "https://d3njjcbhbojbot.cloudfront.net/api/utilities/v1/imageproxy/http://coursera-university-assets.s3.amazonaws.com/b1/90986f87ac4cbab18d95de27255442/HSE_white.png"
  },
  {
    "name": "Mathematics for Machine Learning: Multivariate Calculus",
    "level": "Beginner Level",
    "desciption": "This course offers a brief introduction to the multivariate calculus required to build many common machine learning techniques. We start at the very beginning with a refresher on the “rise over run” formulation of a slope, before converting this to the formal definition of the gradient of a function. We then start to build up a set of tools for making calculus easier and faster. Next, we learn how to calculate vectors that point up hill on multidimensional surfaces and even put this into action using an interactive game. We take a look at how we can use calculus to build approximations to functions, as well as helping us to quantify how accurate we should expect those approximations to be. We also spend some time talking about where calculus comes up in the training of neural networks, before finally showing you how it is applied in linear regression models. This course is intended to offer an intuitive understanding of calculus, as well as the language necessary to look concepts up yourselves when you get stuck. Hopefully, without going into too much detail, you’ll still come away with the confidence to dive into some more focused machine learning courses in future.",
    "catagory": "Math and Logic",
    "subCatagory": "Math and Logic",
    "time": "Course 2 of 3 in the",
    "provider": "Imperial College London",
    "source": "Coursera",
    "Audit": "Free",
    "certificate": "Flexible deadlines",
    "courseLink": "https://www.coursera.org/learn/multivariate-calculus-machine-learning",
    "enrolled": "97,250",
    "rating": 4.7,
    "image": "https://d3njjcbhbojbot.cloudfront.net/api/utilities/v1/imageproxy/http://coursera-university-assets.s3.amazonaws.com/b1/f66aa00aa811e8b14d27d7114bc00b/ImperialCollegeLondon_BLUE_500x500px.png"
  },
  {
    "name": "Precalculus: Periodic Functions",
    "level": "Not Defined",
    "desciption": "This course helps to build the foundational material to use mathematics as a tool to model, understand, and interpret the world around us.  This is done through studying functions, their properties, and applications to data analysis.  Concepts of precalculus provide the set of tools for the beginning student to begin their scientific career, preparing them for future science and calculus courses. This course is designed for all students, not just those interested in further mathematics courses.  Students interested in the natural sciences, computer sciences, psychology, sociology, or similar will genuinely benefit from this introductory course, applying the skills learned to their discipline to analyze and interpret their subject material.  Students will be presented with not only new ideas, but also new applications of an old subject. Real-life data, exercise sets, and regular assessments help to motivate and reinforce the content in this course, leading to learning and mastery.",
    "catagory": "Math and Logic",
    "subCatagory": "Math and Logic",
    "time": "Course 2 of 3 in the",
    "provider": "Johns Hopkins University",
    "source": "Coursera",
    "Audit": "Free",
    "certificate": "Flexible deadlines",
    "courseLink": "https://www.coursera.org/learn/precalculus-periodic-functions",
    "enrolled": "1,605",
    "rating": 4.7,
    "image": "https://d3njjcbhbojbot.cloudfront.net/api/utilities/v1/imageproxy/https://coursera-university-assets.s3.amazonaws.com/74/7ae340ec6911e5b395490a2a565172/JHU-Logo-Square-Mini_180px.png"
  },
  {
    "name": "Precalculus: Mathematical Modeling",
    "level": "Not Defined",
    "desciption": "This course helps to build the foundational material to use mathematics as a tool to model, understand, and interpret the world around us. This is done through studying functions, their properties, and applications to data analysis. Concepts of precalculus provide the set of tools for the beginning student to begin their scientific career, preparing them for future science and calculus courses. This course is designed for all students, not just those interested in further mathematics courses. Students interested in the natural sciences, computer sciences, psychology, sociology, or similar will genuinely benefit from this introductory course, applying the skills learned to their discipline to analyze and interpret their subject material. Students will be presented with not only new ideas, but also new applications of an old subject. Real-life data, exercise sets, and regular assessments help to motivate and reinforce the content in this course, leading to learning and mastery.",
    "catagory": "Math and Logic",
    "subCatagory": "Math and Logic",
    "time": "Course 3 of 3 in the",
    "provider": "Johns Hopkins University",
    "source": "Coursera",
    "Audit": "Free",
    "certificate": "Flexible deadlines",
    "courseLink": "https://www.coursera.org/learn/precalculus-mathematical-modelling",
    "enrolled": "2,130",
    "rating": 4.5,
    "image": "https://d3njjcbhbojbot.cloudfront.net/api/utilities/v1/imageproxy/https://coursera-university-assets.s3.amazonaws.com/74/7ae340ec6911e5b395490a2a565172/JHU-Logo-Square-Mini_180px.png"
  },
  {
    "name": "Algebra: Elementary to Advanced - Equations & Inequalities",
    "level": "Beginner Level",
    "desciption": "This course is intended for students looking to create a solid algebraic foundation of fundamental mathematical concepts from which to take more advanced courses that use concepts from precalculus, calculus, probability, and statistics. This course will help solidify your computational methods, review algebraic formulas and properties, and apply these concepts model real world situations. This course is for any student who will use algebraic skills in future mathematics courses. Topics include: the real numbers, equalities, inequalities, polynomials, rational expressions and equations, graphs, relations and functions, radicals and exponents, and quadratic equations.",
    "catagory": "Math and Logic",
    "subCatagory": "Math and Logic",
    "time": "Course 1 of 3 in the",
    "provider": "Johns Hopkins University",
    "source": "Coursera",
    "Audit": "Free",
    "certificate": "Flexible deadlines",
    "courseLink": "https://www.coursera.org/learn/algebra-i",
    "enrolled": "5,090",
    "rating": 4.8,
    "image": "https://d3njjcbhbojbot.cloudfront.net/api/utilities/v1/imageproxy/https://coursera-university-assets.s3.amazonaws.com/74/7ae340ec6911e5b395490a2a565172/JHU-Logo-Square-Mini_180px.png"
  },
  {
    "name": "Precalculus: Relations and Functions",
    "level": "Not Defined",
    "desciption": "This course helps to build the foundational material to use mathematics as a tool to model, understand, and interpret the world around us. This is done through studying functions, their properties, and applications to data analysis. Concepts of precalculus provide the set of tools for the beginning student to begin their scientific career, preparing them for future science and calculus courses. This course is designed for all students, not just those interested in further mathematics courses. Students interested in the natural sciences, computer sciences, psychology, sociology, or similar will genuinely benefit from this introductory course, applying the skills learned to their discipline to analyze and interpret their subject material. Students will be presented with not only new ideas, but also new applications of an old subject. Real-life data, exercise sets, and regular assessments help to motivate and reinforce the content in this course, leading to learning and mastery.",
    "catagory": "Math and Logic",
    "subCatagory": "Math and Logic",
    "time": "Course 1 of 3 in the",
    "provider": "Johns Hopkins University",
    "source": "Coursera",
    "Audit": "Free",
    "certificate": "Flexible deadlines",
    "courseLink": "https://www.coursera.org/learn/precalculus-relations-functions",
    "enrolled": "5,767",
    "rating": 4.6,
    "image": "https://d3njjcbhbojbot.cloudfront.net/api/utilities/v1/imageproxy/https://coursera-university-assets.s3.amazonaws.com/74/7ae340ec6911e5b395490a2a565172/JHU-Logo-Square-Mini_180px.png"
  },
  {
    "name": "Mathematical Biostatistics Boot Camp 1",
    "level": "Not Defined",
    "desciption": "This class presents the fundamental probability and statistical concepts used in elementary data analysis. It will be taught at an introductory level for students with junior or senior college-level mathematical training including a working knowledge of calculus. A small amount of linear algebra and programming are useful for the class, but not required.",
    "catagory": "Math and Logic",
    "subCatagory": "Math and Logic",
    "time": "Course 1 of 4 in the",
    "provider": "Johns Hopkins University",
    "source": "Coursera",
    "Audit": "Free",
    "certificate": "Flexible deadlines",
    "courseLink": "https://www.coursera.org/learn/biostatistics",
    "enrolled": "61,673",
    "rating": 4.5,
    "image": "https://d3njjcbhbojbot.cloudfront.net/api/utilities/v1/imageproxy/https://coursera-university-assets.s3.amazonaws.com/74/7ae340ec6911e5b395490a2a565172/JHU-Logo-Square-Mini_180px.png"
  },
  {
    "name": "Calculus through Data & Modeling: Applying Differentiation",
    "level": "Intermediate Level",
    "desciption": "As rates of change, derivatives give us information about the shape of a graph. In this course, we will apply the derivative to find linear approximations for single-variable and multi-variable functions. This gives us a straightforward way to estimate functions that may be complicated or difficult to evaluate. We will also use the derivative to locate the maximum and minimum values of a function. These optimization techniques are important for all fields, including the natural sciences and data analysis. The topics in this course lend themselves to many real-world applications, such as machine learning, minimizing costs or maximizing profits.",
    "catagory": "Math and Logic",
    "subCatagory": "Math and Logic",
    "time": "Course 4 of 4 in the",
    "provider": "Johns Hopkins University",
    "source": "Coursera",
    "Audit": "Free",
    "certificate": "Flexible deadlines",
    "courseLink": "https://www.coursera.org/learn/calculus-through-data-and-modelling-applying-differentiation",
    "enrolled": "1 hour to complete",
    "rating": "",
    "image": "https://d3njjcbhbojbot.cloudfront.net/api/utilities/v1/imageproxy/https://coursera-university-assets.s3.amazonaws.com/74/7ae340ec6911e5b395490a2a565172/JHU-Logo-Square-Mini_180px.png"
  },
  {
    "name": "Calculus through Data & Modelling: Techniques of Integration",
    "level": "Intermediate Level",
    "desciption": "In this course, we build on previously defined notions of the integral of a single-variable function over an interval. Now, we will extend our understanding of integrals to work with functions of more than one variable. First, we will learn how to integrate a real-valued multivariable function over different regions in the plane. Then, we will introduce vector functions, which assigns a point to a vector. This will prepare us for our final course in the specialization on vector calculus. Finally, we will introduce techniques to approximate definite integrals when working with discrete data and through a peer reviewed project on, apply these techniques real world problems.",
    "catagory": "Math and Logic",
    "subCatagory": "Math and Logic",
    "time": "Course 2 of 4 in the",
    "provider": "Johns Hopkins University",
    "source": "Coursera",
    "Audit": "Free",
    "certificate": "Flexible deadlines",
    "courseLink": "https://www.coursera.org/learn/calculus-through-data-and-modelling-techniques-of-integration",
    "enrolled": "1 hour to complete",
    "rating": "",
    "image": "https://d3njjcbhbojbot.cloudfront.net/api/utilities/v1/imageproxy/https://coursera-university-assets.s3.amazonaws.com/74/7ae340ec6911e5b395490a2a565172/JHU-Logo-Square-Mini_180px.png"
  },
  {
    "name": "Calculus through Data & Modelling: Integration Applications",
    "level": "Not Defined",
    "desciption": "This course continues your study of calculus by focusing on the applications of integration. The applications in this section have many common features. First, each is an example of a quantity that is computed by evaluating a definite integral. Second, the formula for that application is derived from Riemann sums.",
    "catagory": "Math and Logic",
    "subCatagory": "Math and Logic",
    "time": "Course 3 of 4 in the",
    "provider": "Johns Hopkins University",
    "source": "Coursera",
    "Audit": "Free",
    "certificate": "Flexible deadlines",
    "courseLink": "https://www.coursera.org/learn/calculus-through-data-and-modelling-integration-applications",
    "enrolled": "1 hour to complete",
    "rating": "",
    "image": "https://d3njjcbhbojbot.cloudfront.net/api/utilities/v1/imageproxy/https://coursera-university-assets.s3.amazonaws.com/74/7ae340ec6911e5b395490a2a565172/JHU-Logo-Square-Mini_180px.png"
  },
  {
    "name": "Calculus through Data & Modelling: Series and Integration",
    "level": "Intermediate Level",
    "desciption": "This course continues your study of calculus by introducing the notions of series, sequences, and integration.  These foundational tools allow us to develop the theory and applications of the second major tool of calculus: the integral.  Rather than measure rates of change, the integral provides a means for measuring the accumulation of a quantity over some interval of input values.  This notion of accumulation can be applied to different quantities, including money, populations, weight, area, volume, and air pollutants.  The concepts in this course apply to many other disciplines outside of traditional mathematics. Through projects, we will apply the tools of this course to analyze and model real world data, and from that analysis give critiques of policy.",
    "catagory": "Math and Logic",
    "subCatagory": "Math and Logic",
    "time": "Course 1 of 4 in the",
    "provider": "Johns Hopkins University",
    "source": "Coursera",
    "Audit": "Free",
    "certificate": "Flexible deadlines",
    "courseLink": "https://www.coursera.org/learn/calculus-through-data-and-modelling-series-and-integrals",
    "enrolled": "2 hours to complete",
    "rating": 5,
    "image": "https://d3njjcbhbojbot.cloudfront.net/api/utilities/v1/imageproxy/https://coursera-university-assets.s3.amazonaws.com/74/7ae340ec6911e5b395490a2a565172/JHU-Logo-Square-Mini_180px.png"
  },
  {
    "name": "Introduction to Ordinary Differential Equations",
    "level": "Beginner Level",
    "desciption": "In this introductory course on Ordinary Differential Equations, we first provide basic terminologies on the theory of differential equations and then proceed to methods of solving various types of ordinary differential equations. We handle first order differential equations and then second order linear differential equations. We also discuss some related concrete mathematical modeling problems, which can be handled by the methods introduced in this course.",
    "catagory": "Math and Logic",
    "subCatagory": "Math and Logic",
    "time": "Approx. 15 hours to complete",
    "provider": "Korea Advanced Institute of Science and Technology(KAIST)",
    "source": "Coursera",
    "Audit": "Free",
    "certificate": "Flexible deadlines",
    "courseLink": "https://www.coursera.org/learn/ordinary-differential-equations",
    "enrolled": "33,032",
    "rating": 4.7,
    "image": "https://d3njjcbhbojbot.cloudfront.net/api/utilities/v1/imageproxy/https://coursera-university-assets.s3.amazonaws.com/8a/21f6206ef211e4a748b17946e50bcf/__-__-1.png"
  },
  {
    "name": "Analytic Combinatorics",
    "level": "Not Defined",
    "desciption": "Analytic Combinatorics teaches a calculus that enables precise quantitative predictions of large combinatorial structures. This course introduces the symbolic method to derive functional relations among ordinary, exponential, and multivariate generating functions, and methods in complex analysis for deriving accurate asymptotics from the GF equations.",
    "catagory": "Math and Logic",
    "subCatagory": "Math and Logic",
    "time": "Approx. 17 hours to complete",
    "provider": "Princeton University",
    "source": "Coursera",
    "Audit": "Free",
    "certificate": "Flexible deadlines",
    "courseLink": "https://www.coursera.org/learn/analytic-combinatorics",
    "enrolled": "18,865",
    "rating": 4.6,
    "image": "https://d3njjcbhbojbot.cloudfront.net/api/utilities/v1/imageproxy/https://coursera-university-assets.s3.amazonaws.com/44/8de6f8bd5ac4cf7e36bdcf7ceff393/PU_subscription_logo.png"
  },
  {
    "name": "Mathematical Game Theory",
    "level": "Not Defined",
    "desciption": "Every day, almost every minute we make a choice. Right now you have made the choice to read this text instead of scrolling further. Choices can be insignificant: to go by tram or by bus, to take an umbrella or not. Sometimes they can be very significant and even crucial: the choice of University, life partner. However, the importance of choice may not be realized initially. Sometimes a decision \"not to take an umbrella\" radically changes everything.",
    "catagory": "Math and Logic",
    "subCatagory": "Math and Logic",
    "time": "Approx. 14 hours to complete",
    "provider": "Saint Petersburg State University",
    "source": "Coursera",
    "Audit": "Free",
    "certificate": "Flexible deadlines",
    "courseLink": "https://www.coursera.org/learn/mathematical-game-theory",
    "enrolled": "4,789",
    "rating": 3.6,
    "image": "https://d3njjcbhbojbot.cloudfront.net/api/utilities/v1/imageproxy/https://coursera-university-assets.s3.amazonaws.com/f7/9cff8f7e909ad6d37a2f94eb5cfd4f/CoA_Medium_color.png"
  },
  {
    "name": "Information Theory",
    "level": "Not Defined",
    "desciption": "The lectures of this course are based on the first 11 chapters of Prof. Raymond Yeung’s textbook entitled Information Theory and Network Coding (Springer 2008).  This book and its predecessor, A First Course in Information Theory (Kluwer 2002, essentially the first edition of the 2008 book), have been adopted by over 60 universities around the world as either a textbook or reference text.",
    "catagory": "Math and Logic",
    "subCatagory": "Math and Logic",
    "time": "Approx. 33 hours to complete",
    "provider": "The Chinese University of Hong Kong",
    "source": "Coursera",
    "Audit": "Free",
    "certificate": "Flexible deadlines",
    "courseLink": "https://www.coursera.org/learn/information-theory",
    "enrolled": "12,993",
    "rating": 4.7,
    "image": "https://d3njjcbhbojbot.cloudfront.net/api/utilities/v1/imageproxy/https://coursera-university-assets.s3.amazonaws.com/9d/4e1adf8a2b24ca8d681102cf22f035/cuhk_emblem.png"
  },
  {
    "name": "Differential Equations for Engineers",
    "level": "Beginner",
    "desciption": "This course is about differential equations and covers material that all engineers should know.   Both basic theory and applications are taught.  In the first five weeks we will learn about ordinary differential equations, and in the final week, partial differential equations.",
    "catagory": "Math and Logic",
    "subCatagory": "Math and Logic",
    "time": "6 weeks long, 26 hours worth of material",
    "provider": "The Hong Kong University of Science and Technology",
    "source": "Coursera",
    "Audit": "Free Online Course (Audit)",
    "certificate": "Paid Certificate Available",
    "courseLink": "https://www.classcentral.com/course/differential-equations-engineers-13258",
    "enrolled": "14.9k",
    "rating": 4.9,
    "image": "https://d3njjcbhbojbot.cloudfront.net/api/utilities/v1/imageproxy/https://coursera-university-assets.s3.amazonaws.com/3a/37974779f7ad2a04626183c2f8951b/ustLogo.png"
  },
  {
    "name": "Fibonacci Numbers and the Golden Ratio",
    "level": "Beginner",
    "desciption": "Learn the mathematics behind the Fibonacci numbers, the golden ratio, and how they are related. These topics are not usually taught in a typical math curriculum, yet contain many fascinating results that are still accessible to an advanced high school student.",
    "catagory": "Math and Logic",
    "subCatagory": "Math and Logic",
    "time": "3 weeks long, 9 hours worth of material",
    "provider": "The Hong Kong University of Science and Technology",
    "source": "Coursera",
    "Audit": "Free Online Course (Audit)",
    "certificate": "Paid Certificate Available",
    "courseLink": "https://www.classcentral.com/course/fibonacci-6684",
    "enrolled": "25.0k",
    "rating": 4.9,
    "image": "https://d3njjcbhbojbot.cloudfront.net/api/utilities/v1/imageproxy/https://coursera-university-assets.s3.amazonaws.com/3a/37974779f7ad2a04626183c2f8951b/ustLogo.png"
  },
  {
    "name": "Mathematics for Computer Science",
    "level": "Beginner Level",
    "desciption": "“Welcome to Introduction to Numerical Mathematics. This is designed to give you part of the mathematical foundations needed to work in computer science in any of its strands, from business to visual digital arts, music, games. At any stage of the problem solving and modelling stage you will require numerical and computational tools. We get you started in binary and other number bases, some tools to make sense of sequences of numbers, how to represent space numerical using coordinates, how to study variations of quantities via functions and their graphs. For this we prepared computing and everyday life problems for you to solve using these tools, from sending secret messages to designing computer graphics.",
    "catagory": "Math and Logic",
    "subCatagory": "Math and Logic",
    "time": "Course 3 of 3 in the",
    "provider": "University of London",
    "source": "Coursera",
    "Audit": "Free",
    "certificate": "Flexible deadlines",
    "courseLink": "https://www.coursera.org/learn/mathematics-for-computer-science",
    "enrolled": "20,588",
    "rating": 4.1,
    "image": "https://d3njjcbhbojbot.cloudfront.net/api/utilities/v1/imageproxy/http://coursera-university-assets.s3.amazonaws.com/fb/b28a301e0211e8a40e23e4176c8e4a/UoL-Logo_180x180.png"
  },
  {
    "name": "Matrix Methods",
    "level": "Intermediate",
    "desciption": "Mathematical Matrix Methods lie at the root of most methods of machine learning and data analysis of tabular data.  Learn the basics of Matrix Methods, including matrix-matrix multiplication, solving linear equations, orthogonality, and best least squares approximation.   Discover the Singular Value Decomposition that plays a fundamental role in dimensionality reduction, Principal Component Analysis, and noise reduction.  Optional examples using Python are used to illustrate the concepts and allow the learner to experiment with the algorithms.",
    "catagory": "Math and Logic",
    "subCatagory": "Math and Logic",
    "time": "5 weeks long, 6 hours worth of material",
    "provider": "University of Minnesota",
    "source": "Coursera",
    "Audit": "Free Online Course (Audit)",
    "certificate": "Paid Certificate Available",
    "courseLink": "https://www.classcentral.com/course/matrix-methods-13644",
    "enrolled": 45,
    "rating": 3,
    "image": "https://d3njjcbhbojbot.cloudfront.net/api/utilities/v1/imageproxy/https://coursera-university-assets.s3.amazonaws.com/75/a144950f75d01464eef8e64003285c/FB-GoldM-maroon.png"
  },
  {
    "name": "TSI Math Prep MOOC",
    "level": "Not Defined",
    "desciption": "The purpose of this course is to review and practice key concepts in preparation for the math portion of the Texas Success Initiative Assessment 2.0 (TSI2).  The TSI2 is series of placement tests for learners enrolling in public universities in Texas.  This MOOC will cover the four main categories of the Mathematics portion:  Quantitative Reasoning, Algebraic Reasoning, Geometric & Spatial Reasoning, and Probabilistic & Statistical Reasoning.",
    "catagory": "Math and Logic",
    "subCatagory": "Math and Logic",
    "time": "Approx. 34 hours to complete",
    "provider": "University of North Texas",
    "source": "Coursera",
    "Audit": "Free",
    "certificate": "Flexible deadlines",
    "courseLink": "https://www.coursera.org/learn/tsi-math-prep",
    "enrolled": "6 hours to complete",
    "rating": "",
    "image": "https://d3njjcbhbojbot.cloudfront.net/api/utilities/v1/imageproxy/http://coursera-university-assets.s3.amazonaws.com/1a/6984a02c5a45e0bc8c40b02a42bbdb/UNT-logo1.png"
  },
  {
    "name": "Single Variable Calculus",
    "level": "Not Defined",
    "desciption": "Calculus is one of the grandest achievements of human thought, explaining everything from planetary orbits to the optimal size of a city to the periodicity of a heartbeat. This brisk course covers the core ideas of single-variable Calculus with emphases on conceptual understanding and applications. The course is ideal for students beginning in the engineering, physical, and social sciences. Distinguishing features of the course include: 1) the introduction and use of Taylor series and approximations from the beginning; 2) a novel synthesis of discrete and continuous forms of Calculus; 3) an emphasis on the conceptual over the computational; and 4) a clear, dynamic, unified approach.",
    "catagory": "Math and Logic",
    "subCatagory": "Math and Logic",
    "time": "Approx. 14 hours to complete",
    "provider": "University of Pennsylvania",
    "source": "Coursera",
    "Audit": "Free",
    "certificate": "Flexible deadlines",
    "courseLink": "https://www.coursera.org/learn/discrete-calculus",
    "enrolled": "31,535",
    "rating": 4.6,
    "image": "https://d3njjcbhbojbot.cloudfront.net/api/utilities/v1/imageproxy/https://coursera-university-assets.s3.amazonaws.com/5e/4003d6fe94ae4089d5daf13129a515/penn-logo.png"
  },
  {
    "name": "Introduction to Complex Analysis",
    "level": "Intermediate",
    "desciption": "This course provides an introduction to complex analysis which is the theory of complex functions of a complex variable. We will start by introducing the complex plane, along with the algebra and geometry of complex numbers, and then we will make our way via differentiation, integration, complex dynamics, power series representation and Laurent series into territories at the edge of what is known today. Each module consists of five video lectures with embedded quizzes, followed by an electronically graded homework assignment.  Additionally, modules 1, 3, and 5 also contain a peer assessment.",
    "catagory": "Math and Logic",
    "subCatagory": "Math and Logic",
    "time": "8 weeks long, 27 hours worth of material",
    "provider": "Wesleyan University",
    "source": "Coursera",
    "Audit": "Free Online Course (Audit)",
    "certificate": "Paid Certificate Available",
    "courseLink": "https://www.classcentral.com/course/complex-analysis-6418",
    "enrolled": "1.5k",
    "rating": 5,
    "image": "https://d3njjcbhbojbot.cloudfront.net/api/utilities/v1/imageproxy/https://coursera-university-assets.s3.amazonaws.com/13/7948a0d50011e58bd959a86470a32c/ACM15324_Coursera_SquareLogo_0112_SF.png"
  },
  {
    "name": "MathTrackX: Probability",
    "level": "Introductory",
    "desciption": "Understand probability and how it manifests in the world around us.",
    "catagory": "Math and Logic",
    "subCatagory": "MathTrack",
    "time": "Estimated 4 weeks",
    "provider": "AdelaideX",
    "source": "edx",
    "Audit": "Free",
    "certificate": "Optional upgrade available",
    "courseLink": "https://www.edx.org/course/mathtrackx-probability",
    "enrolled": "After a course session ends, it will be",
    "rating": 4.4,
    "image": "https://prod-discovery.edx-cdn.org/media/course/image/07219ce8-2a4c-46e4-8aaf-d5947b45986f-bfabe8589142.small.jpeg"
  },
  {
    "name": "MathTrackX: Polynomials, Functions and Graphs",
    "level": "Introductory",
    "desciption": "Develop an understanding of polynomials, functions and graphs and how these build the foundation for more complex mathematical concepts.",
    "catagory": "Math and Logic",
    "subCatagory": "MathTrack",
    "time": "Estimated 4 weeks",
    "provider": "AdelaideX",
    "source": "edx",
    "Audit": "Free",
    "certificate": "Optional upgrade available",
    "courseLink": "https://www.edx.org/course/mathtrackx-polynomials-functions-and-graphs",
    "enrolled": "8,264 already enrolled! After a course session ends, it will be",
    "rating": 4.8,
    "image": "https://prod-discovery.edx-cdn.org/media/course/image/834a2b41-9713-4ec2-a65a-236fa5b4cf50-fb4d220f125f.small.jpeg"
  },
  {
    "name": "MathTrackX: Statistics",
    "level": "Introductory",
    "desciption": "Understand fundamental concepts relating to statistical inference and how they can be applied to solve real world problems.",
    "catagory": "Math and Logic",
    "subCatagory": "MathTrack",
    "time": "Estimated 4 weeks",
    "provider": "AdelaideX",
    "source": "edx",
    "Audit": "Free",
    "certificate": "Optional upgrade available",
    "courseLink": "https://www.edx.org/course/mathtrackx-statistics",
    "enrolled": "After a course session ends, it will be",
    "rating": 4.8,
    "image": "https://prod-discovery.edx-cdn.org/media/course/image/b52df120-4002-4285-956c-0f3e3710d1fc-bc357cc5636d.small.jpeg"
  },
  {
    "name": "MathTrackX: Integral Calculus",
    "level": "Introductory",
    "desciption": "Discover concepts and techniques relating to integration and how they can be applied to solve real world problems.",
    "catagory": "Math and Logic",
    "subCatagory": "MathTrack",
    "time": "Estimated 4 weeks",
    "provider": "AdelaideX",
    "source": "edx",
    "Audit": "Free",
    "certificate": "Optional upgrade available",
    "courseLink": "https://www.edx.org/course/mathtrackx-integral-calculus",
    "enrolled": "After a course session ends, it will be",
    "rating": 4.9,
    "image": "https://prod-discovery.edx-cdn.org/media/course/image/c6097542-da7f-4b5e-a141-9ac817e513ad-665d4fb3cc85.small.jpeg"
  },
  {
    "name": "MathTrackX: Differential Calculus",
    "level": "Introductory",
    "desciption": "Discover concepts and techniques relating to differentiation and how they can be applied to solve real world problems.",
    "catagory": "Math and Logic",
    "subCatagory": "MathTrack",
    "time": "Estimated 4 weeks",
    "provider": "AdelaideX",
    "source": "edx",
    "Audit": "Free",
    "certificate": "Optional upgrade available",
    "courseLink": "https://www.edx.org/course/mathtrackx-differential-calculus",
    "enrolled": "After a course session ends, it will be",
    "rating": 4.6,
    "image": "https://prod-discovery.edx-cdn.org/media/course/image/d096f9cd-884f-4a35-b10a-d3789239baa9-1363b939c714.small.jpeg"
  },
  {
    "name": "MathTrackX: Special Functions",
    "level": "Introductory",
    "desciption": "Understand trigonometric, exponential and logarithmic functions and how they can be applied in the real world.",
    "catagory": "Math and Logic",
    "subCatagory": "MathTrack",
    "time": "Estimated 4 weeks",
    "provider": "AdelaideX",
    "source": "edx",
    "Audit": "Free",
    "certificate": "Optional upgrade available",
    "courseLink": "https://www.edx.org/course/mathtrackx-special-functions",
    "enrolled": "After a course session ends, it will be",
    "rating": 4.7,
    "image": "https://prod-discovery.edx-cdn.org/media/course/image/d8439a4b-2637-4015-80df-a77a734a502a-258945fd905c.small.jpeg"
  },
  {
    "name": "Precalculus",
    "level": "Intermediate",
    "desciption": "This college-level,",
    "catagory": "Math and Logic",
    "subCatagory": "Others",
    "time": "Estimated 15 weeks",
    "provider": "ASUx",
    "source": "edx",
    "Audit": "Free",
    "certificate": "Optional upgrade available",
    "courseLink": "https://www.edx.org/course/precalculus",
    "enrolled": "65,527 already enrolled! After a course session ends, it will be",
    "rating": 4.5,
    "image": "https://prod-discovery.edx-cdn.org/media/course/image/00709489-3c0e-4715-9034-2c3531f37bc8-3bb16f59d44d.small.jpg"
  },
  {
    "name": "College Algebra and Problem Solving",
    "level": "Introductory",
    "desciption": "Learn the basics of Algebra while preparing for future courses in Calculus through this",
    "catagory": "Math and Logic",
    "subCatagory": "Others",
    "time": "Estimated 15 weeks",
    "provider": "ASUx",
    "source": "edx",
    "Audit": "Free",
    "certificate": "Optional upgrade available",
    "courseLink": "https://www.edx.org/course/college-algebra-and-problem-solving",
    "enrolled": "109,929 already enrolled! After a course session ends, it will be",
    "rating": 4.8,
    "image": "https://prod-discovery.edx-cdn.org/media/course/image/0dd8e1f7-7965-4b5d-a2de-283eea490d51-65663438c5a9.small.jpg"
  },
  {
    "name": "College Algebra",
    "level": "Intermediate",
    "desciption": "This College Algebra course will cover fundamental concepts of algebra required to interpret a variety of functions and equations.",
    "catagory": "Math and Logic",
    "subCatagory": "Others",
    "time": "Estimated 8 weeks",
    "provider": "DoaneX",
    "source": "edx",
    "Audit": "Free",
    "certificate": "Optional upgrade available",
    "courseLink": "https://www.edx.org/course/college-algebra",
    "enrolled": "After a course session ends, it will be",
    "rating": 4.3,
    "image": "https://prod-discovery.edx-cdn.org/media/course/image/502f792c-6469-49ae-bf04-b6b2ce882f14-9d5ab9bfbf95.small.jpeg"
  },
  {
    "name": "Optimization: principles and algorithms - Unconstrained nonlinear optimization",
    "level": "Introductory",
    "desciption": "Introduction to unconstrained nonlinear optimization, Newton’s algorithms and descent methods.",
    "catagory": "Math and Logic",
    "subCatagory": "Others",
    "time": "Estimated 6 weeks",
    "provider": "EPFLx",
    "source": "edx",
    "Audit": "Free",
    "certificate": "Optional upgrade available",
    "courseLink": "https://www.edx.org/course/unconstrained-nonlinear-optimization",
    "enrolled": "After a course session ends, it will be",
    "rating": 4.2,
    "image": "https://prod-discovery.edx-cdn.org/media/course/image/07bf7670-336f-402c-a3f1-eaaccfce0556-0e9ce4f04af6.small.jpeg"
  },
  {
    "name": "Optimization: principles and algorithms - Network and discrete optimization",
    "level": "Intermediate",
    "desciption": "Introduction to network optimization and discrete optimization",
    "catagory": "Math and Logic",
    "subCatagory": "Others",
    "time": "Estimated 5 weeks",
    "provider": "EPFLx",
    "source": "edx",
    "Audit": "Free",
    "certificate": "Optional upgrade available",
    "courseLink": "https://www.edx.org/course/network-and-discrete-optimization",
    "enrolled": "After a course session ends, it will be",
    "rating": 4.8,
    "image": "https://prod-discovery.edx-cdn.org/media/course/image/62583e12-b65d-495c-828e-5049f8e331b6-bcbf20e96f09.small.jpeg"
  },
  {
    "name": "Optimization: principles and algorithms - Linear optimization",
    "level": "Introductory",
    "desciption": "Introduction to linear optimization, duality and the simplex algorithm.",
    "catagory": "Math and Logic",
    "subCatagory": "Others",
    "time": "Estimated 5 weeks",
    "provider": "EPFLx",
    "source": "edx",
    "Audit": "Free",
    "certificate": "Optional upgrade available",
    "courseLink": "https://www.edx.org/course/linear-optimization",
    "enrolled": "After a course session ends, it will be",
    "rating": 5,
    "image": "https://prod-discovery.edx-cdn.org/media/course/image/792721c6-059e-468f-9fb6-8efda55e151e-b6554da1577e.small.jpeg"
  },
  {
    "name": "Calculus Applied!",
    "level": "Intermediate",
    "desciption": "Apply tools of single-variable calculus to create and analyze mathematical models used by real practitioners in social, life, and physical sciences.",
    "catagory": "Math and Logic",
    "subCatagory": "Others",
    "time": "Estimated 10 weeks",
    "provider": "HarvardX",
    "source": "edx",
    "Audit": "Free",
    "certificate": "Optional upgrade available",
    "courseLink": "https://www.edx.org/course/calculus-applied",
    "enrolled": "84,112 already enrolled! After a course session ends, it will be",
    "rating": 4.2,
    "image": "https://prod-discovery.edx-cdn.org/media/course/image/08f162d1-6943-490b-8e0b-ee6fd5ab256e-e59757cca83d.small.jpg"
  },
  {
    "name": "Fat Chance: Probability from the Ground Up",
    "level": "Introductory",
    "desciption": "Increase your quantitative reasoning skills through a deeper understanding of probability and statistics.",
    "catagory": "Math and Logic",
    "subCatagory": "Others",
    "time": "Estimated 7 weeks",
    "provider": "HarvardX",
    "source": "edx",
    "Audit": "Free",
    "certificate": "Optional upgrade available",
    "courseLink": "https://www.edx.org/course/fat-chance-probability-from-the-ground-up-2",
    "enrolled": "82,231 already enrolled! After a course session ends, it will be",
    "rating": 4.7,
    "image": "https://prod-discovery.edx-cdn.org/media/course/image/97f16f83-5e8a-496c-9086-5634c8edccbb-95970686ef9b.small.jpg"
  },
  {
    "name": "Engineering Calculus and Differential Equations",
    "level": "Introductory",
    "desciption": "Learn fundamental concepts of single-variable calculus and ordinary differential equations, as well as their applications in engineering fields. Apply mathematical skills to model and solve engineering problems.",
    "catagory": "Math and Logic",
    "subCatagory": "Others",
    "time": "Estimated 6 weeks",
    "provider": "HKUx",
    "source": "edx",
    "Audit": "Free",
    "certificate": "Optional upgrade available",
    "courseLink": "https://www.edx.org/course/engineering-calculus-and-differential-equations",
    "enrolled": "26,685 already enrolled! After a course session ends, it will be",
    "rating": 4.1,
    "image": "https://prod-discovery.edx-cdn.org/media/course/image/ef5dcb87-b65b-46a6-bb2a-c5a3f7807845-3fe3fc846683.small.jpg"
  },
  {
    "name": "A-level Further Mathematics for Year 12 - Course 1: Complex Numbers, Matrices, Roots of Polynomial Equations and Vectors",
    "level": "Intermediate",
    "desciption": "Develop your thinking skills, fluency and confidence in A-level further maths and prepare for undergraduate STEM degrees.",
    "catagory": "Math and Logic",
    "subCatagory": "Others",
    "time": "Estimated 7 weeks",
    "provider": "ImperialX",
    "source": "edx",
    "Audit": "Free",
    "certificate": "Optional upgrade available",
    "courseLink": "https://www.edx.org/course/further-mathematics-year-12-course-1",
    "enrolled": "After a course session ends, it will be",
    "rating": 4.7,
    "image": "https://prod-discovery.edx-cdn.org/media/course/image/061b8a81-b1df-4b50-88a8-a51318aad2e4-dfe0565d809a.small.jpeg"
  },
  {
    "name": "A-level Mathematics for Year 12 - Course 1: Algebraic Methods, Graphs and Applied Mathematics Methods",
    "level": "Intermediate",
    "desciption": "Develop your thinking skills, fluency and confidence to aim for an A* in A-level maths and prepare for undergraduate STEM degrees.",
    "catagory": "Math and Logic",
    "subCatagory": "Others",
    "time": "Estimated 7 weeks",
    "provider": "ImperialX",
    "source": "edx",
    "Audit": "Free",
    "certificate": "Optional upgrade available",
    "courseLink": "https://www.edx.org/course/a-level-mathematics-for-year-12-course-1-algebraic",
    "enrolled": "37,357 already enrolled! After a course session ends, it will be",
    "rating": 4.7,
    "image": "https://prod-discovery.edx-cdn.org/media/course/image/37a24f56-f624-41f2-859f-fda43f451e54-c510e1ec2f30.small.jpg"
  },
  {
    "name": "A-level Mathematics for Year 13 - Course 1: Functions, Sequences and Series, and Numerical Methods",
    "level": "Intermediate",
    "desciption": "Develop your thinking skills, fluency and confidence to aim for an A* in A-level maths and prepare for undergraduate STEM degrees.",
    "catagory": "Math and Logic",
    "subCatagory": "Others",
    "time": "Estimated 7 weeks",
    "provider": "ImperialX",
    "source": "edx",
    "Audit": "Free",
    "certificate": "Optional upgrade available",
    "courseLink": "https://www.edx.org/course/a-level-mathematics-for-year-13-course-1-functions",
    "enrolled": "9,672 already enrolled! After a course session ends, it will be",
    "rating": 5,
    "image": "https://prod-discovery.edx-cdn.org/media/course/image/52c62c54-85ec-48de-bf62-a7ff737ee3d0-68eef180a5f3.small.jpg"
  },
  {
    "name": "A-level Mathematics for Year 13 - Course 2: General Motion, Moments and Equilibrium, The Normal Distribution, Vectors, Differentiation Methods, Integration Methods and Differential Equations",
    "level": "Intermediate",
    "desciption": "Develop your thinking skills, fluency and confidence to aim for an A* in A-level maths and prepare for undergraduate STEM degrees.",
    "catagory": "Math and Logic",
    "subCatagory": "Others",
    "time": "Estimated 7 weeks",
    "provider": "ImperialX",
    "source": "edx",
    "Audit": "Free",
    "certificate": "Optional upgrade available",
    "courseLink": "https://www.edx.org/course/a-level-mathematics-for-year-13-course-2",
    "enrolled": "5,195 already enrolled! After a course session ends, it will be",
    "rating": 4,
    "image": "https://prod-discovery.edx-cdn.org/media/course/image/6c9b7d4f-592b-4e65-9419-d421a7c75df6-be20b96e80a3.small.jpeg"
  },
  {
    "name": "A-level Mathematics for Year 12 - Course 2: Calculus, Newton’s Laws and Hypothesis Testing",
    "level": "Intermediate",
    "desciption": "Develop your thinking skills, fluency and confidence to aim for an A* in A-level mathematics and prepare for undergraduate STEM degrees.",
    "catagory": "Math and Logic",
    "subCatagory": "Others",
    "time": "Estimated 7 weeks",
    "provider": "ImperialX",
    "source": "edx",
    "Audit": "Free",
    "certificate": "Optional upgrade available",
    "courseLink": "https://www.edx.org/course/a-level-mathematics-for-year-12-course-2-calculus",
    "enrolled": "9,102 already enrolled! After a course session ends, it will be",
    "rating": 4.9,
    "image": "https://prod-discovery.edx-cdn.org/media/course/image/bbf0ed54-4e19-496a-a2b6-e3c468f15ea4-758838a66a82.small.jpg"
  },
  {
    "name": "A-Level Further Mathematics for Year 12 - Course 2: 3 x 3 Matrices, Mathematical Induction, Calculus Methods and Applications, Maclaurin Series, Complex Numbers and Polar Coordinates",
    "level": "Intermediate",
    "desciption": "Develop your thinking skills, fluency and confidence in A-level further maths and prepare for undergraduate STEM degrees.",
    "catagory": "Math and Logic",
    "subCatagory": "Others",
    "time": "Estimated 7 weeks",
    "provider": "ImperialX",
    "source": "edx",
    "Audit": "Free",
    "certificate": "Optional upgrade available",
    "courseLink": "https://www.edx.org/course/further-mathematics-year-12-course-2",
    "enrolled": "After a course session ends, it will be",
    "rating": 4,
    "image": "https://prod-discovery.edx-cdn.org/media/course/image/d4d97469-8942-4f0d-8841-6ceb34052daf-79c4286282a0.small.jpeg"
  },
  {
    "name": "More Fun with Prime Numbers",
    "level": "Intermediate",
    "desciption": "Take a deep dive into Prime Numbers - one of the most mysterious and important subjects in mathematics!",
    "catagory": "Math and Logic",
    "subCatagory": "Others",
    "time": "Estimated 5 weeks",
    "provider": "KyotoUx",
    "source": "edx",
    "Audit": "Free",
    "certificate": "Optional upgrade available",
    "courseLink": "https://www.edx.org/course/more-fun-with-prime-numbers",
    "enrolled": "11,081 already enrolled! After a course session ends, it will be",
    "rating": 4.1,
    "image": "https://prod-discovery.edx-cdn.org/media/course/image/4606b5df-d59d-4d51-a074-ddac16cd6d64-d1043aa81eda.small.jpg"
  },
  {
    "name": "Ordinary Differential Equations and Linear Algebra - Part 2",
    "level": "Intermediate",
    "desciption": "Study of ordinary differential equations (e.g., solutions to separable and linear first-order equations and to higher-order linear equations with constant coefficients, systems of linear differential equations, the properties of solutions to differential equations) and linear algebra (e.g., vector spaces and solutions to algebraic linear equations, dimension, eigenvalues, and eigenvectors of a matrix), as well as the application of linear algebra to first-order systems of differential equations and the qualitative theory of nonlinear systems and phase portraits.",
    "catagory": "Math and Logic",
    "subCatagory": "Others",
    "time": "Estimated 7 weeks",
    "provider": "RICEx",
    "source": "edx",
    "Audit": "Free",
    "certificate": "Optional upgrade available",
    "courseLink": "https://www.edx.org/course/ordinary-differential-equations-and-linear-algebra-part-2",
    "enrolled": "After a course session ends, it will be",
    "rating": 4,
    "image": "https://prod-discovery.edx-cdn.org/media/course/image/91e60ea3-eaee-4cd0-bb36-6d082289a84d-06853139d3f8.small.jpeg"
  },
  {
    "name": "Ordinary Differential Equations and Linear Algebra - Part 1",
    "level": "Intermediate",
    "desciption": "Study of ordinary differential equations (e.g., solutions to separable and linear first-order equations and to higher-order linear equations with constant coefficients, systems of linear differential equations, the properties of solutions to differential equations) and linear algebra (e.g., vector spaces and solutions to algebraic linear equations, dimension, eigenvalues, and eigenvectors of a matrix), as well as the application of linear algebra to first-order systems of differential equations and the qualitative theory of nonlinear systems and phase portraits.",
    "catagory": "Math and Logic",
    "subCatagory": "Others",
    "time": "Estimated 7 weeks",
    "provider": "RICEx",
    "source": "edx",
    "Audit": "Free",
    "certificate": "Optional upgrade available",
    "courseLink": "https://www.edx.org/course/ordinary-differential-equations-and-linear-algebra",
    "enrolled": "After a course session ends, it will be",
    "rating": 4.4,
    "image": "https://prod-discovery.edx-cdn.org/media/course/image/ed109ca0-33b9-43a9-95a7-8fa031478b7f-b605a5a6daaf.small.jpeg"
  },
  {
    "name": "Introduction to Algebra",
    "level": "Introductory",
    "desciption": "Solve equations, draw graphs, and play with quadratics in this interactive course!",
    "catagory": "Math and Logic",
    "subCatagory": "Others",
    "time": "Estimated 4 weeks",
    "provider": "SchoolYourself",
    "source": "edx",
    "Audit": "Free",
    "certificate": "Optional upgrade available",
    "courseLink": "https://www.edx.org/course/introduction-to-algebra",
    "enrolled": "144,431 already enrolled! After a course session ends, it will be",
    "rating": 4.3,
    "image": "https://prod-discovery.edx-cdn.org/media/course/image/64f34469-e385-40a4-92af-67ab8e3a18eb-1a5112257328.small.jpg"
  },
  {
    "name": "Introduction to Geometry",
    "level": "Introductory",
    "desciption": "Measure angles, prove geometric theorems, and discover how to calculate areas and volumes in this interactive course!",
    "catagory": "Math and Logic",
    "subCatagory": "Others",
    "time": "Estimated 14 weeks",
    "provider": "SchoolYourself",
    "source": "edx",
    "Audit": "Free",
    "certificate": "Optional upgrade available",
    "courseLink": "https://www.edx.org/course/introduction-to-geometry",
    "enrolled": "65,481 already enrolled! After a course session ends, it will be",
    "rating": 4.4,
    "image": "https://prod-discovery.edx-cdn.org/media/course/image/fbef1d85-0ece-434b-8131-417658de3e5f-38747f5c6aba.small.jpg"
  },
  {
    "name": "Question Everything: Scientific Thinking in Real Life",
    "level": "Introductory",
    "desciption": "Learn how to use math and science to solve everyday problems.",
    "catagory": "Math and Logic",
    "subCatagory": "Others",
    "time": "Estimated 8 weeks",
    "provider": "UQx",
    "source": "edx",
    "Audit": "Free",
    "certificate": "Optional upgrade available",
    "courseLink": "https://www.edx.org/course/question-everything-scientific-thinking-in-real-li",
    "enrolled": "34,855 already enrolled! After a course session ends, it will be",
    "rating": 4.1,
    "image": "https://prod-discovery.edx-cdn.org/media/course/image/9d0109cc-c182-4626-bf5f-990f0ff1b5a8-d5ac95aab5d4.small.jpg"
  },
  {
    "name": "Data for Effective Policy Making",
    "level": "Introductory",
    "desciption": "Take control of data and gain a better understanding of the tools used in public policy planning, management, and evaluation.",
    "catagory": "Math and Logic",
    "subCatagory": "Results-Based Project Management",
    "time": "Estimated 10 weeks",
    "provider": "IDBx",
    "source": "edx",
    "Audit": "Free",
    "certificate": "Optional upgrade available",
    "courseLink": "https://www.edx.org/course/data-for-effective-policy-making",
    "enrolled": "16,308 already enrolled! After a course session ends, it will be",
    "rating": 4.9,
    "image": "https://prod-discovery.edx-cdn.org/media/course/image/0582ea24-0299-4b00-9254-9aa516e3913b-1d0eb20ba719.small.jpg"
  },
  {
    "name": "Pre-University Calculus",
    "level": "Introductory",
    "desciption": "Prepare for introductory calculus courses by reviewing functions, equations, differentiation, integration and analytic geometry.",
    "catagory": "Math and Logic",
    "subCatagory": "Science and Engineering Prep: Pre-university Calculus and Physics.",
    "time": "Estimated 8 weeks",
    "provider": "DelftX",
    "source": "edx",
    "Audit": "Free",
    "certificate": "Optional upgrade available",
    "courseLink": "https://www.edx.org/course/pre-university-calculus-2",
    "enrolled": "114,852 already enrolled! After a course session ends, it will be",
    "rating": 4.2,
    "image": "https://prod-discovery.edx-cdn.org/media/course/image/41e295ce-a84b-4952-a9a7-fa613201d896-43f61d701b2e.small.jpg"
  },
  {
    "name": "Advanced Statistical Inference and Modelling Using R",
    "level": "Intermediate",
    "desciption": "Extend your knowledge of linear regression to the situations where the response variable is binary, a count, or categorical as well as to hierarchical experimental set-up.",
    "catagory": "Math and Logic",
    "subCatagory": "Statistical Analysis in R",
    "time": "Estimated 6 weeks",
    "provider": "UCx",
    "source": "edx",
    "Audit": "Free",
    "certificate": "Optional upgrade available",
    "courseLink": "https://www.edx.org/course/advanced-statistical-inference-and-modelling-using-r",
    "enrolled": "After a course session ends, it will be",
    "rating": 4.3,
    "image": "https://prod-discovery.edx-cdn.org/media/course/image/d057237e-9d44-45b2-811b-b3c0a5c40447-f028a424ba58.small.jpeg"
  },
  {
    "name": "Basics of Statistical Inference and Modelling Using R",
    "level": "Intermediate",
    "desciption": "Learn why a statistical method works, how to implement it using R and when to apply it and where to look if the particular statistical method is not applicable in the specific situation.",
    "catagory": "Math and Logic",
    "subCatagory": "Statistical Analysis in R",
    "time": "Estimated 6 weeks",
    "provider": "UCx",
    "source": "edx",
    "Audit": "Free",
    "certificate": "Optional upgrade available",
    "courseLink": "https://www.edx.org/course/basics-of-statistical-inference-and-modelling-using-r",
    "enrolled": "After a course session ends, it will be",
    "rating": 4.3,
    "image": "https://prod-discovery.edx-cdn.org/media/course/image/e8be2a3c-85ef-4149-a1a3-ed5c8ee9462f-76bdb57540c6.small.jpeg"
  },
  {
    "name": "Bayesian Statistics",
    "level": "Intermediate",
    "desciption": "This course describes Bayesian statistics, in which one's inferences about parameters or hypotheses are updated as evidence accumulates. You will learn to use Bayes’ rule to transform prior probabilities into posterior probabilities, and be introduced to the underlying theory and perspective of the Bayesian paradigm. The course will apply Bayesian methods to several practical problems, to show end-to-end Bayesian analyses that move from framing the question to building models to eliciting prior probabilities to implementing in R (free statistical software) the final posterior distribution. Additionally, the course will introduce credible regions, Bayesian comparisons of means and proportions, Bayesian regression and inference using multiple models, and discussion of Bayesian prediction.",
    "catagory": "Math and Logic",
    "subCatagory": "Statistics & Probability",
    "time": "5 weeks long, 34 hours worth of material",
    "provider": "Duke University",
    "source": "Coursera",
    "Audit": "Free Online Course (Audit)",
    "certificate": "Paid Certificate Available",
    "courseLink": "https://www.classcentral.com/course/bayesian-6097",
    "enrolled": 442,
    "rating": 2.7,
    "image": "https://d3njjcbhbojbot.cloudfront.net/api/utilities/v1/imageproxy/https://coursera-university-assets.s3.amazonaws.com/6d/3cb3e06c357d40ef60000fb3d12d72/dukesquare_blue.png"
  },
  {
    "name": "Improving your statistical inferences",
    "level": "Intermediate",
    "desciption": "This course aims to help you to draw better statistical inferences from empirical research. First, we will discuss how to correctly interpret p-values, effect sizes, confidence intervals, Bayes Factors, and likelihood ratios, and how these statistics answer different questions you might be interested in. Then, you will learn how to design experiments where the false positive rate is controlled, and how to decide upon the sample size for your study, for example in order to achieve high statistical power. Subsequently, you will learn how to interpret evidence in the scientific literature given widespread publication bias, for example by learning about p-curve analysis. Finally, we will talk about how to do philosophy of science, theory construction, and cumulative science, including how to perform replication studies, why and how to pre-register your experiment, and how to share your results following Open Science principles.",
    "catagory": "Math and Logic",
    "subCatagory": "Statistics & Probability",
    "time": "8 weeks long, 27 hours worth of material",
    "provider": "Eindhoven University of Technology",
    "source": "Coursera",
    "Audit": "Free Online Course (Audit)",
    "certificate": "Paid Certificate Available",
    "courseLink": "https://www.classcentral.com/course/statistical-inferences-7353",
    "enrolled": "1.6k",
    "rating": 5,
    "image": "https://d3njjcbhbojbot.cloudfront.net/api/utilities/v1/imageproxy/http://coursera-university-assets.s3.amazonaws.com/8b/253ac0c9dc49ccb71797cd9fd02efe/TUe-logo-square-descriptor-stack-scarlet-S.png"
  },
  {
    "name": "Introduction to Enumerative Combinatorics",
    "level": "Intermediate",
    "desciption": "Enumerative combinatorics deals with finite sets and their cardinalities. In other words, a typical problem of enumerative combinatorics is to find the number of ways a certain pattern can be formed.",
    "catagory": "Math and Logic",
    "subCatagory": "Statistics & Probability",
    "time": "8 weeks long, 111 hours worth of material",
    "provider": "Higher School of Economics",
    "source": "Coursera",
    "Audit": "Free Online Course (Audit)",
    "certificate": "Paid Certificate Available",
    "courseLink": "https://www.classcentral.com/course/enumerative-combinatorics-7774",
    "enrolled": 579,
    "rating": 5,
    "image": "https://uarctic.vps02.fwstatic.download/media/1598511/higher-school-of-economics-university-russia-logo.jpg?mode=pad&width=1140&height=713&slimmage=true&bgcolor=fff&format=jpg&mode=boxpad&rnd=131710238560000000"
  },
  {
    "name": "Basic Statistics",
    "level": "Beginner",
    "desciption": "Understanding statistics is essential to understand research in the social and behavioral sciences. In this course you will learn the basics of statistics; not just how to calculate them, but also how to evaluate them. This course will also prepare you for the next course in the specialization - the course Inferential Statistics.",
    "catagory": "Math and Logic",
    "subCatagory": "Statistics & Probability",
    "time": "8 weeks long, 26 hours worth of material",
    "provider": "University of Amsterdam",
    "source": "Coursera",
    "Audit": "Free Online Course (Audit)",
    "certificate": "Paid Certificate Available",
    "courseLink": "https://www.classcentral.com/course/basic-statistics-4312",
    "enrolled": "2.1k",
    "rating": 3.6,
    "image": "https://d3njjcbhbojbot.cloudfront.net/api/utilities/v1/imageproxy/https://coursera-university-assets.s3.amazonaws.com/f1/af6dc222151573963d475759b27cb2/uva-logo.png"
  },
  {
    "name": "Bayesian Statistics: Techniques and Models",
    "level": "Intermediate",
    "desciption": "This is the second of a two-course sequence introducing the fundamentals of Bayesian statistics. It builds on the course Bayesian Statistics: From Concept to Data Analysis, which introduces Bayesian methods through use of simple conjugate models. Real-world data often require more sophisticated models to reach realistic conclusions. This course aims to expand our “Bayesian toolbox” with more general models, and computational techniques to fit them. In particular, we will introduce Markov chain Monte Carlo (MCMC) methods, which allow sampling from posterior distributions that have no analytical solution. We will use the open-source, freely available software R (some experience is assumed, e.g., completing the previous course in R) and JAGS (no experience required). We will learn how to construct, fit, assess, and compare Bayesian statistical models to answer scientific questions involving continuous, binary, and count data. This course combines lecture videos, computer demonstrations, readings, exercises, and discussion boards to create an active learning experience. The lectures provide some of the basic mathematical development, explanations of the statistical modeling process, and a few basic modeling techniques commonly used by statisticians. Computer demonstrations provide concrete, practical walkthroughs. Completion of this course will give you access to a wide range of Bayesian analytical tools, customizable to your data.",
    "catagory": "Math and Logic",
    "subCatagory": "Statistics & Probability",
    "time": "5 weeks long, 29 hours worth of material",
    "provider": "University of California, Santa Cruz",
    "source": "Coursera",
    "Audit": "Free Online Course (Audit)",
    "certificate": "Paid Certificate Available",
    "courseLink": "https://www.classcentral.com/course/mcmc-bayesian-statistics-8424",
    "enrolled": 245,
    "rating": 5,
    "image": "https://d3njjcbhbojbot.cloudfront.net/api/utilities/v1/imageproxy/http://coursera-university-assets.s3.amazonaws.com/e4/78778097e311e7bea119a82491d24d/UCSC_Coursera.png"
  },
  {
    "name": "Power and Sample Size for Multilevel and Longitudinal Study Designs",
    "level": "Intermediate",
    "desciption": "Power and Sample Size for Longitudinal and Multilevel Study Designs, a five-week, fully online course covers innovative, research-based power and sample size methods, and software for multilevel and longitudinal studies.  The power and sample size methods and software taught in this course can be used for any health-related, or more generally, social science-related (e.g., educational research) application.  All examples in the course videos are from real-world studies on behavioral and social science employing multilevel and longitudinal designs. The course philosophy is to focus on the conceptual knowledge to conduct power and sample size methods. The goal of the course is to teach and disseminate methods for accurate sample size choice, and ultimately, the creation of a power/sample size analysis for a relevant research study in your professional context.",
    "catagory": "Math and Logic",
    "subCatagory": "Statistics & Probability",
    "time": "5 weeks long, 23 hours worth of material",
    "provider": "University of Florida",
    "source": "Coursera",
    "Audit": "Free Online Course (Audit)",
    "certificate": "Paid Certificate Available",
    "courseLink": "https://www.classcentral.com/course/power-sample-size-14413",
    "enrolled": 43,
    "rating": 3,
    "image": "https://d3njjcbhbojbot.cloudfront.net/api/utilities/v1/imageproxy/https://coursera-university-assets.s3.amazonaws.com/03/7b32d11d53e0202002ef8a7127ed45/UF-logo-360.png"
  },
  {
    "name": "An Intuitive Introduction to Probability",
    "level": "Beginner",
    "desciption": "This course will provide you with a basic, intuitive and practical introduction into Probability Theory. You will be able to learn how to apply Probability Theory in different scenarios and you will earn a \"toolbox\" of methods to deal with uncertainty in your daily life.",
    "catagory": "Math and Logic",
    "subCatagory": "Statistics & Probability",
    "time": "5 weeks long, 29 hours worth of material",
    "provider": "University of Zurich",
    "source": "Coursera",
    "Audit": "Free Online Course (Audit)",
    "certificate": "Paid Certificate Available",
    "courseLink": "https://www.classcentral.com/course/introductiontoprobability-7792",
    "enrolled": 267,
    "rating": 4,
    "image": "https://d3njjcbhbojbot.cloudfront.net/api/utilities/v1/imageproxy/https://coursera-university-assets.s3.amazonaws.com/cc/953171de0d77c6e7b0db553f2ca932/uzh_logo_e_pos_360.png"
  }
]