[
  {
    "name": "Astrophysics: Exploring Exoplanets",
    "level": "Intermediate",
    "desciption": "Explore the mysteries of exoplanets - planets around other stars – in this introductory astrophysics course.",
    "catagory": "Physics",
    "subCatagory": "ANUx's Astrophysics",
    "time": "Estimated 9 weeks",
    "provider": "ANUx",
    "source": "edx",
    "Audit": "Free",
    "certificate": "Optional upgrade available",
    "courseLink": "https://www.edx.org/course/astrophysics-exploring-exoplanets",
    "enrolled": "50,773 already enrolled! After a course session ends, it will be",
    "rating": 4,
    "image": "https://prod-discovery.edx-cdn.org/media/course/image/317d3511-8666-4e32-aa11-feeee69dc969-df21e98cc968.small.jpg"
  },
  {
    "name": "Astrophysics: Cosmology",
    "level": "Intermediate",
    "desciption": "Exploring the origin, fate and nature of our universe.",
    "catagory": "Physics",
    "subCatagory": "ANUx's Astrophysics",
    "time": "Estimated 10 weeks",
    "provider": "ANUx",
    "source": "edx",
    "Audit": "Free",
    "certificate": "Optional upgrade available",
    "courseLink": "https://www.edx.org/course/astrophysics-cosmology",
    "enrolled": "89,477 already enrolled! After a course session ends, it will be",
    "rating": 4.4,
    "image": "https://prod-discovery.edx-cdn.org/media/course/image/477b458a-89e7-462f-ad00-c123101eb08c-4ea2a43c3bbf.small.jpg"
  },
  {
    "name": "Astrophysics: The Violent Universe",
    "level": "Intermediate",
    "desciption": "Explore the deadliest places in the universe, from black holes to supernovae.",
    "catagory": "Physics",
    "subCatagory": "ANUx's Astrophysics",
    "time": "Estimated 10 weeks",
    "provider": "ANUx",
    "source": "edx",
    "Audit": "Free",
    "certificate": "Optional upgrade available",
    "courseLink": "https://www.edx.org/course/astrophysics-the-violent-universe",
    "enrolled": "68,710 already enrolled! After a course session ends, it will be",
    "rating": 4.3,
    "image": "https://prod-discovery.edx-cdn.org/media/course/image/b9010185-e39e-4856-bfea-d47aa630b480-41240ee21d06.small.jpg"
  },
  {
    "name": "Greatest Unsolved Mysteries of the Universe",
    "level": "Intermediate",
    "desciption": "Exploring the biggest mysteries of modern astrophysics.",
    "catagory": "Physics",
    "subCatagory": "ANUx's Astrophysics",
    "time": "Estimated 9 weeks",
    "provider": "ANUx",
    "source": "edx",
    "Audit": "Free",
    "certificate": "Optional upgrade available",
    "courseLink": "https://www.edx.org/course/greatest-unsolved-mysteries-of-the-universe",
    "enrolled": "102,033 already enrolled! After a course session ends, it will be",
    "rating": 4.8,
    "image": "https://prod-discovery.edx-cdn.org/media/course/image/b91a36c0-1e7a-4b64-908a-3886d0b13cb7-0de993faa62f.small.jpg"
  },
  {
    "name": "Cement Chemistry and Sustainable Cementitious Materials",
    "level": "Intermediate",
    "desciption": "Learn the basics of cement chemistry and laboratory best practices for assessment of its key properties.",
    "catagory": "Physics",
    "subCatagory": "Others",
    "time": "Estimated 6 weeks",
    "provider": "EPFLx",
    "source": "edx",
    "Audit": "Free",
    "certificate": "Optional upgrade available",
    "courseLink": "https://www.edx.org/course/cement-chemistry-and-sustainable-cementitious-mate",
    "enrolled": "7,051 already enrolled! After a course session ends, it will be",
    "rating": 4.1,
    "image": "https://prod-discovery.edx-cdn.org/media/course/image/2df17b08-a8b4-4b41-a493-e0507ec35915-78da70875137.small.jpg"
  },
  {
    "name": "The Radio Sky II: Observational Radio Astronomy",
    "level": "Advanced",
    "desciption": "This course covers the principles and practices of radio astronomical observations, in particular with modern interferometers. Topics range from radio telescope technology to the measurement equation to radio interferometric calibration and imaging.",
    "catagory": "Physics",
    "subCatagory": "Others",
    "time": "Estimated 7 weeks",
    "provider": "EPFLx",
    "source": "edx",
    "Audit": "Free",
    "certificate": "Optional upgrade available",
    "courseLink": "https://www.edx.org/course/the-radio-sky-ii-observational-radio-astronomy",
    "enrolled": "After a course session ends, it will be",
    "rating": 4.1,
    "image": "https://prod-discovery.edx-cdn.org/media/course/image/2ffb0151-2750-4a5a-9f32-0d196fd68631-8059d64d8c2b.small.jpeg"
  },
  {
    "name": "Introduction to Astrophysics",
    "level": "Introductory",
    "desciption": "Learn about the physical phenomena at play in astronomical objects and link theoretical predictions to observations.",
    "catagory": "Physics",
    "subCatagory": "Others",
    "time": "Estimated 7 weeks",
    "provider": "EPFLx",
    "source": "edx",
    "Audit": "Free",
    "certificate": "Optional upgrade available",
    "courseLink": "https://www.edx.org/course/introduction-to-astrophysics",
    "enrolled": "27,975 already enrolled! After a course session ends, it will be",
    "rating": 4.2,
    "image": "https://prod-discovery.edx-cdn.org/media/course/image/6764478c-a96d-4e87-a6de-c1100af2ac70-97828fa82bea.small.jpg"
  },
  {
    "name": "The Radio Sky I: Science and Observations",
    "level": "Intermediate",
    "desciption": "Be captivated by the exotic objects that populate the Radio Sky and gain a solid understanding of their physics and the fundamental techniques we use to observe them.",
    "catagory": "Physics",
    "subCatagory": "Others",
    "time": "Estimated 7 weeks",
    "provider": "EPFLx",
    "source": "edx",
    "Audit": "Free",
    "certificate": "Optional upgrade available",
    "courseLink": "https://www.edx.org/course/radio-sky-1",
    "enrolled": "After a course session ends, it will be",
    "rating": 4.1,
    "image": "https://prod-discovery.edx-cdn.org/media/course/image/7c0466e5-be3b-4307-ab61-16f55a6639bb-140d5cd69897.small.jpeg"
  },
  {
    "name": "Cavity Quantum Optomechanics",
    "level": "Intermediate",
    "desciption": "Fundamentals of optomechanics. Basic principles, recent developments and applications.",
    "catagory": "Physics",
    "subCatagory": "Others",
    "time": "Estimated 6 weeks",
    "provider": "EPFLx",
    "source": "edx",
    "Audit": "Free",
    "certificate": "Optional upgrade available",
    "courseLink": "https://www.edx.org/course/cavity-quantum-optomechanics",
    "enrolled": "After a course session ends, it will be",
    "rating": 4.2,
    "image": "https://prod-discovery.edx-cdn.org/media/course/image/7c2fffbc-046b-4e30-be81-37ba35da4a0d-232dfca3e272.small.jpeg"
  },
  {
    "name": "Quantum Mechanics",
    "level": "Intermediate",
    "desciption": "Learn the quantum mechanics needed to prepare you for the second quantum revolution (focused on quantum sensing). We use a new way to teach quantum for undergraduates by focusing on conceptual ideas and operator manipulations. This allows us to discuss more applications to experiment usually done. You need a background in the full calculus sequence and",
    "catagory": "Physics",
    "subCatagory": "Others",
    "time": "Estimated 18 weeks",
    "provider": "GeorgetownX",
    "source": "edx",
    "Audit": "Free",
    "certificate": "Optional upgrade available",
    "courseLink": "https://www.edx.org/course/quantum-mechanics",
    "enrolled": "After a course session ends, it will be",
    "rating": 4.2,
    "image": "https://prod-discovery.edx-cdn.org/media/course/image/3ff88479-164d-412c-854e-652555aa3232-e82125238702.small.jpeg"
  },
  {
    "name": "Stochastic Processes: Data Analysis and Computer Simulation",
    "level": "Intermediate",
    "desciption": "The course deals with how to simulate and analyze stochastic processes, in particular the dynamics of small particles diffusing in a fluid.",
    "catagory": "Physics",
    "subCatagory": "Others",
    "time": "Estimated 6 weeks",
    "provider": "KyotoUx",
    "source": "edx",
    "Audit": "Free",
    "certificate": "Optional upgrade available",
    "courseLink": "https://www.edx.org/course/stochastic-processes-data-analysis-and-computer-si",
    "enrolled": "18,392 already enrolled! After a course session ends, it will be",
    "rating": 4.3,
    "image": "https://prod-discovery.edx-cdn.org/media/course/image/9367be43-b1cc-4401-9683-d66f6b63a098-a5a48dbfb991.small.jpg"
  },
  {
    "name": "Nuclear Facilities: Regulations and Licensing",
    "level": "Intermediate",
    "desciption": "Regulations of operating a nuclear facility. Licensing process and requirements. Transport and physical protection of nuclear and radioactive material.",
    "catagory": "Physics",
    "subCatagory": "Others",
    "time": "Estimated 6 weeks",
    "provider": "MEPhIx",
    "source": "edx",
    "Audit": "Free",
    "certificate": "Optional upgrade available",
    "courseLink": "https://www.edx.org/course/nuclear-facilities-regulations-and-licensing",
    "enrolled": "After a course session ends, it will be",
    "rating": 4.9,
    "image": "https://prod-discovery.edx-cdn.org/media/course/image/12998791-3d78-41c4-8175-90b24482ee83-d41645368b0c.small.png"
  },
  {
    "name": "Introduction to the Theory of Ferromagnetism",
    "level": "Intermediate",
    "desciption": "The course provides the physical foundations for second order phase transitions on the example of paramagnetic/ferromagnetic transition.",
    "catagory": "Physics",
    "subCatagory": "Others",
    "time": "Estimated 7 weeks",
    "provider": "MEPhIx",
    "source": "edx",
    "Audit": "Free",
    "certificate": "Optional upgrade available",
    "courseLink": "https://www.edx.org/course/introduction-to-the-theory-of-ferromagnetism",
    "enrolled": "After a course session ends, it will be",
    "rating": 4,
    "image": "https://prod-discovery.edx-cdn.org/media/course/image/7234c680-f9d5-45f7-a330-54e082d166c2-c5628a283cd3.small.png"
  },
  {
    "name": "Basic Concepts of International Nuclear Law",
    "level": "Introductory",
    "desciption": "What is international nuclear law? What aspects of international cooperation exist in this direction? You will learn about this in our course.",
    "catagory": "Physics",
    "subCatagory": "Others",
    "time": "Estimated 5 weeks",
    "provider": "MEPhIx",
    "source": "edx",
    "Audit": "Free",
    "certificate": "Optional upgrade available",
    "courseLink": "https://www.edx.org/course/basic-concepts-of-international-nuclear-law",
    "enrolled": "After a course session ends, it will be",
    "rating": 5,
    "image": "https://prod-discovery.edx-cdn.org/media/course/image/960049bd-6ccf-4ce2-9fc0-89fc54a38386-53c976257cc9.small.png"
  },
  {
    "name": "Introduction to the Modern Nanotechnology",
    "level": "Introductory",
    "desciption": "The aim of the course is a basic acquaintance with the concepts and approaches used in the field of nanomaterials design, fabrication and analysis. The course examines the physical basis of modern nanotechnology from the standpoint of semiconductor physics and quantum mechanics. The range of issues covered includes nanosystems classification by dimension, consideration of \"bottom-up\" and \"from top down\" approaches, examples of nanomaterials and nanosystems properties changes, the basis of practical device fabrication technologies for electronics, microwave photonics and photovoltaics, as well as the most important techniques for nanomaterial and device characterization.",
    "catagory": "Physics",
    "subCatagory": "Others",
    "time": "Estimated 8 weeks",
    "provider": "MEPhIx",
    "source": "edx",
    "Audit": "Free",
    "certificate": "Optional upgrade available",
    "courseLink": "https://www.edx.org/course/introduction-to-the-modern-nanotechnology",
    "enrolled": "After a course session ends, it will be",
    "rating": 4.6,
    "image": "https://prod-discovery.edx-cdn.org/media/course/image/acd804cf-8784-452e-8baa-f8c5329d579a-ba3c623d6d91.small.jpeg"
  },
  {
    "name": "From Atoms to Stars: How Physics Explains Our World",
    "level": "Intermediate",
    "desciption": "Explore the universe through physics from the smallest micro particle to the vastness of galaxies.",
    "catagory": "Physics",
    "subCatagory": "Others",
    "time": "Estimated 4 weeks",
    "provider": "MEPhIx",
    "source": "edx",
    "Audit": "Free",
    "certificate": "Optional upgrade available",
    "courseLink": "https://www.edx.org/course/from-atoms-to-stars-how-physics-explains-our-world",
    "enrolled": "18,541 already enrolled! After a course session ends, it will be",
    "rating": 4.4,
    "image": "https://prod-discovery.edx-cdn.org/media/course/image/e9564b2d-40b2-4658-9961-e4cd6f3924ea-5c9681e901ef.small.jpg"
  },
  {
    "name": "Applications of Quantum Mechanics",
    "level": "Advanced",
    "desciption": "This course focuses on essential techniques needed for practical applications and research in Quantum Mechanics. We introduce a variety of approximation methods to understand systems that have no analytic solutions.",
    "catagory": "Physics",
    "subCatagory": "Others",
    "time": "Estimated 19 weeks",
    "provider": "MITx",
    "source": "edx",
    "Audit": "Free",
    "certificate": "Optional upgrade available",
    "courseLink": "https://www.edx.org/course/applications-of-quantum-mechanics",
    "enrolled": "7,500 already enrolled! After a course session ends, it will be",
    "rating": 4.3,
    "image": "https://prod-discovery.edx-cdn.org/media/course/image/cf2b80cf-5e43-42d3-8b88-d8fa64160a3c-910200e891b2.small.jpg"
  },
  {
    "name": "AP Physics 1",
    "level": "Introductory",
    "desciption": "A self-paced, comprehensive course to prepare you for the AP Physics 1 exam.",
    "catagory": "Physics",
    "subCatagory": "Others",
    "time": "Estimated 18 weeks",
    "provider": "RICEx",
    "source": "edx",
    "Audit": "Free",
    "certificate": "Optional upgrade available",
    "courseLink": "https://www.edx.org/course/ap-physics-1",
    "enrolled": "53,172 already enrolled! After a course session ends, it will be",
    "rating": 4.2,
    "image": "https://prod-discovery.edx-cdn.org/media/course/image/73d9af3d-6f6d-4aeb-ba96-bc8dac9a9a00-567975c8ce1b.small.jpg"
  },
  {
    "name": "Quantum Mechanics of Molecular Structures",
    "level": "Intermediate",
    "desciption": "Learn two methods used to determine molecular structures and their properties in this introduction to Quantum Mechanics.",
    "catagory": "Physics",
    "subCatagory": "Others",
    "time": "Estimated 6 weeks",
    "provider": "UTokyoX",
    "source": "edx",
    "Audit": "Free",
    "certificate": "Optional upgrade available",
    "courseLink": "https://www.edx.org/course/quantum-mechanics-of-molecular-structures",
    "enrolled": "23,432 already enrolled! After a course session ends, it will be",
    "rating": 5,
    "image": "https://prod-discovery.edx-cdn.org/media/course/image/045e63a4-9ab8-4569-9fe6-713e84698dc1-483dbccd1e0a.small.jpg"
  },
  {
    "name": "Cosmic Rays, Dark Matter, and the Mysteries of the Universe",
    "level": "Intermediate",
    "desciption": "Join us on a unique exploration of one of the universe’s deepest mysteries: cosmic rays",
    "catagory": "Physics",
    "subCatagory": "Others",
    "time": "Estimated 4 weeks",
    "provider": "WasedaX",
    "source": "edx",
    "Audit": "Free",
    "certificate": "Optional upgrade available",
    "courseLink": "https://www.edx.org/course/cosmic-rays-dark-matter-and-the-mysteries-of-the-2",
    "enrolled": "13,412 already enrolled! After a course session ends, it will be",
    "rating": 4.4,
    "image": "https://prod-discovery.edx-cdn.org/media/course/image/a1d5bc62-76e2-4dcf-915e-2f46f0313fac-b7daebc1142b.small.jpg"
  },
  {
    "name": "Architecture, Algorithms, and Protocols of a Quantum Computer and Quantum Internet",
    "level": "Intermediate",
    "desciption": "Learn the basics of quantum algorithms, quantum error-correction, micro-architectures, compilers, and programming languages for quantum processors, and protocols for the quantum internet.",
    "catagory": "Physics",
    "subCatagory": "Quantum Computing & Internet",
    "time": "Estimated 6 weeks",
    "provider": "DelftX",
    "source": "edx",
    "Audit": "Free",
    "certificate": "Optional upgrade available",
    "courseLink": "https://www.edx.org/course/architecture-algorithms-quantum-computer-internet",
    "enrolled": "10,432 already enrolled! After a course session ends, it will be",
    "rating": 4.5,
    "image": "https://prod-discovery.edx-cdn.org/media/course/image/16974953-ed0c-4c5b-87f5-4f71b7fe10a6-791982f0caed.small.jpg"
  },
  {
    "name": "The Hardware of a Quantum Computer",
    "level": "Intermediate",
    "desciption": "Learn how a quantum computer could be physically build, and how it could be controlled.",
    "catagory": "Physics",
    "subCatagory": "Quantum Computing & Internet",
    "time": "Estimated 6 weeks",
    "provider": "DelftX",
    "source": "edx",
    "Audit": "Free",
    "certificate": "Optional upgrade available",
    "courseLink": "https://www.edx.org/course/hardware-of-quantum-computer",
    "enrolled": "23,730 already enrolled! After a course session ends, it will be",
    "rating": 4.6,
    "image": "https://prod-discovery.edx-cdn.org/media/course/image/3f2d9b25-40be-4cd8-898c-6a1b8637bfec-314a1f1b0305.small.jpg"
  },
  {
    "name": "Quantum Networking",
    "level": "Intermediate",
    "desciption": "Learn about the science and engineering of future quantum networks whose security is guaranteed by laws of quantum physics.",
    "catagory": "Physics",
    "subCatagory": "Quantum Technology: Detectors and Networking",
    "time": "Estimated 6 weeks",
    "provider": "PurdueX",
    "source": "edx",
    "Audit": "Free",
    "certificate": "Optional upgrade available",
    "courseLink": "https://www.edx.org/course/quantum-networking",
    "enrolled": "After a course session ends, it will be",
    "rating": 4.7,
    "image": "https://prod-discovery.edx-cdn.org/media/course/image/b81de8b3-72e4-4153-a94e-431fa01072d3-c570826bfffa.small.png"
  },
  {
    "name": "Pre-University Physics",
    "level": "Introductory",
    "desciption": "Prepare for your technical studies by reviewing the fundamentals of physics. Become familiar with the way physics and physics-related topics are taught at university level.",
    "catagory": "Physics",
    "subCatagory": "Science and Engineering Prep: Pre-university Calculus and Physics.",
    "time": "Estimated 5 weeks",
    "provider": "DelftX",
    "source": "edx",
    "Audit": "Free",
    "certificate": "Optional upgrade available",
    "courseLink": "https://www.edx.org/course/pre-university-physics",
    "enrolled": "5,703 already enrolled! After a course session ends, it will be",
    "rating": 4.6,
    "image": "https://prod-discovery.edx-cdn.org/media/course/image/32368d50-bf31-4696-98f8-35626e988116-b4ff1b6fab91.small.jpeg"
  },
  {
    "name": "Science & Cooking: From Haute Cuisine to Soft Matter Science (physics)",
    "level": "Introductory",
    "desciption": "Top chefs and Harvard researchers explore how traditional and modernist cooking techniques can illuminate basic principles in chemistry, physics, and engineering. Learn about elasticity, viscosity, mayonnaise, baking, and more!",
    "catagory": "Physics",
    "subCatagory": "The Science of Cooking",
    "time": "Estimated 16 weeks",
    "provider": "HarvardX",
    "source": "edx",
    "Audit": "Free",
    "certificate": "Optional upgrade available",
    "courseLink": "https://www.edx.org/course/science-cooking-from-haute-cuisine-to-soft-matte-2",
    "enrolled": "76,298 already enrolled! After a course session ends, it will be",
    "rating": 4,
    "image": "https://prod-discovery.edx-cdn.org/media/course/image/c0ac1bf7-6791-4bb9-9e0b-ff0fda69b898-f5d20eae6c71.small.jpg"
  }
]